Latitude (decimal degrees):	58.641
Longitude (decimal degrees):	6.578
Elevation (m):	463
Radiation database:	PVGIS-SARAH3


Slope: 40 deg. (optimum)
Azimuth: 13 deg. (optimum)
time,G(i),H_sun,T2m,WS10m,Int
20220101:0011,0.0,0.0,1.61,1.86,0.0
20220101:0111,0.0,0.0,1.5,1.72,0.0
20220101:0211,0.0,0.0,1.24,1.59,0.0
20220101:0311,0.0,0.0,1.58,1.1,0.0
20220101:0411,0.0,0.0,0.44,1.59,0.0
20220101:0511,0.0,0.0,0.2,1.52,0.0
20220101:0611,0.0,0.0,-0.02,1.66,0.0
20220101:0711,0.0,0.0,-0.89,1.72,0.0
20220101:0811,0.0,0.0,-0.29,1.93,0.0
20220101:0911,1.69,2.96,0.22,2.28,0.0
20220101:1011,21.95,6.44,0.01,2.21,0.0
20220101:1111,9.08,8.18,0.34,2.41,0.0
20220101:1211,19.97,8.04,0.63,2.62,0.0
20220101:1311,57.26,6.04,0.5,2.83,0.0
20220101:1411,1.82,2.34,0.23,3.1,0.0
20220101:1511,0.0,0.0,0.0,3.1,0.0
20220101:1611,0.0,0.0,-0.07,2.48,0.0
20220101:1711,0.0,0.0,-0.09,2.14,0.0
20220101:1811,0.0,0.0,0.01,1.86,0.0
20220101:1911,0.0,0.0,0.67,1.03,0.0
20220101:2011,0.0,0.0,0.83,0.97,0.0
20220101:2111,0.0,0.0,0.99,0.9,0.0
20220101:2211,0.0,0.0,1.76,0.62,0.0
20220101:2311,0.0,0.0,2.44,0.97,0.0
20220102:0011,0.0,0.0,2.27,1.52,0.0
20220102:0111,0.0,0.0,2.42,1.72,0.0
20220102:0211,0.0,0.0,2.61,1.93,0.0
20220102:0311,0.0,0.0,2.78,2.28,0.0
20220102:0411,0.0,0.0,3.1,2.55,0.0
20220102:0511,0.0,0.0,2.8,2.07,0.0
20220102:0611,0.0,0.0,3.01,2.0,0.0
20220102:0711,0.0,0.0,3.03,1.79,0.0
20220102:0811,0.0,0.0,3.15,1.66,0.0
20220102:0911,6.75,3.01,3.0,1.59,0.0
20220102:1011,37.99,6.5,3.55,1.24,0.0
20220102:1111,29.96,8.25,3.93,1.1,0.0
20220102:1211,9.99,8.13,3.14,1.45,0.0
20220102:1311,373.19,6.15,2.84,1.72,0.0
20220102:1411,1.82,2.45,2.95,1.66,0.0
20220102:1511,0.0,0.0,2.9,1.45,0.0
20220102:1611,0.0,0.0,2.61,1.59,0.0
20220102:1711,0.0,0.0,2.51,1.66,0.0
20220102:1811,0.0,0.0,2.25,1.93,0.0
20220102:1911,0.0,0.0,2.36,2.21,0.0
20220102:2011,0.0,0.0,2.03,1.79,0.0
20220102:2111,0.0,0.0,1.76,1.45,0.0
20220102:2211,0.0,0.0,1.63,1.24,0.0
20220102:2311,0.0,0.0,1.64,0.97,0.0
20220103:0011,0.0,0.0,1.48,0.9,0.0
20220103:0111,0.0,0.0,1.78,1.24,0.0
20220103:0211,0.0,0.0,1.53,1.31,0.0
20220103:0311,0.0,0.0,1.41,1.52,0.0
20220103:0411,0.0,0.0,1.36,1.45,0.0
20220103:0511,0.0,0.0,1.35,1.59,0.0
20220103:0611,0.0,0.0,1.47,1.72,0.0
20220103:0711,0.0,0.0,2.52,2.97,0.0
20220103:0811,0.0,0.0,2.26,2.41,0.0
20220103:0911,2.53,3.06,2.03,2.76,0.0
20220103:1011,23.64,6.57,2.5,2.83,0.0
20220103:1111,9.08,8.34,2.41,2.48,0.0
20220103:1211,15.43,8.24,2.76,2.9,0.0
20220103:1311,226.51,6.26,2.16,2.0,0.0
20220103:1411,7.26,2.57,1.11,2.55,0.0
20220103:1511,0.0,0.0,0.13,3.45,0.0
20220103:1611,0.0,0.0,-0.97,3.24,0.0
20220103:1711,0.0,0.0,-2.09,3.03,0.0
20220103:1811,0.0,0.0,-2.62,3.03,0.0
20220103:1911,0.0,0.0,-2.71,2.76,0.0
20220103:2011,0.0,0.0,-2.37,2.69,0.0
20220103:2111,0.0,0.0,-2.11,2.69,0.0
20220103:2211,0.0,0.0,-1.9,2.97,0.0
20220103:2311,0.0,0.0,-1.56,3.31,0.0
20220104:0011,0.0,0.0,-1.27,3.66,0.0
20220104:0111,0.0,0.0,-1.13,3.66,0.0
20220104:0211,0.0,0.0,-0.83,3.52,0.0
20220104:0311,0.0,0.0,-0.39,3.52,0.0
20220104:0411,0.0,0.0,-0.85,3.66,0.0
20220104:0511,0.0,0.0,-0.81,2.48,0.0
20220104:0611,0.0,0.0,-0.81,2.48,0.0
20220104:0711,0.0,0.0,-1.18,2.97,0.0
20220104:0811,0.0,0.0,-1.37,2.34,0.0
20220104:0911,13.51,3.13,-1.22,2.14,0.0
20220104:1011,6.75,6.65,-0.77,2.48,0.0
20220104:1111,16.34,8.44,-1.07,2.14,0.0
20220104:1211,105.66,8.34,-0.82,2.41,0.0
20220104:1311,10.89,6.38,-1.16,2.21,0.0
20220104:1411,1.82,2.7,-1.76,1.52,0.0
20220104:1511,0.0,0.0,-2.28,1.52,0.0
20220104:1611,0.0,0.0,-2.99,1.45,0.0
20220104:1711,0.0,0.0,-3.13,1.38,0.0
20220104:1811,0.0,0.0,-2.97,1.52,0.0
20220104:1911,0.0,0.0,-2.97,1.66,0.0
20220104:2011,0.0,0.0,-2.37,1.52,0.0
20220104:2111,0.0,0.0,-2.47,1.59,0.0
20220104:2211,0.0,0.0,-2.4,1.66,0.0
20220104:2311,0.0,0.0,-1.85,1.66,0.0
20220105:0011,0.0,0.0,-1.25,1.79,0.0
20220105:0111,0.0,0.0,-1.31,1.24,0.0
20220105:0211,0.0,0.0,-1.09,1.1,0.0
20220105:0311,0.0,0.0,-1.78,1.45,0.0
20220105:0411,0.0,0.0,-2.51,1.59,0.0
20220105:0511,0.0,0.0,-4.21,1.93,0.0
20220105:0611,0.0,0.0,-5.1,2.0,0.0
20220105:0711,0.0,0.0,-6.65,2.14,0.0
20220105:0811,0.0,0.0,-7.01,2.14,0.0
20220105:0911,2.53,3.2,-6.4,2.0,0.0
20220105:1011,32.92,6.74,-6.21,2.0,0.0
20220105:1111,46.51,8.54,-5.98,2.0,0.0
20220105:1211,90.22,8.46,-5.67,1.93,0.0
20220105:1311,200.16,6.51,-6.03,2.07,0.0
20220105:1411,1.82,2.84,-6.53,2.21,0.0
20220105:1511,0.0,0.0,-6.82,2.21,0.0
20220105:1611,0.0,0.0,-6.78,2.21,0.0
20220105:1711,0.0,0.0,-7.35,2.28,0.0
20220105:1811,0.0,0.0,-7.79,2.34,0.0
20220105:1911,0.0,0.0,-6.93,2.28,0.0
20220105:2011,0.0,0.0,-7.02,2.28,0.0
20220105:2111,0.0,0.0,-6.99,2.21,0.0
20220105:2211,0.0,0.0,-6.76,2.14,0.0
20220105:2311,0.0,0.0,-6.67,2.07,0.0
20220106:0011,0.0,0.0,-6.64,2.07,0.0
20220106:0111,0.0,0.0,-6.72,2.07,0.0
20220106:0211,0.0,0.0,-6.37,2.0,0.0
20220106:0311,0.0,0.0,-6.42,2.0,0.0
20220106:0411,0.0,0.0,-6.49,1.93,0.0
20220106:0511,0.0,0.0,-6.72,1.93,0.0
20220106:0611,0.0,0.0,-7.18,1.93,0.0
20220106:0711,0.0,0.0,-8.39,2.07,0.0
20220106:0811,0.0,0.0,-7.55,1.86,0.0
20220106:0911,2.53,3.28,-8.13,1.86,0.0
20220106:1011,6.75,6.83,-7.83,1.72,0.0
20220106:1111,9.99,8.65,-7.1,1.59,0.0
20220106:1211,9.99,8.58,-6.56,1.52,0.0
20220106:1311,12.71,6.64,-6.51,1.38,0.0
20220106:1411,5.45,2.98,-6.89,1.59,0.0
20220106:1511,0.0,0.0,-8.66,1.86,0.0
20220106:1611,0.0,0.0,-8.71,1.93,0.0
20220106:1711,0.0,0.0,-7.96,1.93,0.0
20220106:1811,0.0,0.0,-7.02,2.0,0.0
20220106:1911,0.0,0.0,-6.09,1.93,0.0
20220106:2011,0.0,0.0,-6.03,2.14,0.0
20220106:2111,0.0,0.0,-5.63,2.21,0.0
20220106:2211,0.0,0.0,-5.37,2.21,0.0
20220106:2311,0.0,0.0,-4.95,2.28,0.0
20220107:0011,0.0,0.0,-4.46,2.14,0.0
20220107:0111,0.0,0.0,-4.04,2.34,0.0
20220107:0211,0.0,0.0,-3.64,2.34,0.0
20220107:0311,0.0,0.0,-3.36,2.14,0.0
20220107:0411,0.0,0.0,-3.04,2.41,0.0
20220107:0511,0.0,0.0,-2.9,2.62,0.0
20220107:0611,0.0,0.0,-2.58,2.28,0.0
20220107:0711,0.0,0.0,-2.21,2.14,0.0
20220107:0811,0.0,0.0,-1.96,2.21,0.0
20220107:0911,14.35,3.37,-1.8,2.07,0.0
20220107:1011,9.29,6.93,-1.87,2.0,0.0
20220107:1111,9.99,8.76,-1.44,1.86,0.0
20220107:1211,9.99,8.71,-1.58,1.79,0.0
20220107:1311,7.26,6.78,-1.72,1.72,0.0
20220107:1411,203.46,3.12,-2.51,1.79,0.0
20220107:1511,0.0,0.0,-2.89,1.72,0.0
20220107:1611,0.0,0.0,-2.92,1.72,0.0
20220107:1711,0.0,0.0,-3.52,1.66,0.0
20220107:1811,0.0,0.0,-3.31,1.45,0.0
20220107:1911,0.0,0.0,-2.64,1.79,0.0
20220107:2011,0.0,0.0,-2.93,1.86,0.0
20220107:2111,0.0,0.0,-3.13,1.93,0.0
20220107:2211,0.0,0.0,-3.23,2.21,0.0
20220107:2311,0.0,0.0,-2.7,2.07,0.0
20220108:0011,0.0,0.0,-2.7,2.0,0.0
20220108:0111,0.0,0.0,-3.09,1.86,0.0
20220108:0211,0.0,0.0,-3.36,1.59,0.0
20220108:0311,0.0,0.0,-3.1,1.45,0.0
20220108:0411,0.0,0.0,-3.16,1.38,0.0
20220108:0511,0.0,0.0,-3.03,1.24,0.0
20220108:0611,0.0,0.0,-3.08,1.1,0.0
20220108:0711,0.0,0.0,-2.46,0.76,0.0
20220108:0811,0.0,0.0,-2.64,0.76,0.0
20220108:0911,4.22,3.46,-2.84,0.9,0.0
20220108:1011,14.35,7.04,-2.63,0.83,0.0
20220108:1111,251.28,8.89,-2.81,1.1,0.0
20220108:1211,90.49,8.85,-2.75,1.79,0.0
20220108:1311,13.62,6.93,-2.76,1.52,0.0
20220108:1411,2.72,3.28,-3.15,1.52,0.0
20220108:1511,0.0,0.0,-3.66,1.66,0.0
20220108:1611,0.0,0.0,-3.5,2.07,0.0
20220108:1711,0.0,0.0,-3.34,2.76,0.0
20220108:1811,0.0,0.0,-3.33,3.31,0.0
20220108:1911,0.0,0.0,-3.28,3.17,0.0
20220108:2011,0.0,0.0,-3.46,3.31,0.0
20220108:2111,0.0,0.0,-3.44,4.21,0.0
20220108:2211,0.0,0.0,-3.55,4.62,0.0
20220108:2311,0.0,0.0,-3.58,4.97,0.0
20220109:0011,0.0,0.0,-3.6,4.9,0.0
20220109:0111,0.0,0.0,-3.69,5.1,0.0
20220109:0211,0.0,0.0,-3.68,5.31,0.0
20220109:0311,0.0,0.0,-3.48,5.45,0.0
20220109:0411,0.0,0.0,-3.2,5.45,0.0
20220109:0511,0.0,0.0,-2.89,5.52,0.0
20220109:0611,0.0,0.0,-2.6,5.45,0.0
20220109:0711,0.0,0.0,-2.15,5.86,0.0
20220109:0811,0.0,0.0,-2.13,5.86,0.0
20220109:0911,2.53,3.56,-2.09,5.72,0.0
20220109:1011,19.42,7.16,-2.08,5.59,0.0
20220109:1111,51.75,9.02,-2.06,5.59,0.0
20220109:1211,117.83,8.99,-2.13,5.66,0.0
20220109:1311,25.42,7.08,-2.26,5.66,0.0
20220109:1411,2.72,3.44,-2.39,5.72,0.0
20220109:1511,0.0,0.0,-2.6,5.45,0.0
20220109:1611,0.0,0.0,-2.71,5.38,0.0
20220109:1711,0.0,0.0,-2.87,5.45,0.0
20220109:1811,0.0,0.0,-2.99,5.38,0.0
20220109:1911,0.0,0.0,-2.32,5.24,0.0
20220109:2011,0.0,0.0,-2.39,5.1,0.0
20220109:2111,0.0,0.0,-2.2,5.1,0.0
20220109:2211,0.0,0.0,-2.08,5.17,0.0
20220109:2311,0.0,0.0,-1.96,5.17,0.0
20220110:0011,0.0,0.0,-2.26,5.17,0.0
20220110:0111,0.0,0.0,-2.74,5.17,0.0
20220110:0211,0.0,0.0,-2.92,5.03,0.0
20220110:0311,0.0,0.0,-3.13,4.83,0.0
20220110:0411,0.0,0.0,-3.34,4.55,0.0
20220110:0511,0.0,0.0,-3.46,4.41,0.0
20220110:0611,0.0,0.0,-3.25,4.34,0.0
20220110:0711,0.0,0.0,-2.02,4.55,0.0
20220110:0811,0.0,0.0,-2.16,4.28,0.0
20220110:0911,2.53,3.67,-2.38,4.0,0.0
20220110:1011,6.75,7.28,-2.06,4.28,0.0
20220110:1111,9.99,9.16,-1.78,4.14,0.0
20220110:1211,9.99,9.15,-1.49,4.07,0.0
20220110:1311,7.26,7.24,-1.5,2.83,0.0
20220110:1411,2.72,3.61,-1.38,3.72,0.0
20220110:1511,0.0,0.0,-1.44,3.52,0.0
20220110:1611,0.0,0.0,-1.6,3.24,0.0
20220110:1711,0.0,0.0,-1.58,3.31,0.0
20220110:1811,0.0,0.0,-1.86,3.17,0.0
20220110:1911,0.0,0.0,-1.4,3.03,0.0
20220110:2011,0.0,0.0,-1.44,3.24,0.0
20220110:2111,0.0,0.0,-1.45,3.1,0.0
20220110:2211,0.0,0.0,-1.4,2.69,0.0
20220110:2311,0.0,0.0,-1.21,2.34,0.0
20220111:0011,0.0,0.0,-0.94,2.41,0.0
20220111:0111,0.0,0.0,-0.31,3.31,0.0
20220111:0211,0.0,0.0,0.13,3.24,0.0
20220111:0311,0.0,0.0,0.54,3.24,0.0
20220111:0411,0.0,0.0,1.05,3.59,0.0
20220111:0511,0.0,0.0,1.44,3.24,0.0
20220111:0611,0.0,0.0,1.6,3.59,0.0
20220111:0711,0.0,0.0,1.55,3.17,0.0
20220111:0811,0.0,0.0,1.53,2.62,0.0
20220111:0911,19.42,3.79,1.52,2.34,0.0
20220111:1011,8.44,7.42,1.47,1.66,0.0
20220111:1111,464.45,9.31,2.19,0.9,0.0
20220111:1211,29.05,9.3,1.72,1.24,0.0
20220111:1311,16.34,7.41,1.42,1.72,0.0
20220111:1411,2.72,3.78,1.03,1.93,0.0
20220111:1511,0.0,0.0,-0.57,1.72,0.0
20220111:1611,0.0,0.0,-0.78,1.59,0.0
20220111:1711,0.0,0.0,-0.17,1.31,0.0
20220111:1811,0.0,0.0,-0.18,1.03,0.0
20220111:1911,0.0,0.0,-3.63,0.83,0.0
20220111:2011,0.0,0.0,-1.55,0.48,0.0
20220111:2111,0.0,0.0,-0.09,0.48,0.0
20220111:2211,0.0,0.0,0.07,1.17,0.0
20220111:2311,0.0,0.0,0.05,1.52,0.0
20220112:0011,0.0,0.0,0.44,1.52,0.0
20220112:0111,0.0,0.0,0.85,1.86,0.0
20220112:0211,0.0,0.0,1.15,2.0,0.0
20220112:0311,0.0,0.0,1.82,2.21,0.0
20220112:0411,0.0,0.0,1.81,2.48,0.0
20220112:0511,0.0,0.0,2.03,2.9,0.0
20220112:0611,0.0,0.0,2.3,3.38,0.0
20220112:0711,0.0,0.0,2.41,3.24,0.0
20220112:0811,0.0,0.0,2.62,3.52,0.0
20220112:0911,4.22,3.91,2.82,3.59,0.0
20220112:1011,7.6,7.55,3.21,3.93,0.0
20220112:1111,10.89,9.46,3.66,4.14,0.0
20220112:1211,14.53,9.47,4.18,4.55,0.0
20220112:1311,51.35,7.59,4.57,5.03,0.0
20220112:1411,218.31,3.96,4.76,5.17,0.0
20220112:1511,0.0,0.0,4.72,5.17,0.0
20220112:1611,0.0,0.0,4.69,5.31,0.0
20220112:1711,0.0,0.0,4.76,5.52,0.0
20220112:1811,0.0,0.0,4.81,5.93,0.0
20220112:1911,0.0,0.0,4.84,5.79,0.0
20220112:2011,0.0,0.0,4.73,6.14,0.0
20220112:2111,0.0,0.0,4.56,6.21,0.0
20220112:2211,0.0,0.0,4.47,6.21,0.0
20220112:2311,0.0,0.0,4.46,6.28,0.0
20220113:0011,0.0,0.0,4.43,6.28,0.0
20220113:0111,0.0,0.0,4.25,6.28,0.0
20220113:0211,0.0,0.0,4.22,6.34,0.0
20220113:0311,0.0,0.0,4.23,6.34,0.0
20220113:0411,0.0,0.0,4.25,6.28,0.0
20220113:0511,0.0,0.0,4.21,6.14,0.0
20220113:0611,0.0,0.0,4.19,6.14,0.0
20220113:0711,0.0,0.0,4.34,5.59,0.0
20220113:0811,0.0,0.0,4.36,5.72,0.0
20220113:0911,18.57,4.04,4.23,5.79,0.0
20220113:1011,24.48,7.7,3.97,5.72,0.0
20220113:1111,12.71,9.62,3.95,5.59,0.0
20220113:1211,52.56,9.64,3.93,5.52,0.0
20220113:1311,94.08,7.77,4.03,5.45,0.0
20220113:1411,3.63,4.15,4.12,5.38,0.0
20220113:1511,0.0,0.0,4.24,5.24,0.0
20220113:1611,0.0,0.0,4.38,5.38,0.0
20220113:1711,0.0,0.0,4.46,5.52,0.0
20220113:1811,0.0,0.0,4.38,5.59,0.0
20220113:1911,0.0,0.0,4.33,4.0,0.0
20220113:2011,0.0,0.0,4.28,4.14,0.0
20220113:2111,0.0,0.0,4.25,4.41,0.0
20220113:2211,0.0,0.0,4.19,4.69,0.0
20220113:2311,0.0,0.0,4.3,5.24,0.0
20220114:0011,0.0,0.0,4.69,6.28,0.0
20220114:0111,0.0,0.0,3.73,6.34,0.0
20220114:0211,0.0,0.0,2.65,5.79,0.0
20220114:0311,0.0,0.0,1.63,5.52,0.0
20220114:0411,0.0,0.0,0.82,5.17,0.0
20220114:0511,0.0,0.0,0.5,5.17,0.0
20220114:0611,0.0,0.0,0.45,5.31,0.0
20220114:0711,0.0,0.0,0.69,5.38,0.0
20220114:0811,0.0,0.0,0.4,5.45,0.0
20220114:0911,19.42,4.18,0.04,5.45,0.0
20220114:1011,33.77,7.85,0.02,5.45,0.0
20220114:1111,336.32,9.79,0.02,5.24,0.0
20220114:1211,554.12,9.82,-0.09,5.1,0.0
20220114:1311,481.96,7.95,-0.33,4.69,0.0
20220114:1411,123.94,4.34,-0.76,4.14,0.0
20220114:1511,0.0,0.0,-1.51,3.31,0.0
20220114:1611,0.0,0.0,-2.39,2.69,0.0
20220114:1711,0.0,0.0,-3.53,2.21,0.0
20220114:1811,0.0,0.0,-4.18,2.07,0.0
20220114:1911,0.0,0.0,-4.37,2.14,0.0
20220114:2011,0.0,0.0,-4.46,2.07,0.0
20220114:2111,0.0,0.0,-4.37,2.0,0.0
20220114:2211,0.0,0.0,-4.09,1.86,0.0
20220114:2311,0.0,0.0,-4.09,1.86,0.0
20220115:0011,0.0,0.0,-4.18,1.86,0.0
20220115:0111,0.0,0.0,-4.35,1.93,0.0
20220115:0211,0.0,0.0,-4.49,2.0,0.0
20220115:0311,0.0,0.0,-4.45,2.0,0.0
20220115:0411,0.0,0.0,-4.0,1.93,0.0
20220115:0511,0.0,0.0,-3.62,1.79,0.0
20220115:0611,0.0,0.0,-3.16,1.72,0.0
20220115:0711,0.0,0.0,-1.19,1.24,0.0
20220115:0811,0.0,0.0,-0.95,1.03,0.0
20220115:0911,3.38,4.32,-0.67,0.83,0.0
20220115:1011,46.43,8.01,-0.33,0.62,0.0
20220115:1111,53.98,9.96,-0.07,0.28,0.0
20220115:1211,32.68,10.01,0.46,0.21,0.0
20220115:1311,28.14,8.15,0.94,0.55,0.0
20220115:1411,7.26,4.53,1.01,0.69,0.0
20220115:1511,0.0,0.0,0.96,1.03,0.0
20220115:1611,0.0,0.0,1.04,1.52,0.0
20220115:1711,0.0,0.0,1.5,1.72,0.0
20220115:1811,0.0,0.0,1.25,1.79,0.0
20220115:1911,0.0,0.0,1.32,1.59,0.0
20220115:2011,0.0,0.0,1.11,1.72,0.0
20220115:2111,0.0,0.0,1.01,1.66,0.0
20220115:2211,0.0,0.0,0.99,1.72,0.0
20220115:2311,0.0,0.0,0.93,1.72,0.0
20220116:0011,0.0,0.0,0.84,1.79,0.0
20220116:0111,0.0,0.0,0.87,1.79,0.0
20220116:0211,0.0,0.0,0.94,1.93,0.0
20220116:0311,0.0,0.0,1.01,2.21,0.0
20220116:0411,0.0,0.0,1.14,2.48,0.0
20220116:0511,0.0,0.0,1.01,2.69,0.0
20220116:0611,0.0,0.0,0.87,3.03,0.0
20220116:0711,0.0,0.0,1.17,3.31,0.0
20220116:0811,0.0,0.0,1.65,3.52,0.0
20220116:0911,4.22,4.47,1.89,2.83,0.0
20220116:1011,34.61,8.18,2.45,3.17,0.0
20220116:1111,23.6,10.14,2.51,3.59,0.0
20220116:1211,167.36,10.2,1.83,5.03,0.0
20220116:1311,43.19,8.35,0.69,5.52,0.0
20220116:1411,40.86,4.74,-0.18,5.52,0.0
20220116:1511,0.0,0.0,-0.55,5.31,0.0
20220116:1611,0.0,0.0,-0.43,5.03,0.0
20220116:1711,0.0,0.0,0.3,5.45,0.0
20220116:1811,0.0,0.0,0.82,6.07,0.0
20220116:1911,0.0,0.0,1.4,6.07,0.0
20220116:2011,0.0,0.0,1.55,4.55,0.0
20220116:2111,0.0,0.0,2.03,4.34,0.0
20220116:2211,0.0,0.0,1.21,5.17,0.0
20220116:2311,0.0,0.0,0.18,5.79,0.0
20220117:0011,0.0,0.0,-0.25,5.93,0.0
20220117:0111,0.0,0.0,-0.73,6.48,0.0
20220117:0211,0.0,0.0,-1.26,6.48,0.0
20220117:0311,0.0,0.0,-1.76,6.76,0.0
20220117:0411,0.0,0.0,-2.16,7.03,0.0
20220117:0511,0.0,0.0,-2.4,7.1,0.0
20220117:0611,0.0,0.0,-2.62,6.97,0.0
20220117:0711,0.0,0.0,-2.5,5.79,0.0
20220117:0811,0.0,0.0,-2.8,4.48,0.0
20220117:0911,23.64,4.63,-3.27,3.03,0.0
20220117:1011,39.68,8.35,-3.63,2.48,0.0
20220117:1111,219.64,10.33,-3.44,2.62,0.0
20220117:1211,74.42,10.4,-3.24,2.28,0.0
20220117:1311,48.61,8.55,-2.89,2.41,0.0
20220117:1411,10.89,4.95,-2.41,3.24,0.0
20220117:1511,0.0,0.0,-2.14,3.24,0.0
20220117:1611,0.0,0.0,-1.84,3.24,0.0
20220117:1711,0.0,0.0,-1.59,3.17,0.0
20220117:1811,0.0,0.0,-1.39,3.03,0.0
20220117:1911,0.0,0.0,-1.57,2.9,0.0
20220117:2011,0.0,0.0,-1.54,2.62,0.0
20220117:2111,0.0,0.0,-1.48,2.41,0.0
20220117:2211,0.0,0.0,-1.22,2.48,0.0
20220117:2311,0.0,0.0,-0.88,2.69,0.0
20220118:0011,0.0,0.0,-0.13,2.69,0.0
20220118:0111,0.0,0.0,0.21,2.76,0.0
20220118:0211,0.0,0.0,0.77,2.83,0.0
20220118:0311,0.0,0.0,1.31,2.83,0.0
20220118:0411,0.0,0.0,1.67,2.69,0.0
20220118:0511,0.0,0.0,1.49,2.55,0.0
20220118:0611,0.0,0.0,1.91,2.69,0.0
20220118:0711,0.0,0.0,1.89,2.83,0.0
20220118:0811,0.0,0.0,1.83,2.76,0.0
20220118:0911,22.79,4.8,1.47,2.41,0.0
20220118:1011,37.15,8.53,1.27,2.0,0.0
20220118:1111,125.67,10.52,1.37,1.72,0.0
20220118:1211,48.12,10.6,1.3,1.38,0.0
20220118:1311,82.7,8.76,1.51,1.17,0.0
20220118:1411,5.45,5.16,1.46,1.03,0.0
20220118:1511,0.0,0.0,0.82,0.97,0.0
20220118:1611,0.0,0.0,0.54,0.9,0.0
20220118:1711,0.0,0.0,0.52,0.69,0.0
20220118:1811,0.0,0.0,0.38,0.62,0.0
20220118:1911,0.0,0.0,0.23,1.31,0.0
20220118:2011,0.0,0.0,-0.29,1.72,0.0
20220118:2111,0.0,0.0,-0.2,2.0,0.0
20220118:2211,0.0,0.0,0.01,2.14,0.0
20220118:2311,0.0,0.0,0.54,1.93,0.0
20220119:0011,0.0,0.0,1.04,2.07,0.0
20220119:0111,0.0,0.0,1.69,2.14,0.0
20220119:0211,0.0,0.0,1.72,2.48,0.0
20220119:0311,0.0,0.0,1.76,2.34,0.0
20220119:0411,0.0,0.0,1.78,2.34,0.0
20220119:0511,0.0,0.0,2.02,2.41,0.0
20220119:0611,0.0,0.0,2.07,2.41,0.0
20220119:0711,0.0,0.0,2.36,2.48,0.0
20220119:0811,0.0,0.0,2.22,2.28,0.0
20220119:0911,25.33,4.97,2.03,2.34,0.0
20220119:1011,9.29,8.72,2.02,2.21,0.0
20220119:1111,18.16,10.72,2.4,2.55,0.0
20220119:1211,33.59,10.81,2.58,3.17,0.0
20220119:1311,27.24,8.98,0.86,3.24,0.0
20220119:1411,10.89,5.38,0.04,4.55,0.0
20220119:1511,0.0,0.0,-1.02,6.28,0.0
20220119:1611,0.0,0.0,-2.02,6.21,0.0
20220119:1711,0.0,0.0,-2.91,6.07,0.0
20220119:1811,0.0,0.0,-3.48,6.07,0.0
20220119:1911,0.0,0.0,-4.12,5.93,0.0
20220119:2011,0.0,0.0,-4.76,6.07,0.0
20220119:2111,0.0,0.0,-5.11,5.86,0.0
20220119:2211,0.0,0.0,-5.3,5.59,0.0
20220119:2311,0.0,0.0,-5.55,4.83,0.0
20220120:0011,0.0,0.0,-5.44,4.48,0.0
20220120:0111,0.0,0.0,-4.86,4.76,0.0
20220120:0211,0.0,0.0,-4.89,4.55,0.0
20220120:0311,0.0,0.0,-5.11,4.14,0.0
20220120:0411,0.0,0.0,-5.33,4.14,0.0
20220120:0511,0.0,0.0,-5.55,4.34,0.0
20220120:0611,0.0,0.0,-5.66,4.55,0.0
20220120:0711,0.0,0.0,-5.53,4.69,0.0
20220120:0811,0.0,0.0,-5.79,4.34,0.0
20220120:0911,4.22,5.15,-6.03,3.93,0.0
20220120:1011,56.56,8.91,-6.0,3.66,0.0
20220120:1111,60.89,10.93,-6.15,2.9,0.0
20220120:1211,153.37,11.03,-6.16,2.69,0.0
20220120:1311,68.81,9.2,-6.28,2.69,0.0
20220120:1411,99.63,5.61,-6.31,3.52,0.0
20220120:1511,0.0,0.0,-7.04,3.45,0.0
20220120:1611,0.0,0.0,-8.02,3.24,0.0
20220120:1711,0.0,0.0,-8.6,3.24,0.0
20220120:1811,0.0,0.0,-8.74,3.24,0.0
20220120:1911,0.0,0.0,-8.27,3.45,0.0
20220120:2011,0.0,0.0,-8.33,3.38,0.0
20220120:2111,0.0,0.0,-8.25,3.45,0.0
20220120:2211,0.0,0.0,-7.95,3.31,0.0
20220120:2311,0.0,0.0,-7.6,3.17,0.0
20220121:0011,0.0,0.0,-7.12,3.03,0.0
20220121:0111,0.0,0.0,-6.08,2.62,0.0
20220121:0211,0.0,0.0,-5.13,2.41,0.0
20220121:0311,0.0,0.0,-4.56,2.14,0.0
20220121:0411,0.0,0.0,-3.45,1.86,0.0
20220121:0511,0.0,0.0,-2.92,1.79,0.0
20220121:0611,0.0,0.0,-2.37,1.79,0.0
20220121:0711,0.0,0.0,-2.69,2.62,0.0
20220121:0811,0.0,0.0,-1.87,2.41,0.0
20220121:0911,29.55,5.33,-1.03,2.76,0.0
20220121:1011,54.03,9.11,0.19,3.31,0.0
20220121:1111,29.05,11.14,1.31,3.52,0.0
20220121:1211,26.33,11.25,1.81,3.45,0.0
20220121:1311,39.04,9.43,2.27,3.59,0.0
20220121:1411,5.45,5.84,1.98,3.66,0.0
20220121:1511,0.0,0.0,2.36,3.66,0.0
20220121:1611,0.0,0.0,2.25,3.72,0.0
20220121:1711,0.0,0.0,2.2,3.79,0.0
20220121:1811,0.0,0.0,2.18,3.59,0.0
20220121:1911,0.0,0.0,1.89,3.17,0.0
20220121:2011,0.0,0.0,1.9,2.9,0.0
20220121:2111,0.0,0.0,1.85,2.76,0.0
20220121:2211,0.0,0.0,1.83,2.62,0.0
20220121:2311,0.0,0.0,1.8,2.55,0.0
20220122:0011,0.0,0.0,1.93,2.62,0.0
20220122:0111,0.0,0.0,2.0,2.69,0.0
20220122:0211,0.0,0.0,2.08,2.69,0.0
20220122:0311,0.0,0.0,2.31,2.69,0.0
20220122:0411,0.0,0.0,2.24,2.76,0.0
20220122:0511,0.0,0.0,2.29,2.97,0.0
20220122:0611,0.0,0.0,2.24,3.1,0.0
20220122:0711,0.0,0.0,2.21,3.03,0.0
20220122:0811,0.0,0.0,2.2,3.1,0.0
20220122:0911,10.13,5.52,2.29,3.1,0.0
20220122:1011,39.68,9.32,2.5,2.97,0.0
20220122:1111,211.58,11.36,2.72,3.03,0.0
20220122:1211,208.53,11.48,2.96,3.24,0.0
20220122:1311,189.55,9.67,3.1,3.52,0.0
20220122:1411,63.62,6.07,3.05,3.52,0.0
20220122:1511,0.0,0.0,2.85,3.45,0.0
20220122:1611,0.0,0.0,2.74,3.24,0.0
20220122:1711,0.0,0.0,2.82,3.17,0.0
20220122:1811,0.0,0.0,2.88,2.97,0.0
20220122:1911,0.0,0.0,2.54,2.41,0.0
20220122:2011,0.0,0.0,2.47,2.34,0.0
20220122:2111,0.0,0.0,2.49,2.28,0.0
20220122:2211,0.0,0.0,2.46,2.28,0.0
20220122:2311,0.0,0.0,2.45,2.14,0.0
20220123:0011,0.0,0.0,2.39,2.14,0.0
20220123:0111,0.0,0.0,2.37,2.28,0.0
20220123:0211,0.0,0.0,2.42,2.41,0.0
20220123:0311,0.0,0.0,2.57,2.55,0.0
20220123:0411,0.0,0.0,2.71,2.69,0.0
20220123:0511,0.0,0.0,2.74,2.76,0.0
20220123:0611,0.0,0.0,2.85,2.9,0.0
20220123:0711,0.0,0.0,2.56,2.41,0.0
20220123:0811,0.0,0.0,2.3,2.07,0.0
20220123:0911,6.75,5.72,2.39,1.59,0.0
20220123:1011,58.25,9.53,2.82,1.38,0.0
20220123:1111,70.53,11.59,3.29,1.38,0.0
20220123:1211,107.57,11.72,3.4,1.52,0.0
20220123:1311,10.89,9.91,3.31,1.72,0.0
20220123:1411,6.35,6.31,2.94,2.0,0.0
20220123:1511,0.0,0.0,2.87,1.66,0.0
20220123:1611,0.0,0.0,2.64,1.52,0.0
20220123:1711,0.0,0.0,2.13,1.59,0.0
20220123:1811,0.0,0.0,1.98,2.28,0.0
20220123:1911,0.0,0.0,1.86,2.14,0.0
20220123:2011,0.0,0.0,1.85,2.48,0.0
20220123:2111,0.0,0.0,1.78,2.48,0.0
20220123:2211,0.0,0.0,1.82,2.62,0.0
20220123:2311,0.0,0.0,1.77,2.62,0.0
20220124:0011,0.0,0.0,1.67,2.55,0.0
20220124:0111,0.0,0.0,1.55,2.48,0.0
20220124:0211,0.0,0.0,1.44,2.14,0.0
20220124:0311,0.0,0.0,1.42,2.21,0.0
20220124:0411,0.0,0.0,1.61,2.14,0.0
20220124:0511,0.0,0.0,1.76,2.28,0.0
20220124:0611,0.0,0.0,1.91,2.41,0.0
20220124:0711,0.0,0.0,2.35,3.03,0.0
20220124:0811,0.0,0.0,2.38,2.83,0.0
20220124:0911,10.13,5.93,2.41,2.55,0.0
20220124:1011,26.17,9.75,2.7,2.97,0.0
20220124:1111,13.62,11.82,3.01,3.17,0.0
20220124:1211,14.53,11.96,3.25,3.38,0.0
20220124:1311,33.59,10.15,3.26,3.03,0.0
20220124:1411,25.42,6.56,3.41,3.31,0.0
20220124:1511,0.0,0.0,3.61,3.72,0.0
20220124:1611,0.0,0.0,3.19,2.97,0.0
20220124:1711,0.0,0.0,2.57,3.59,0.0
20220124:1811,0.0,0.0,1.81,3.66,0.0
20220124:1911,0.0,0.0,2.22,3.52,0.0
20220124:2011,0.0,0.0,1.82,3.24,0.0
20220124:2111,0.0,0.0,1.44,2.97,0.0
20220124:2211,0.0,0.0,1.34,2.9,0.0
20220124:2311,0.0,0.0,0.97,3.1,0.0
20220125:0011,0.0,0.0,0.29,3.17,0.0
20220125:0111,0.0,0.0,-0.22,3.24,0.0
20220125:0211,0.0,0.0,-0.57,3.24,0.0
20220125:0311,0.0,0.0,-0.74,3.24,0.0
20220125:0411,0.0,0.0,-0.84,3.17,0.0
20220125:0511,0.0,0.0,-0.73,3.1,0.0
20220125:0611,0.0,0.0,-0.59,2.97,0.0
20220125:0711,0.0,0.0,-1.16,2.55,0.0
20220125:0811,0.0,0.0,-1.85,2.28,0.0
20220125:0911,33.77,6.14,-1.76,1.79,0.0
20220125:1011,52.34,9.98,0.24,1.31,0.0
20220125:1111,123.05,12.06,0.26,2.14,0.0
20220125:1211,32.68,12.21,1.07,2.21,0.0
20220125:1311,25.42,10.4,1.65,2.21,0.0
20220125:1411,12.71,6.81,1.19,1.38,0.0
20220125:1511,0.84,1.69,1.58,0.83,0.0
20220125:1611,0.0,0.0,1.09,0.9,0.0
20220125:1711,0.0,0.0,0.65,1.1,0.0
20220125:1811,0.0,0.0,1.22,0.97,0.0
20220125:1911,0.0,0.0,1.37,1.17,0.0
20220125:2011,0.0,0.0,1.44,1.52,0.0
20220125:2111,0.0,0.0,1.59,1.86,0.0
20220125:2211,0.0,0.0,1.8,2.07,0.0
20220125:2311,0.0,0.0,1.91,2.14,0.0
20220126:0011,0.0,0.0,2.1,2.28,0.0
20220126:0111,0.0,0.0,2.28,2.34,0.0
20220126:0211,0.0,0.0,2.29,2.48,0.0
20220126:0311,0.0,0.0,2.63,3.17,0.0
20220126:0411,0.0,0.0,2.39,4.55,0.0
20220126:0511,0.0,0.0,1.68,4.21,0.0
20220126:0611,0.0,0.0,0.91,3.86,0.0
20220126:0711,0.0,0.0,1.1,3.45,0.0
20220126:0811,0.0,0.0,1.03,3.79,0.0
20220126:0911,5.91,6.36,1.1,3.1,0.0
20220126:1011,16.88,10.21,1.42,3.31,0.0
20220126:1111,18.16,12.3,1.84,3.52,0.0
20220126:1211,19.97,12.46,1.9,4.48,0.0
20220126:1311,18.16,10.66,2.11,4.48,0.0
20220126:1411,10.89,7.06,2.1,4.41,0.0
20220126:1511,0.84,1.94,2.04,4.21,0.0
20220126:1611,0.0,0.0,1.91,3.93,0.0
20220126:1711,0.0,0.0,1.7,3.31,0.0
20220126:1811,0.0,0.0,1.72,3.03,0.0
20220126:1911,0.0,0.0,2.31,3.79,0.0
20220126:2011,0.0,0.0,2.07,3.52,0.0
20220126:2111,0.0,0.0,1.83,2.34,0.0
20220126:2211,0.0,0.0,2.03,2.0,0.0
20220126:2311,0.0,0.0,2.29,2.07,0.0
20220127:0011,0.0,0.0,3.16,3.1,0.0
20220127:0111,0.0,0.0,3.91,4.69,0.0
20220127:0211,0.0,0.0,3.8,3.93,0.0
20220127:0311,0.0,0.0,3.55,4.9,0.0
20220127:0411,0.0,0.0,2.82,5.72,0.0
20220127:0511,0.0,0.0,2.4,5.17,0.0
20220127:0611,0.0,0.0,2.27,3.66,0.0
20220127:0711,0.0,0.0,1.96,5.38,0.0
20220127:0811,0.0,0.0,1.22,6.48,0.0
20220127:0911,5.91,6.58,1.01,6.0,0.0
20220127:1011,21.95,10.45,0.97,6.07,0.0
20220127:1111,29.96,12.56,1.16,6.55,0.0
20220127:1211,21.79,12.72,1.17,6.83,0.0
20220127:1311,12.71,10.92,1.25,6.14,0.0
20220127:1411,13.62,7.32,1.11,6.07,0.0
20220127:1511,0.91,2.19,1.05,5.79,0.0
20220127:1611,0.0,0.0,0.77,5.79,0.0
20220127:1711,0.0,0.0,0.31,5.66,0.0
20220127:1811,0.0,0.0,-0.28,5.45,0.0
20220127:1911,0.0,0.0,-0.13,5.24,0.0
20220127:2011,0.0,0.0,-0.39,5.1,0.0
20220127:2111,0.0,0.0,-0.96,4.83,0.0
20220127:2211,0.0,0.0,-1.27,4.69,0.0
20220127:2311,0.0,0.0,-1.45,4.55,0.0
20220128:0011,0.0,0.0,-1.7,4.48,0.0
20220128:0111,0.0,0.0,-1.95,4.48,0.0
20220128:0211,0.0,0.0,-2.08,4.41,0.0
20220128:0311,0.0,0.0,-2.34,4.07,0.0
20220128:0411,0.0,0.0,-2.73,3.66,0.0
20220128:0511,0.0,0.0,-3.21,3.24,0.0
20220128:0611,0.0,0.0,-4.34,2.62,0.0
20220128:0711,0.0,0.0,-5.25,2.34,0.0
20220128:0811,0.0,0.0,-4.57,1.86,0.0
20220128:0911,37.99,6.81,-2.27,1.31,0.0
20220128:1011,40.52,10.69,-1.37,1.03,0.0
20220128:1111,50.84,12.81,-1.05,1.03,0.0
20220128:1211,79.27,12.98,-0.88,1.1,0.0
20220128:1311,128.0,11.19,-0.22,0.9,0.0
20220128:1411,83.1,7.59,-0.17,0.9,0.0
20220128:1511,1.82,2.45,-1.14,1.52,0.0
20220128:1611,0.0,0.0,-0.27,2.62,0.0
20220128:1711,0.0,0.0,0.7,3.03,0.0
20220128:1811,0.0,0.0,1.04,2.55,0.0
20220128:1911,0.0,0.0,1.29,2.97,0.0
20220128:2011,0.0,0.0,1.39,2.62,0.0
20220128:2111,0.0,0.0,1.41,2.48,0.0
20220128:2211,0.0,0.0,1.58,2.28,0.0
20220128:2311,0.0,0.0,2.11,2.34,0.0
20220129:0011,0.0,0.0,2.8,2.62,0.0
20220129:0111,0.0,0.0,3.71,3.24,0.0
20220129:0211,0.0,0.0,4.38,3.59,0.0
20220129:0311,0.0,0.0,4.73,3.72,0.0
20220129:0411,0.0,0.0,4.86,3.72,0.0
20220129:0511,0.0,0.0,4.79,3.66,0.0
20220129:0611,0.0,0.0,4.95,3.93,0.0
20220129:0711,0.0,0.0,5.03,3.93,0.0
20220129:0811,0.84,1.67,5.17,4.55,0.0
20220129:0911,6.75,7.04,5.23,5.1,0.0
20220129:1011,11.82,10.94,4.97,5.38,0.0
20220129:1111,15.43,13.07,4.85,5.93,0.0
20220129:1211,15.43,13.25,4.6,7.59,0.0
20220129:1311,16.34,11.46,3.35,7.45,0.0
20220129:1411,8.17,7.85,2.86,7.03,0.0
20220129:1511,1.82,2.72,0.84,8.14,0.0
20220129:1611,0.0,0.0,0.87,6.76,0.0
20220129:1711,0.0,0.0,0.33,7.66,0.0
20220129:1811,0.0,0.0,0.2,7.59,0.0
20220129:1911,0.0,0.0,0.24,7.52,0.0
20220129:2011,0.0,0.0,-0.23,8.69,0.0
20220129:2111,0.0,0.0,-0.23,8.0,0.0
20220129:2211,0.0,0.0,0.37,7.17,0.0
20220129:2311,0.0,0.0,0.64,7.79,0.0
20220130:0011,0.0,0.0,0.49,8.14,0.0
20220130:0111,0.0,0.0,0.08,8.21,0.0
20220130:0211,0.0,0.0,-0.02,7.86,0.0
20220130:0311,0.0,0.0,-0.23,7.52,0.0
20220130:0411,0.0,0.0,-0.33,7.03,0.0
20220130:0511,0.0,0.0,-0.6,6.55,0.0
20220130:0611,0.0,0.0,-0.85,6.14,0.0
20220130:0711,0.0,0.0,-0.97,5.93,0.0
20220130:0811,0.84,1.9,-1.18,5.66,0.0
20220130:0911,39.68,7.29,-1.35,5.45,0.0
20220130:1011,73.45,11.2,-1.29,5.31,0.0
20220130:1111,148.85,13.34,-1.19,4.83,0.0
20220130:1211,192.73,13.52,-1.11,4.34,0.0
20220130:1311,593.98,11.73,-1.23,3.93,0.0
20220130:1411,410.58,8.13,-1.58,3.93,0.0
20220130:1511,3.63,2.98,-2.2,3.38,0.0
20220130:1611,0.0,0.0,-3.3,2.34,0.0
20220130:1711,0.0,0.0,-3.52,1.38,0.0
20220130:1811,0.0,0.0,-2.39,0.97,0.0
20220130:1911,0.0,0.0,-3.35,1.17,0.0
20220130:2011,0.0,0.0,-2.76,0.83,0.0
20220130:2111,0.0,0.0,-3.45,1.1,0.0
20220130:2211,0.0,0.0,-4.0,1.24,0.0
20220130:2311,0.0,0.0,-3.66,1.1,0.0
20220131:0011,0.0,0.0,-4.33,1.31,0.0
20220131:0111,0.0,0.0,-4.67,1.38,0.0
20220131:0211,0.0,0.0,-5.14,1.59,0.0
20220131:0311,0.0,0.0,-5.67,1.79,0.0
20220131:0411,0.0,0.0,-6.01,1.86,0.0
20220131:0511,0.0,0.0,-5.62,1.72,0.0
20220131:0611,0.0,0.0,-4.91,1.52,0.0
20220131:0711,0.0,0.0,-4.11,1.52,0.0
20220131:0811,0.84,2.13,-3.49,1.31,0.0
20220131:0911,16.04,7.53,-2.56,1.03,0.0
20220131:1011,56.56,11.46,-1.88,0.69,0.0
20220131:1111,135.67,13.61,-1.43,0.34,0.0
20220131:1211,143.6,13.8,-1.42,0.9,0.0
20220131:1311,19.97,12.01,-1.58,1.52,0.0
20220131:1411,9.08,8.4,-1.78,1.66,0.0
20220131:1511,5.45,3.25,-1.91,1.93,0.0
20220131:1611,0.0,0.0,-2.34,1.59,0.0
20220131:1711,0.0,0.0,-2.9,2.83,0.0
20220131:1811,0.0,0.0,-3.58,2.97,0.0
20220131:1911,0.0,0.0,-4.21,2.97,0.0
20220131:2011,0.0,0.0,-4.51,2.69,0.0
20220131:2111,0.0,0.0,-5.17,2.48,0.0
20220131:2211,0.0,0.0,-6.07,2.41,0.0
20220131:2311,0.0,0.0,-5.7,2.14,0.0
20220201:0011,0.0,0.0,-5.14,1.86,0.0
20220201:0111,0.0,0.0,-4.51,1.59,0.0
20220201:0211,0.0,0.0,-3.22,0.9,0.0
20220201:0311,0.0,0.0,-3.27,0.41,0.0
20220201:0411,0.0,0.0,-3.57,0.97,0.0
20220201:0511,0.0,0.0,-4.19,1.24,0.0
20220201:0611,0.0,0.0,-3.78,1.52,0.0
20220201:0711,0.0,0.0,-2.21,1.66,0.0
20220201:0811,1.69,2.37,-1.37,2.0,0.0
20220201:0911,7.6,7.79,0.08,1.03,0.0
20220201:1011,13.51,11.73,0.72,2.48,0.0
20220201:1111,17.25,13.89,1.62,3.59,0.0
20220201:1211,206.67,14.09,1.76,4.21,0.0
20220201:1311,33.59,12.3,1.85,4.69,0.0
20220201:1411,9.99,8.68,1.97,4.76,0.0
20220201:1511,2.72,3.53,1.11,4.28,0.0
20220201:1611,0.0,0.0,0.78,4.0,0.0
20220201:1711,0.0,0.0,0.64,3.79,0.0
20220201:1811,0.0,0.0,0.83,3.79,0.0
20220201:1911,0.0,0.0,0.87,4.28,0.0
20220201:2011,0.0,0.0,0.58,4.41,0.0
20220201:2111,0.0,0.0,0.58,4.62,0.0
20220201:2211,0.0,0.0,0.27,5.38,0.0
20220201:2311,0.0,0.0,-0.01,5.79,0.0
20220202:0011,0.0,0.0,-0.24,5.66,0.0
20220202:0111,0.0,0.0,-0.5,5.24,0.0
20220202:0211,0.0,0.0,-0.95,4.76,0.0
20220202:0311,0.0,0.0,-1.18,4.55,0.0
20220202:0411,0.0,0.0,-1.76,4.34,0.0
20220202:0511,0.0,0.0,-2.28,4.28,0.0
20220202:0611,0.0,0.0,-2.47,4.07,0.0
20220202:0711,0.0,0.0,-2.59,3.38,0.0
20220202:0811,1.69,2.62,-2.97,3.31,0.0
20220202:0911,39.68,8.05,-3.02,3.45,0.0
20220202:1011,64.16,12.0,-2.57,3.93,0.0
20220202:1111,0.0,0.0,-1.87,3.86,0.0
20220202:1211,56.29,14.37,-1.73,2.9,0.0
20220202:1311,94.86,12.59,-1.76,2.41,0.0
20220202:1411,96.68,8.97,-1.95,1.86,0.0
20220202:1511,7.26,3.8,-1.75,1.38,0.0
20220202:1611,0.0,0.0,-2.66,1.79,0.0
20220202:1711,0.0,0.0,-2.36,2.07,0.0
20220202:1811,0.0,0.0,-1.66,2.48,0.0
20220202:1911,0.0,0.0,-2.15,1.86,0.0
20220202:2011,0.0,0.0,-2.58,1.79,0.0
20220202:2111,0.0,0.0,-2.13,1.59,0.0
20220202:2211,0.0,0.0,-1.2,1.1,0.0
20220202:2311,0.0,0.0,-0.92,0.28,0.0
20220203:0011,0.0,0.0,-0.77,0.41,0.0
20220203:0111,0.0,0.0,-0.57,0.69,0.0
20220203:0211,0.0,0.0,-0.36,1.03,0.0
20220203:0311,0.0,0.0,-0.32,1.31,0.0
20220203:0411,0.0,0.0,0.33,1.24,0.0
20220203:0511,0.0,0.0,0.65,1.24,0.0
20220203:0611,0.0,0.0,0.84,1.45,0.0
20220203:0711,0.0,0.0,0.38,1.17,0.0
20220203:0811,2.53,2.87,0.28,1.17,0.0
20220203:0911,37.15,8.31,0.47,1.17,0.0
20220203:1011,81.04,12.28,0.49,1.17,0.0
20220203:1111,32.68,14.46,0.58,1.38,0.0
20220203:1211,42.67,14.67,0.49,1.1,0.0
20220203:1311,60.83,12.88,0.41,0.9,0.0
20220203:1411,26.33,9.26,0.35,0.9,0.0
20220203:1511,3.63,4.09,0.33,0.9,0.0
20220203:1611,0.0,0.0,0.22,0.9,0.0
20220203:1711,0.0,0.0,0.32,1.1,0.0
20220203:1811,0.0,0.0,0.52,1.45,0.0
20220203:1911,0.0,0.0,1.45,1.86,0.0
20220203:2011,0.0,0.0,1.83,2.07,0.0
20220203:2111,0.0,0.0,2.15,2.34,0.0
20220203:2211,0.0,0.0,2.57,2.76,0.0
20220203:2311,0.0,0.0,2.6,2.83,0.0
20220204:0011,0.0,0.0,2.63,2.97,0.0
20220204:0111,0.0,0.0,2.98,3.66,0.0
20220204:0211,0.0,0.0,2.95,2.9,0.0
20220204:0311,0.0,0.0,1.22,2.34,0.0
20220204:0411,0.0,0.0,0.64,2.0,0.0
20220204:0511,0.0,0.0,0.04,2.48,0.0
20220204:0611,0.0,0.0,-0.64,2.28,0.0
20220204:0711,0.0,0.0,-0.78,2.0,0.0
20220204:0811,7.6,3.12,-1.36,1.93,0.0
20220204:0911,49.81,8.58,-1.11,2.07,0.0
20220204:1011,82.73,12.56,-0.32,2.07,0.0
20220204:1111,181.95,14.75,0.12,2.48,0.0
20220204:1211,67.18,14.97,0.3,2.9,0.0
20220204:1311,137.65,13.18,-0.05,2.83,0.0
20220204:1411,497.27,9.55,-0.63,2.62,0.0
20220204:1511,37.02,4.37,-0.82,2.55,0.0
20220204:1611,0.0,0.0,-1.36,2.97,0.0
20220204:1711,0.0,0.0,-1.87,2.76,0.0
20220204:1811,0.0,0.0,-1.63,2.97,0.0
20220204:1911,0.0,0.0,-1.32,2.69,0.0
20220204:2011,0.0,0.0,-1.95,3.1,0.0
20220204:2111,0.0,0.0,-1.93,2.97,0.0
20220204:2211,0.0,0.0,-1.82,2.83,0.0
20220204:2311,0.0,0.0,-1.81,2.76,0.0
20220205:0011,0.0,0.0,-1.76,2.55,0.0
20220205:0111,0.0,0.0,-1.47,3.24,0.0
20220205:0211,0.0,0.0,-1.18,2.48,0.0
20220205:0311,0.0,0.0,-0.73,3.45,0.0
20220205:0411,0.0,0.0,-1.27,3.59,0.0
20220205:0511,0.0,0.0,-1.44,3.72,0.0
20220205:0611,0.0,0.0,-1.9,3.17,0.0
20220205:0711,0.0,0.0,-1.27,3.38,0.0
20220205:0811,2.53,3.39,-1.14,3.31,0.0
20220205:0911,30.39,8.86,-0.98,3.17,0.0
20220205:1011,69.23,12.85,-0.43,2.76,0.0
20220205:1111,43.58,15.05,-0.27,2.55,0.0
20220205:1211,102.04,15.27,0.1,2.76,0.0
20220205:1311,62.64,13.48,0.43,3.03,0.0
20220205:1411,110.46,9.84,0.13,2.41,0.0
20220205:1511,9.08,4.66,0.09,3.17,0.0
20220205:1611,0.0,0.0,0.84,3.38,0.0
20220205:1711,0.0,0.0,1.07,3.1,0.0
20220205:1811,0.0,0.0,1.53,4.07,0.0
20220205:1911,0.0,0.0,1.26,4.07,0.0
20220205:2011,0.0,0.0,0.86,4.28,0.0
20220205:2111,0.0,0.0,0.21,4.76,0.0
20220205:2211,0.0,0.0,-0.5,4.76,0.0
20220205:2311,0.0,0.0,-1.04,4.41,0.0
20220206:0011,0.0,0.0,-1.45,3.93,0.0
20220206:0111,0.0,0.0,-1.62,4.0,0.0
20220206:0211,0.0,0.0,-1.89,4.07,0.0
20220206:0311,0.0,0.0,-2.08,3.52,0.0
20220206:0411,0.0,0.0,-2.23,3.45,0.0
20220206:0511,0.0,0.0,-2.18,3.66,0.0
20220206:0611,0.0,0.0,-2.06,2.76,0.0
20220206:0711,0.0,0.0,-1.72,2.62,0.0
20220206:0811,7.6,3.65,-1.65,2.48,0.0
20220206:0911,58.25,9.14,-1.81,2.76,0.0
20220206:1011,75.13,13.14,-1.65,2.07,0.0
20220206:1111,56.29,15.36,-1.16,2.14,0.0
20220206:1211,222.93,15.58,-0.88,2.48,0.0
20220206:1311,28.14,13.78,-1.27,2.69,0.0
20220206:1411,47.21,10.14,-1.59,2.76,0.0
20220206:1511,57.78,4.95,-1.89,2.55,0.0
20220206:1611,0.0,0.0,-2.18,2.14,0.0
20220206:1711,0.0,0.0,-3.22,2.21,0.0
20220206:1811,0.0,0.0,-3.62,2.48,0.0
20220206:1911,0.0,0.0,-2.95,2.62,0.0
20220206:2011,0.0,0.0,-2.22,3.03,0.0
20220206:2111,0.0,0.0,-2.17,3.45,0.0
20220206:2211,0.0,0.0,-1.89,3.79,0.0
20220206:2311,0.0,0.0,-1.65,4.34,0.0
20220207:0011,0.0,0.0,-1.73,4.9,0.0
20220207:0111,0.0,0.0,-1.51,5.17,0.0
20220207:0211,0.0,0.0,-1.8,5.31,0.0
20220207:0311,0.0,0.0,-1.59,6.07,0.0
20220207:0411,0.0,0.0,-1.68,5.59,0.0
20220207:0511,0.0,0.0,-1.73,5.1,0.0
20220207:0611,0.0,0.0,-1.23,5.24,0.0
20220207:0711,0.0,0.0,-0.87,4.97,0.0
20220207:0811,6.75,3.93,-0.63,4.83,0.0
20220207:0911,53.19,9.42,-0.33,4.48,0.0
20220207:1011,67.54,13.44,-0.07,4.0,0.0
20220207:1111,53.56,15.66,0.2,3.52,0.0
20220207:1211,76.26,15.89,0.66,3.52,0.0
20220207:1311,92.73,14.09,0.88,3.17,0.0
20220207:1411,27.24,10.44,0.83,3.03,0.0
20220207:1511,32.84,5.24,0.04,2.76,0.0
20220207:1611,0.0,0.0,-0.33,2.48,0.0
20220207:1711,0.0,0.0,-0.43,2.21,0.0
20220207:1811,0.0,0.0,-0.42,2.0,0.0
20220207:1911,0.0,0.0,-0.77,1.72,0.0
20220207:2011,0.0,0.0,-0.72,2.14,0.0
20220207:2111,0.0,0.0,-0.43,2.83,0.0
20220207:2211,0.0,0.0,0.34,3.38,0.0
20220207:2311,0.0,0.0,0.92,2.55,0.0
20220208:0011,0.0,0.0,2.15,3.1,0.0
20220208:0111,0.0,0.0,2.96,3.66,0.0
20220208:0211,0.0,0.0,3.57,4.21,0.0
20220208:0311,0.0,0.0,2.77,4.14,0.0
20220208:0411,0.0,0.0,1.87,4.48,0.0
20220208:0511,0.0,0.0,0.89,4.28,0.0
20220208:0611,0.0,0.0,0.75,4.28,0.0
20220208:0711,0.0,0.0,0.59,4.0,0.0
20220208:0811,4.22,4.2,0.93,4.21,0.0
20220208:0911,10.13,9.71,1.22,4.55,0.0
20220208:1011,16.04,13.75,1.18,4.14,0.0
20220208:1111,20.88,15.98,1.14,3.1,0.0
20220208:1211,78.07,16.2,1.0,3.31,0.0
20220208:1311,88.58,14.4,0.97,4.07,0.0
20220208:1411,37.22,10.75,0.75,3.66,0.0
20220208:1511,5.45,5.53,0.49,3.52,0.0
20220208:1611,0.0,0.0,0.41,3.45,0.0
20220208:1711,0.0,0.0,0.22,3.31,0.0
20220208:1811,0.0,0.0,0.23,3.24,0.0
20220208:1911,0.0,0.0,0.19,3.17,0.0
20220208:2011,0.0,0.0,0.0,2.76,0.0
20220208:2111,0.0,0.0,0.31,2.97,0.0
20220208:2211,0.0,0.0,0.28,3.17,0.0
20220208:2311,0.0,0.0,0.39,3.03,0.0
20220209:0011,0.0,0.0,0.81,3.1,0.0
20220209:0111,0.0,0.0,0.99,3.59,0.0
20220209:0211,0.0,0.0,0.89,3.79,0.0
20220209:0311,0.0,0.0,0.89,3.52,0.0
20220209:0411,0.0,0.0,0.91,3.86,0.0
20220209:0511,0.0,0.0,1.14,4.28,0.0
20220209:0611,0.0,0.0,0.96,4.69,0.0
20220209:0711,0.0,0.0,1.07,4.69,0.0
20220209:0811,3.38,4.49,0.61,4.9,0.0
20220209:0911,42.21,10.01,0.65,4.07,0.0
20220209:1011,16.88,14.05,0.12,4.34,0.0
20220209:1111,23.6,16.29,0.05,3.86,0.0
20220209:1211,31.77,16.52,0.26,3.79,0.0
20220209:1311,19.06,14.72,0.01,4.21,0.0
20220209:1411,61.73,11.06,0.06,4.0,0.0
20220209:1511,7.26,5.83,-0.23,4.9,0.0
20220209:1611,0.0,0.0,-0.62,5.24,0.0
20220209:1711,0.0,0.0,-0.53,4.34,0.0
20220209:1811,0.0,0.0,-0.74,4.48,0.0
20220209:1911,0.0,0.0,-0.53,4.28,0.0
20220209:2011,0.0,0.0,-0.8,4.34,0.0
20220209:2111,0.0,0.0,-0.6,4.34,0.0
20220209:2211,0.0,0.0,-0.65,4.34,0.0
20220209:2311,0.0,0.0,-1.08,4.28,0.0
20220210:0011,0.0,0.0,-0.88,3.79,0.0
20220210:0111,0.0,0.0,-0.41,3.59,0.0
20220210:0211,0.0,0.0,-0.07,3.79,0.0
20220210:0311,0.0,0.0,-0.24,3.79,0.0
20220210:0411,0.0,0.0,-1.12,4.0,0.0
20220210:0511,0.0,0.0,-1.91,3.03,0.0
20220210:0611,0.0,0.0,-1.95,2.0,0.0
20220210:0711,0.0,0.0,-1.7,2.21,0.0
20220210:0811,18.57,4.77,-1.79,2.14,0.0
20220210:0911,15.2,10.31,-1.47,1.93,0.0
20220210:1011,16.88,14.37,-1.36,1.93,0.0
20220210:1111,33.59,16.61,-0.72,2.14,0.0
20220210:1211,24.51,16.85,-0.47,2.34,0.0
20220210:1311,230.35,15.04,-0.28,2.69,0.0
20220210:1411,178.14,11.37,-0.23,2.28,0.0
20220210:1511,287.28,6.13,-0.3,2.62,0.0
20220210:1611,0.0,0.0,-1.36,1.93,0.0
20220210:1711,0.0,0.0,-2.53,1.66,0.0
20220210:1811,0.0,0.0,-3.05,1.66,0.0
20220210:1911,0.0,0.0,-3.42,1.52,0.0
20220210:2011,0.0,0.0,-3.78,1.45,0.0
20220210:2111,0.0,0.0,-4.42,1.52,0.0
20220210:2211,0.0,0.0,-4.91,1.86,0.0
20220210:2311,0.0,0.0,-5.13,2.21,0.0
20220211:0011,0.0,0.0,-5.28,2.48,0.0
20220211:0111,0.0,0.0,-5.92,2.62,0.0
20220211:0211,0.0,0.0,-6.33,2.76,0.0
20220211:0311,0.0,0.0,-6.63,2.76,0.0
20220211:0411,0.0,0.0,-6.82,2.69,0.0
20220211:0511,0.0,0.0,-6.21,2.83,0.0
20220211:0611,0.0,0.0,-6.25,2.83,0.0
20220211:0711,0.0,0.0,-7.53,2.62,0.0
20220211:0811,9.29,5.07,-7.55,2.21,0.0
20220211:0911,68.38,10.62,-6.69,1.93,0.0
20220211:1011,66.69,14.68,-5.66,1.79,0.0
20220211:1111,68.09,16.94,-5.42,2.0,0.0
20220211:1211,109.13,17.17,-5.19,2.14,0.0
20220211:1311,100.1,15.36,-4.45,1.93,0.0
20220211:1411,216.52,11.68,-2.45,1.24,0.0
20220211:1511,12.71,6.43,-2.56,1.03,0.0
20220211:1611,0.0,0.0,-4.13,1.72,0.0
20220211:1711,0.0,0.0,-4.88,2.41,0.0
20220211:1811,0.0,0.0,-3.96,2.76,0.0
20220211:1911,0.0,0.0,-3.02,3.03,0.0
20220211:2011,0.0,0.0,-3.57,2.62,0.0
20220211:2111,0.0,0.0,-3.91,2.41,0.0
20220211:2211,0.0,0.0,-3.96,2.69,0.0
20220211:2311,0.0,0.0,-2.3,3.72,0.0
20220212:0011,0.0,0.0,-1.35,3.66,0.0
20220212:0111,0.0,0.0,-1.89,3.45,0.0
20220212:0211,0.0,0.0,-1.65,3.1,0.0
20220212:0311,0.0,0.0,-1.45,2.9,0.0
20220212:0411,0.0,0.0,-1.41,3.1,0.0
20220212:0511,0.0,0.0,-0.75,3.45,0.0
20220212:0611,0.0,0.0,-0.22,3.72,0.0
20220212:0711,0.0,0.0,0.44,3.79,0.0
20220212:0811,8.44,5.36,0.7,4.48,0.0
20220212:0911,16.04,10.93,0.97,4.07,0.0
20220212:1011,46.3,15.01,1.2,4.07,0.0
20220212:1111,22.7,17.27,1.09,3.93,0.0
20220212:1211,22.7,17.5,1.32,4.34,0.0
20220212:1311,23.6,15.69,1.29,3.72,0.0
20220212:1411,31.77,12.0,1.06,3.03,0.0
20220212:1511,27.24,6.74,1.24,2.76,0.0
20220212:1611,0.0,0.0,1.17,2.69,0.0
20220212:1711,0.0,0.0,1.03,2.41,0.0
20220212:1811,0.0,0.0,1.03,2.48,0.0
20220212:1911,0.0,0.0,1.02,2.0,0.0
20220212:2011,0.0,0.0,1.14,2.28,0.0
20220212:2111,0.0,0.0,1.24,2.83,0.0
20220212:2211,0.0,0.0,1.0,2.14,0.0
20220212:2311,0.0,0.0,1.28,2.69,0.0
20220213:0011,0.0,0.0,1.63,2.48,0.0
20220213:0111,0.0,0.0,1.91,2.76,0.0
20220213:0211,0.0,0.0,2.06,2.48,0.0
20220213:0311,0.0,0.0,2.39,3.59,0.0
20220213:0411,0.0,0.0,2.32,3.31,0.0
20220213:0511,0.0,0.0,2.13,3.17,0.0
20220213:0611,0.0,0.0,1.97,2.9,0.0
20220213:0711,0.0,0.0,2.31,3.17,0.0
20220213:0811,31.24,5.67,2.16,3.17,0.0
20220213:0911,43.05,11.24,1.74,2.34,0.0
20220213:1011,19.97,15.33,1.77,2.21,0.0
20220213:1111,72.63,17.6,2.39,2.55,0.0
20220213:1211,72.63,17.84,2.6,2.83,0.0
20220213:1311,56.29,16.02,2.69,2.9,0.0
20220213:1411,63.1,12.32,2.36,2.41,0.0
20220213:1511,13.62,7.05,1.89,1.59,0.0
20220213:1611,0.0,0.0,1.85,1.24,0.0
20220213:1711,0.0,0.0,1.7,1.38,0.0
20220213:1811,0.0,0.0,1.64,1.66,0.0
20220213:1911,0.0,0.0,1.58,1.86,0.0
20220213:2011,0.0,0.0,1.69,2.14,0.0
20220213:2111,0.0,0.0,1.56,2.48,0.0
20220213:2211,0.0,0.0,1.43,2.9,0.0
20220213:2311,0.0,0.0,1.04,2.21,0.0
20220214:0011,0.0,0.0,1.03,2.62,0.0
20220214:0111,0.0,0.0,0.65,1.86,0.0
20220214:0211,0.0,0.0,0.6,1.72,0.0
20220214:0311,0.0,0.0,0.6,1.52,0.0
20220214:0411,0.0,0.0,0.69,1.59,0.0
20220214:0511,0.0,0.0,0.76,1.59,0.0
20220214:0611,0.0,0.0,0.82,1.59,0.0
20220214:0711,0.0,0.0,0.78,1.52,0.0
20220214:0811,18.57,5.97,0.88,1.59,0.0
20220214:0911,50.65,11.56,1.03,1.59,0.0
20220214:1011,71.72,15.66,1.22,1.72,0.0
20220214:1111,130.55,17.94,1.4,2.0,0.0
20220214:1211,45.39,18.18,1.23,2.28,0.0
20220214:1311,20.88,16.35,1.24,2.69,0.0
20220214:1411,15.43,12.64,1.26,3.1,0.0
20220214:1511,363.19,7.36,1.23,3.59,0.0
20220214:1611,0.0,0.0,1.09,3.52,0.0
20220214:1711,0.0,0.0,1.05,2.9,0.0
20220214:1811,0.0,0.0,0.9,1.93,0.0
20220214:1911,0.0,0.0,0.51,1.31,0.0
20220214:2011,0.0,0.0,0.38,1.1,0.0
20220214:2111,0.0,0.0,0.08,0.9,0.0
20220214:2211,0.0,0.0,-0.13,0.9,0.0
20220214:2311,0.0,0.0,-0.1,0.97,0.0
20220215:0011,0.0,0.0,0.08,1.17,0.0
20220215:0111,0.0,0.0,-0.04,1.45,0.0
20220215:0211,0.0,0.0,0.04,1.59,0.0
20220215:0311,0.0,0.0,0.63,2.21,0.0
20220215:0411,0.0,0.0,0.73,2.62,0.0
20220215:0511,0.0,0.0,0.6,3.38,0.0
20220215:0611,0.0,0.0,0.0,3.45,0.0
20220215:0711,0.0,0.0,0.0,3.38,0.0
20220215:0811,32.08,6.28,-0.21,3.24,0.0
20220215:0911,72.6,11.88,-0.19,3.45,0.0
20220215:1011,78.07,16.0,-0.1,3.45,0.0
20220215:1111,339.11,18.28,0.02,3.1,0.0
20220215:1211,468.19,18.52,0.26,3.03,0.0
20220215:1311,63.55,16.69,0.5,2.9,0.0
20220215:1411,22.7,12.96,0.28,1.52,0.0
20220215:1511,86.86,7.67,0.04,2.76,0.0
20220215:1611,0.0,0.0,-0.06,2.76,0.0
20220215:1711,0.0,0.0,-0.11,2.62,0.0
20220215:1811,0.0,0.0,-0.07,2.48,0.0
20220215:1911,0.0,0.0,0.15,2.0,0.0
20220215:2011,0.0,0.0,0.22,1.38,0.0
20220215:2111,0.0,0.0,0.42,1.59,0.0
20220215:2211,0.0,0.0,0.21,2.48,0.0
20220215:2311,0.0,0.0,-0.95,2.28,0.0
20220216:0011,0.0,0.0,-0.6,2.41,0.0
20220216:0111,0.0,0.0,-0.49,2.55,0.0
20220216:0211,0.0,0.0,-0.09,2.48,0.0
20220216:0311,0.0,0.0,-0.34,2.62,0.0
20220216:0411,0.0,0.0,-0.32,2.62,0.0
20220216:0511,0.0,0.0,-0.46,2.14,0.0
20220216:0611,0.0,0.0,-0.7,1.86,0.0
20220216:0711,0.0,0.0,-1.57,1.38,0.0
20220216:0811,28.7,6.6,-1.56,1.17,0.0
20220216:0911,43.05,12.21,-0.98,1.03,0.0
20220216:1011,49.93,16.34,-1.06,1.45,0.0
20220216:1111,309.56,18.63,0.05,2.21,0.0
20220216:1211,104.8,18.86,0.33,2.69,0.0
20220216:1311,115.41,17.02,0.54,2.97,0.0
20220216:1411,34.5,13.29,0.46,2.41,0.0
20220216:1511,129.0,7.98,0.31,2.55,0.0
20220216:1611,0.0,0.0,0.05,2.14,0.0
20220216:1711,0.0,0.0,-0.17,2.21,0.0
20220216:1811,0.0,0.0,-0.19,2.28,0.0
20220216:1911,0.0,0.0,-0.44,3.24,0.0
20220216:2011,0.0,0.0,-1.04,3.38,0.0
20220216:2111,0.0,0.0,-1.62,2.76,0.0
20220216:2211,0.0,0.0,-2.11,2.41,0.0
20220216:2311,0.0,0.0,-2.18,2.21,0.0
20220217:0011,0.0,0.0,-2.4,1.93,0.0
20220217:0111,0.0,0.0,-3.01,1.79,0.0
20220217:0211,0.0,0.0,-3.64,1.72,0.0
20220217:0311,0.0,0.0,-3.86,1.59,0.0
20220217:0411,0.0,0.0,-3.99,1.45,0.0
20220217:0511,0.0,0.0,-4.4,1.66,0.0
20220217:0611,0.0,0.0,-4.49,1.86,0.0
20220217:0711,0.0,0.0,-4.16,1.72,0.0
20220217:0811,38.83,6.92,-3.58,1.52,0.0
20220217:0911,80.2,12.54,-2.34,1.24,0.0
20220217:1011,24.51,16.68,-1.48,1.45,0.0
20220217:1111,39.04,18.97,-0.38,2.0,0.0
20220217:1211,32.68,19.21,0.54,2.21,0.0
20220217:1311,37.22,17.36,0.41,2.76,0.0
20220217:1411,17.25,13.62,0.18,3.38,0.0
20220217:1511,52.89,8.29,-0.21,3.24,0.0
20220217:1611,0.84,1.79,-0.8,3.24,0.0
20220217:1711,0.0,0.0,-1.16,3.24,0.0
20220217:1811,0.0,0.0,-0.95,3.24,0.0
20220217:1911,0.0,0.0,-0.41,3.66,0.0
20220217:2011,0.0,0.0,-0.42,3.93,0.0
20220217:2111,0.0,0.0,-0.35,4.07,0.0
20220217:2211,0.0,0.0,-0.33,3.86,0.0
20220217:2311,0.0,0.0,-0.36,3.79,0.0
20220218:0011,0.0,0.0,-0.56,3.72,0.0
20220218:0111,0.0,0.0,-0.49,3.79,0.0
20220218:0211,0.0,0.0,-0.53,2.9,0.0
20220218:0311,0.0,0.0,-0.66,2.62,0.0
20220218:0411,0.0,0.0,-0.84,3.03,0.0
20220218:0511,0.0,0.0,-1.28,2.97,0.0
20220218:0611,0.0,0.0,-1.14,2.28,0.0
20220218:0711,0.0,0.0,-1.57,1.79,0.0
20220218:0811,10.97,7.24,-1.7,1.72,0.0
20220218:0911,83.58,12.88,-1.23,2.07,0.0
20220218:1011,40.85,17.02,-0.38,2.76,0.0
20220218:1111,34.5,19.33,-0.1,1.86,0.0
20220218:1211,849.39,19.56,-0.07,1.03,0.0
20220218:1311,39.04,17.71,0.01,1.79,0.0
20220218:1411,47.21,13.95,-0.02,2.21,0.0
20220218:1511,29.05,8.61,-0.53,2.83,0.0
20220218:1611,0.84,2.09,-0.81,3.45,0.0
20220218:1711,0.0,0.0,-1.03,4.0,0.0
20220218:1811,0.0,0.0,-1.17,4.21,0.0
20220218:1911,0.0,0.0,-1.12,4.21,0.0
20220218:2011,0.0,0.0,-1.17,3.38,0.0
20220218:2111,0.0,0.0,-1.37,2.83,0.0
20220218:2211,0.0,0.0,-1.65,2.62,0.0
20220218:2311,0.0,0.0,-1.92,2.21,0.0
20220219:0011,0.0,0.0,-2.41,2.07,0.0
20220219:0111,0.0,0.0,-3.59,2.0,0.0
20220219:0211,0.0,0.0,-4.21,2.0,0.0
20220219:0311,0.0,0.0,-4.65,2.0,0.0
20220219:0411,0.0,0.0,-4.99,2.0,0.0
20220219:0511,0.0,0.0,-5.28,2.21,0.0
20220219:0611,0.0,0.0,-5.28,2.21,0.0
20220219:0711,0.0,0.0,-4.96,2.0,0.0
20220219:0811,46.43,7.57,-2.95,1.1,0.0
20220219:0911,60.78,13.22,-2.53,0.28,0.0
20220219:1011,203.07,17.37,-1.74,0.48,0.0
20220219:1111,131.5,19.68,-1.21,0.69,0.0
20220219:1211,296.51,19.92,-1.51,0.83,0.0
20220219:1311,85.34,18.05,-1.49,0.9,0.0
20220219:1411,18.16,14.28,-1.68,1.17,0.0
20220219:1511,9.99,8.93,-1.89,1.38,0.0
20220219:1611,1.69,2.4,-2.13,1.79,0.0
20220219:1711,0.0,0.0,-2.62,2.14,0.0
20220219:1811,0.0,0.0,-3.96,2.14,0.0
20220219:1911,0.0,0.0,-5.59,2.48,0.0
20220219:2011,0.0,0.0,-6.33,2.34,0.0
20220219:2111,0.0,0.0,-6.29,2.14,0.0
20220219:2211,0.0,0.0,-6.21,2.0,0.0
20220219:2311,0.0,0.0,-5.6,1.72,0.0
20220220:0011,0.0,0.0,-5.37,1.59,0.0
20220220:0111,0.0,0.0,-5.24,1.03,0.0
20220220:0211,0.0,0.0,-4.59,0.62,0.0
20220220:0311,0.0,0.0,-5.94,0.55,0.0
20220220:0411,0.0,0.0,-6.75,1.03,0.0
20220220:0511,0.0,0.0,-7.44,1.31,0.0
20220220:0611,0.0,0.0,-7.58,1.59,0.0
20220220:0711,0.0,0.0,-6.47,1.93,0.0
20220220:0811,45.59,7.9,-5.5,2.07,0.0
20220220:0911,75.98,13.56,-3.97,2.76,0.0
20220220:1011,99.0,17.73,-2.83,3.1,0.0
20220220:1111,27.24,20.04,-2.34,3.72,0.0
20220220:1211,41.76,20.27,-1.82,3.86,0.0
20220220:1311,24.51,18.4,-1.43,3.59,0.0
20220220:1411,107.35,14.61,-1.35,3.52,0.0
20220220:1511,10.89,9.25,-1.33,3.93,0.0
20220220:1611,3.38,2.7,-1.5,2.48,0.0
20220220:1711,0.0,0.0,-1.82,1.45,0.0
20220220:1811,0.0,0.0,-2.15,1.24,0.0
20220220:1911,0.0,0.0,-2.24,1.52,0.0
20220220:2011,0.0,0.0,-2.22,1.45,0.0
20220220:2111,0.0,0.0,-2.18,1.31,0.0
20220220:2211,0.0,0.0,-2.16,1.31,0.0
20220220:2311,0.0,0.0,-2.16,1.31,0.0
20220221:0011,0.0,0.0,-1.78,0.97,0.0
20220221:0111,0.0,0.0,-1.49,0.69,0.0
20220221:0211,0.0,0.0,-1.79,0.97,0.0
20220221:0311,0.0,0.0,-2.44,1.66,0.0
20220221:0411,0.0,0.0,-2.95,2.14,0.0
20220221:0511,0.0,0.0,-2.23,2.41,0.0
20220221:0611,0.0,0.0,-2.56,2.28,0.0
20220221:0711,0.0,0.0,-1.77,2.55,0.0
20220221:0811,34.61,8.24,-2.23,2.34,0.0
20220221:0911,56.56,13.91,-1.07,2.97,0.0
20220221:1011,184.09,18.08,-0.23,3.31,0.0
20220221:1111,286.14,20.4,0.49,3.86,0.0
20220221:1211,43.58,20.63,0.94,4.07,0.0
20220221:1311,96.6,18.75,1.4,4.14,0.0
20220221:1411,79.76,14.95,1.29,3.93,0.0
20220221:1511,53.52,9.57,1.07,3.52,0.0
20220221:1611,5.07,3.01,0.71,3.59,0.0
20220221:1711,0.0,0.0,0.18,3.93,0.0
20220221:1811,0.0,0.0,-0.6,4.14,0.0
20220221:1911,0.0,0.0,-1.2,3.93,0.0
20220221:2011,0.0,0.0,-1.74,3.52,0.0
20220221:2111,0.0,0.0,-1.81,3.38,0.0
20220221:2211,0.0,0.0,-2.12,2.9,0.0
20220221:2311,0.0,0.0,-3.46,2.07,0.0
20220222:0011,0.0,0.0,-4.07,1.72,0.0
20220222:0111,0.0,0.0,-4.25,1.59,0.0
20220222:0211,0.0,0.0,-5.44,1.59,0.0
20220222:0311,0.0,0.0,-6.83,1.72,0.0
20220222:0411,0.0,0.0,-7.68,1.79,0.0
20220222:0511,0.0,0.0,-8.72,1.79,0.0
20220222:0611,0.0,0.0,-9.34,1.79,0.0
20220222:0711,0.84,1.81,-9.31,1.86,0.0
20220222:0811,19.42,8.58,-8.28,1.72,0.0
20220222:0911,93.71,14.26,-5.36,1.52,0.0
20220222:1011,24.51,18.44,-4.81,2.0,0.0
20220222:1111,371.5,20.77,-3.5,2.55,0.0
20220222:1211,71.72,20.99,-3.0,3.03,0.0
20220222:1311,65.37,19.1,-2.78,2.28,0.0
20220222:1411,39.04,15.29,-2.27,2.55,0.0
20220222:1511,25.42,9.89,-2.19,1.86,0.0
20220222:1611,2.72,3.32,-2.25,1.17,0.0
20220222:1711,0.0,0.0,-2.25,0.97,0.0
20220222:1811,0.0,0.0,-1.85,0.62,0.0
20220222:1911,0.0,0.0,-2.94,2.21,0.0
20220222:2011,0.0,0.0,-3.0,2.34,0.0
20220222:2111,0.0,0.0,-3.49,2.55,0.0
20220222:2211,0.0,0.0,-1.94,3.24,0.0
20220222:2311,0.0,0.0,-0.65,4.0,0.0
20220223:0011,0.0,0.0,-0.92,3.79,0.0
20220223:0111,0.0,0.0,-0.93,3.86,0.0
20220223:0211,0.0,0.0,-0.48,4.14,0.0
20220223:0311,0.0,0.0,-0.78,3.59,0.0
20220223:0411,0.0,0.0,-0.99,3.17,0.0
20220223:0511,0.0,0.0,-2.15,2.55,0.0
20220223:0611,0.0,0.0,-1.83,1.66,0.0
20220223:0711,0.84,2.14,-1.48,1.66,0.0
20220223:0811,37.99,8.92,-2.49,2.14,0.0
20220223:0911,16.88,14.61,-1.95,2.76,0.0
20220223:1011,39.04,18.81,-0.47,3.17,0.0
20220223:1111,50.84,21.13,0.63,3.03,0.0
20220223:1211,116.31,21.36,1.38,3.24,0.0
20220223:1311,46.3,19.46,1.93,3.52,0.0
20220223:1411,33.59,15.62,1.64,4.28,0.0
20220223:1511,29.05,10.21,1.9,4.28,0.0
20220223:1611,3.63,3.63,1.6,4.28,0.0
20220223:1711,0.0,0.0,1.72,4.34,0.0
20220223:1811,0.0,0.0,1.89,4.48,0.0
20220223:1911,0.0,0.0,2.34,5.52,0.0
20220223:2011,0.0,0.0,2.19,5.72,0.0
20220223:2111,0.0,0.0,2.21,5.31,0.0
20220223:2211,0.0,0.0,2.39,5.72,0.0
20220223:2311,0.0,0.0,1.42,4.97,0.0
20220224:0011,0.0,0.0,0.68,2.48,0.0
20220224:0111,0.0,0.0,0.13,3.38,0.0
20220224:0211,0.0,0.0,-0.4,3.66,0.0
20220224:0311,0.0,0.0,-0.53,3.17,0.0
20220224:0411,0.0,0.0,-0.72,2.48,0.0
20220224:0511,0.0,0.0,-1.02,2.55,0.0
20220224:0611,0.0,0.0,-1.27,2.34,0.0
20220224:0711,3.38,2.48,-1.41,1.79,0.0
20220224:0811,28.7,9.27,-2.25,1.79,0.0
20220224:0911,101.31,14.97,-1.93,2.07,0.0
20220224:1011,588.84,19.17,-0.88,2.41,0.0
20220224:1111,219.89,21.5,-0.11,2.28,0.0
20220224:1211,51.75,21.72,0.4,2.28,0.0
20220224:1311,27.24,19.81,0.27,2.83,0.0
20220224:1411,48.12,15.96,-0.09,2.83,0.0
20220224:1511,112.09,10.54,-0.54,2.69,0.0
20220224:1611,11.8,3.94,-1.29,2.69,0.0
20220224:1711,0.0,0.0,-1.96,1.66,0.0
20220224:1811,0.0,0.0,-1.71,1.66,0.0
20220224:1911,0.0,0.0,-1.6,1.52,0.0
20220224:2011,0.0,0.0,-2.87,1.52,0.0
20220224:2111,0.0,0.0,-3.81,1.79,0.0
20220224:2211,0.0,0.0,-3.44,1.79,0.0
20220224:2311,0.0,0.0,-3.79,1.59,0.0
20220225:0011,0.0,0.0,-3.35,1.38,0.0
20220225:0111,0.0,0.0,-3.07,1.31,0.0
20220225:0211,0.0,0.0,-2.71,1.1,0.0
20220225:0311,0.0,0.0,-2.09,0.69,0.0
20220225:0411,0.0,0.0,-2.46,0.83,0.0
20220225:0511,0.0,0.0,-3.12,1.24,0.0
20220225:0611,0.0,0.0,-3.05,1.66,0.0
20220225:0711,1.69,2.82,-1.7,2.55,0.0
20220225:0811,10.13,9.62,-0.88,3.45,0.0
20220225:0911,105.53,15.33,-0.01,4.21,0.0
20220225:1011,190.11,19.54,0.5,4.69,0.0
20220225:1111,123.39,21.88,0.99,5.52,0.0
20220225:1211,39.04,22.09,1.29,4.55,0.0
20220225:1311,87.15,20.17,1.59,4.28,0.0
20220225:1411,78.07,16.31,1.38,4.76,0.0
20220225:1511,142.14,10.86,0.99,4.28,0.0
20220225:1611,8.17,4.25,0.3,3.72,0.0
20220225:1711,0.0,0.0,-1.24,3.17,0.0
20220225:1811,0.0,0.0,-3.0,2.62,0.0
20220225:1911,0.0,0.0,-4.07,2.41,0.0
20220225:2011,0.0,0.0,-4.71,2.21,0.0
20220225:2111,0.0,0.0,-4.86,2.0,0.0
20220225:2211,0.0,0.0,-5.17,1.93,0.0
20220225:2311,0.0,0.0,-5.38,1.86,0.0
20220226:0011,0.0,0.0,-5.46,1.79,0.0
20220226:0111,0.0,0.0,-5.81,1.72,0.0
20220226:0211,0.0,0.0,-6.07,1.79,0.0
20220226:0311,0.0,0.0,-6.93,1.86,0.0
20220226:0411,0.0,0.0,-7.83,1.93,0.0
20220226:0511,0.0,0.0,-8.55,1.86,0.0
20220226:0611,0.0,0.0,-8.76,1.72,0.0
20220226:0711,3.38,3.16,-3.98,1.1,0.0
20220226:0811,29.55,9.97,-2.45,1.1,0.0
20220226:0911,74.29,15.69,-2.72,1.45,0.0
20220226:1011,95.32,19.91,-1.2,1.59,0.0
20220226:1111,105.31,22.25,-0.23,1.86,0.0
20220226:1211,30.87,22.46,0.51,2.07,0.0
20220226:1311,44.48,20.53,1.2,2.28,0.0
20220226:1411,24.51,16.65,0.69,2.28,0.0
20220226:1511,113.42,11.19,1.24,2.34,0.0
20220226:1611,3.63,4.56,0.66,2.28,0.0
20220226:1711,0.0,0.0,0.55,2.21,0.0
20220226:1811,0.0,0.0,0.55,2.14,0.0
20220226:1911,0.0,0.0,0.63,2.21,0.0
20220226:2011,0.0,0.0,0.77,2.34,0.0
20220226:2111,0.0,0.0,1.04,2.48,0.0
20220226:2211,0.0,0.0,0.63,2.41,0.0
20220226:2311,0.0,0.0,0.37,2.41,0.0
20220227:0011,0.0,0.0,0.24,2.41,0.0
20220227:0111,0.0,0.0,0.26,2.48,0.0
20220227:0211,0.0,0.0,-0.09,2.48,0.0
20220227:0311,0.0,0.0,-0.06,2.41,0.0
20220227:0411,0.0,0.0,-0.23,2.48,0.0
20220227:0511,0.0,0.0,-0.15,2.48,0.0
20220227:0611,0.0,0.0,-0.27,2.55,0.0
20220227:0711,2.53,3.51,0.06,2.48,0.0
20220227:0811,10.97,10.33,0.31,2.76,0.0
20220227:0911,110.59,16.06,0.67,2.76,0.0
20220227:1011,334.95,20.29,1.08,2.76,0.0
20220227:1111,41.76,22.63,1.25,2.97,0.0
20220227:1211,31.77,22.84,1.72,3.03,0.0
20220227:1311,156.88,20.89,1.61,3.03,0.0
20220227:1411,87.57,16.99,1.59,2.9,0.0
20220227:1511,368.12,11.51,1.07,2.41,0.0
20220227:1611,14.53,4.87,0.37,2.28,0.0
20220227:1711,0.0,0.0,-0.63,2.34,0.0
20220227:1811,0.0,0.0,-0.93,2.41,0.0
20220227:1911,0.0,0.0,-0.83,2.69,0.0
20220227:2011,0.0,0.0,-0.81,2.97,0.0
20220227:2111,0.0,0.0,-1.13,2.9,0.0
20220227:2211,0.0,0.0,-2.01,2.9,0.0
20220227:2311,0.0,0.0,-2.85,2.97,0.0
20220228:0011,0.0,0.0,-2.85,3.1,0.0
20220228:0111,0.0,0.0,-2.79,3.1,0.0
20220228:0211,0.0,0.0,-2.1,3.03,0.0
20220228:0311,0.0,0.0,-1.1,3.03,0.0
20220228:0411,0.0,0.0,-0.78,3.03,0.0
20220228:0511,0.0,0.0,-0.77,2.97,0.0
20220228:0611,0.0,0.0,-0.72,2.97,0.0
20220228:0711,3.38,3.86,-0.57,3.17,0.0
20220228:0811,26.17,10.69,-0.44,2.97,0.0
20220228:0911,32.08,16.43,0.28,3.86,0.0
20220228:1011,28.14,20.66,0.53,3.72,0.0
20220228:1111,31.77,23.01,1.07,3.72,0.0
20220228:1211,37.22,23.21,1.31,3.72,0.0
20220228:1311,29.05,21.25,1.27,3.52,0.0
20220228:1411,60.83,17.34,1.33,3.38,0.0
20220228:1511,182.03,11.84,1.08,3.38,0.0
20220228:1611,20.88,5.18,0.83,3.52,0.0
20220228:1711,0.0,0.0,0.48,3.31,0.0
20220228:1811,0.0,0.0,0.37,3.38,0.0
20220228:1911,0.0,0.0,0.37,3.24,0.0
20220228:2011,0.0,0.0,0.33,3.17,0.0
20220228:2111,0.0,0.0,0.34,3.17,0.0
20220228:2211,0.0,0.0,0.41,3.17,0.0
20220228:2311,0.0,0.0,0.54,3.24,0.0
20220301:0011,0.0,0.0,0.75,3.17,0.0
20220301:0111,0.0,0.0,1.0,2.83,0.0
20220301:0211,0.0,0.0,1.06,2.55,0.0
20220301:0311,0.0,0.0,0.89,1.59,0.0
20220301:0411,0.0,0.0,0.79,1.31,0.0
20220301:0511,0.0,0.0,0.94,1.66,0.0
20220301:0611,0.0,0.0,1.05,2.14,0.0
20220301:0711,9.29,4.21,0.96,2.21,0.0
20220301:0811,31.24,11.05,0.99,2.21,0.0
20220301:0911,32.92,16.8,1.04,2.28,0.0
20220301:1011,66.27,21.04,1.65,3.03,0.0
20220301:1111,108.03,23.39,2.22,3.31,0.0
20220301:1211,44.48,23.59,2.34,3.24,0.0
20220301:1311,688.34,21.61,2.49,3.31,0.0
20220301:1411,97.49,17.68,2.37,3.31,0.0
20220301:1511,72.69,12.17,1.67,2.62,0.0
20220301:1611,16.34,5.49,1.08,2.48,0.0
20220301:1711,0.0,0.0,-0.45,2.14,0.0
20220301:1811,0.0,0.0,-1.49,2.0,0.0
20220301:1911,0.0,0.0,-1.16,1.72,0.0
20220301:2011,0.0,0.0,-1.14,1.59,0.0
20220301:2111,0.0,0.0,-0.92,1.45,0.0
20220301:2211,0.0,0.0,-0.98,1.52,0.0
20220301:2311,0.0,0.0,-0.81,1.45,0.0
20220302:0011,0.0,0.0,-0.59,1.45,0.0
20220302:0111,0.0,0.0,-0.8,1.59,0.0
20220302:0211,0.0,0.0,-0.9,1.72,0.0
20220302:0311,0.0,0.0,-1.06,1.86,0.0
20220302:0411,0.0,0.0,-0.88,2.0,0.0
20220302:0511,0.0,0.0,-0.46,2.14,0.0
20220302:0611,0.0,0.0,-0.07,2.28,0.0
20220302:0711,5.07,4.57,-0.04,2.41,0.0
20220302:0811,71.76,11.41,0.31,2.55,0.0
20220302:0911,117.35,17.18,0.73,2.48,0.0
20220302:1011,227.94,21.43,1.48,2.55,0.0
20220302:1111,536.37,23.77,2.53,2.55,0.0
20220302:1211,290.62,23.96,2.54,2.48,0.0
20220302:1311,670.3,21.98,2.42,2.21,0.0
20220302:1411,648.83,18.03,2.23,2.07,0.0
20220302:1511,548.41,12.5,1.86,1.79,0.0
20220302:1611,271.27,5.81,0.71,1.79,0.0
20220302:1711,0.0,0.0,-0.84,1.86,0.0
20220302:1811,0.0,0.0,-2.73,2.07,0.0
20220302:1911,0.0,0.0,-3.15,2.0,0.0
20220302:2011,0.0,0.0,-4.15,2.21,0.0
20220302:2111,0.0,0.0,-4.68,2.28,0.0
20220302:2211,0.0,0.0,-5.02,2.21,0.0
20220302:2311,0.0,0.0,-5.05,2.21,0.0
20220303:0011,0.0,0.0,-4.64,2.14,0.0
20220303:0111,0.0,0.0,-4.3,2.21,0.0
20220303:0211,0.0,0.0,-4.11,2.21,0.0
20220303:0311,0.0,0.0,-3.99,2.28,0.0
20220303:0411,0.0,0.0,-3.92,2.28,0.0
20220303:0511,0.0,0.0,-3.81,2.28,0.0
20220303:0611,0.0,0.0,-3.95,2.28,0.0
20220303:0711,12.66,4.93,-3.77,2.21,0.0
20220303:0811,68.38,11.78,-2.65,2.0,0.0
20220303:0911,75.98,17.55,-1.2,1.86,0.0
20220303:1011,558.38,21.81,0.28,2.41,0.0
20220303:1111,732.75,24.16,1.68,2.69,0.0
20220303:1211,385.44,24.34,1.67,2.55,0.0
20220303:1311,688.3,22.34,2.39,2.41,0.0
20220303:1411,746.75,18.38,1.9,2.41,0.0
20220303:1511,567.69,12.82,1.18,2.07,0.0
20220303:1611,290.25,6.12,-0.23,1.93,0.0
20220303:1711,0.0,0.0,-1.45,1.86,0.0
20220303:1811,0.0,0.0,-2.37,1.86,0.0
20220303:1911,0.0,0.0,-1.99,1.72,0.0
20220303:2011,0.0,0.0,-4.08,1.86,0.0
20220303:2111,0.0,0.0,-5.53,1.86,0.0
20220303:2211,0.0,0.0,-5.95,1.86,0.0
20220303:2311,0.0,0.0,-6.03,1.86,0.0
20220304:0011,0.0,0.0,-5.81,1.86,0.0
20220304:0111,0.0,0.0,-5.79,1.86,0.0
20220304:0211,0.0,0.0,-5.71,1.86,0.0
20220304:0311,0.0,0.0,-5.87,1.86,0.0
20220304:0411,0.0,0.0,-6.14,1.93,0.0
20220304:0511,0.0,0.0,-6.53,1.93,0.0
20220304:0611,0.0,0.0,-7.2,2.0,0.0
20220304:0711,16.04,5.29,-7.56,2.14,0.0
20220304:0811,48.12,12.15,-6.33,2.0,0.0
20220304:0911,70.91,17.93,-4.21,1.72,0.0
20220304:1011,645.11,22.2,-2.44,1.79,0.0
20220304:1111,694.6,24.55,-0.4,2.14,0.0
20220304:1211,449.75,24.72,0.42,2.55,0.0
20220304:1311,704.07,22.71,0.75,2.62,0.0
20220304:1411,784.45,18.72,0.13,2.55,0.0
20220304:1511,577.68,13.15,0.21,2.55,0.0
20220304:1611,279.88,6.43,-0.81,2.41,0.0
20220304:1711,0.0,0.0,-2.87,2.41,0.0
20220304:1811,0.0,0.0,-4.61,2.28,0.0
20220304:1911,0.0,0.0,-4.68,2.0,0.0
20220304:2011,0.0,0.0,-4.49,1.66,0.0
20220304:2111,0.0,0.0,-4.59,1.59,0.0
20220304:2211,0.0,0.0,-5.64,1.66,0.0
20220304:2311,0.0,0.0,-6.07,1.66,0.0
20220305:0011,0.0,0.0,-6.42,1.66,0.0
20220305:0111,0.0,0.0,-5.61,1.45,0.0
20220305:0211,0.0,0.0,-4.63,1.17,0.0
20220305:0311,0.0,0.0,-4.55,1.31,0.0
20220305:0411,0.0,0.0,-4.38,1.24,0.0
20220305:0511,0.0,0.0,-4.33,1.24,0.0
20220305:0611,0.0,0.0,-4.35,1.24,0.0
20220305:0711,22.79,5.65,-4.06,1.24,0.0
20220305:0811,81.89,12.52,-2.65,0.83,0.0
20220305:0911,125.79,18.31,-1.13,0.28,0.0
20220305:1011,137.72,22.58,-0.37,0.21,0.0
20220305:1111,424.85,24.94,0.49,1.1,0.0
20220305:1211,61.73,25.11,-0.1,1.72,0.0
20220305:1311,455.23,23.08,1.18,1.93,0.0
20220305:1411,318.8,19.07,0.34,2.14,0.0
20220305:1511,245.17,13.48,0.5,1.86,0.0
20220305:1611,9.08,6.75,0.0,1.52,0.0
20220305:1711,0.0,0.0,-1.13,1.31,0.0
20220305:1811,0.0,0.0,-2.0,1.45,0.0
20220305:1911,0.0,0.0,-2.17,1.72,0.0
20220305:2011,0.0,0.0,-3.11,2.21,0.0
20220305:2111,0.0,0.0,-3.64,2.48,0.0
20220305:2211,0.0,0.0,-4.14,2.48,0.0
20220305:2311,0.0,0.0,-4.85,2.48,0.0
20220306:0011,0.0,0.0,-5.14,2.48,0.0
20220306:0111,0.0,0.0,-5.42,2.62,0.0
20220306:0211,0.0,0.0,-5.51,2.48,0.0
20220306:0311,0.0,0.0,-5.54,2.28,0.0
20220306:0411,0.0,0.0,-5.95,2.28,0.0
20220306:0511,0.0,0.0,-6.11,2.14,0.0
20220306:0611,0.0,0.0,-6.34,2.14,0.0
20220306:0711,11.82,6.02,-5.87,2.0,0.0
20220306:0811,77.67,12.89,-4.52,1.72,0.0
20220306:0911,131.7,18.69,-2.82,1.52,0.0
20220306:1011,788.61,22.97,-1.18,1.93,0.0
20220306:1111,914.33,25.33,0.78,1.86,0.0
20220306:1211,959.77,25.49,1.62,1.93,0.0
20220306:1311,916.31,23.44,0.56,1.86,0.0
20220306:1411,720.67,19.42,1.32,1.79,0.0
20220306:1511,359.84,13.81,0.66,1.66,0.0
20220306:1611,23.6,7.06,-0.53,1.66,0.0
20220306:1711,0.0,0.0,-2.42,1.86,0.0
20220306:1811,0.0,0.0,-3.69,2.0,0.0
20220306:1911,0.0,0.0,-3.53,2.34,0.0
20220306:2011,0.0,0.0,-4.17,2.48,0.0
20220306:2111,0.0,0.0,-4.66,2.34,0.0
20220306:2211,0.0,0.0,-4.6,2.14,0.0
20220306:2311,0.0,0.0,-4.93,2.0,0.0
20220307:0011,0.0,0.0,-5.48,1.93,0.0
20220307:0111,0.0,0.0,-5.74,2.0,0.0
20220307:0211,0.0,0.0,-5.79,2.21,0.0
20220307:0311,0.0,0.0,-5.88,2.34,0.0
20220307:0411,0.0,0.0,-5.94,2.48,0.0
20220307:0511,0.0,0.0,-5.92,2.55,0.0
20220307:0611,0.0,0.0,-5.77,2.62,0.0
20220307:0711,33.77,6.38,-5.87,2.41,0.0
20220307:0811,89.49,13.27,-4.21,2.07,0.0
20220307:0911,126.63,19.08,-1.63,1.72,0.0
20220307:1011,473.22,23.37,0.33,1.66,0.0
20220307:1111,325.98,25.72,1.61,1.72,0.0
20220307:1211,666.95,25.87,2.61,1.86,0.0
20220307:1311,870.27,23.81,2.05,1.93,0.0
20220307:1411,548.62,19.77,2.02,1.86,0.0
20220307:1511,593.96,14.14,1.16,1.93,0.0
20220307:1611,168.81,7.38,-0.25,2.0,0.0
20220307:1711,0.0,0.0,-2.01,2.07,0.0
20220307:1811,0.0,0.0,-3.25,2.0,0.0
20220307:1911,0.0,0.0,-3.72,1.93,0.0
20220307:2011,0.0,0.0,-4.37,1.93,0.0
20220307:2111,0.0,0.0,-4.93,2.0,0.0
20220307:2211,0.0,0.0,-5.39,2.07,0.0
20220307:2311,0.0,0.0,-5.83,2.14,0.0
20220308:0011,0.0,0.0,-6.06,2.21,0.0
20220308:0111,0.0,0.0,-6.33,2.21,0.0
20220308:0211,0.0,0.0,-6.6,2.21,0.0
20220308:0311,0.0,0.0,-7.19,2.21,0.0
20220308:0411,0.0,0.0,-7.87,2.28,0.0
20220308:0511,0.0,0.0,-8.53,2.28,0.0
20220308:0611,0.0,0.0,-9.16,2.28,0.0
20220308:0711,26.17,6.75,-10.39,2.21,0.0
20220308:0811,76.82,13.65,-7.81,1.79,0.0
20220308:0911,57.41,19.47,-2.38,1.38,0.0
20220308:1011,806.49,23.76,1.67,0.62,0.0
20220308:1111,720.65,26.11,3.82,0.34,0.0
20220308:1211,454.43,26.26,4.34,0.9,0.0
20220308:1311,561.1,24.18,4.43,1.03,0.0
20220308:1411,621.98,20.12,4.23,1.1,0.0
20220308:1511,552.35,14.47,3.73,1.1,0.0
20220308:1611,344.09,7.69,2.54,1.31,0.0
20220308:1711,0.0,0.0,0.61,1.59,0.0
20220308:1811,0.0,0.0,-1.41,1.72,0.0
20220308:1911,0.0,0.0,-1.91,1.93,0.0
20220308:2011,0.0,0.0,-3.39,2.0,0.0
20220308:2111,0.0,0.0,-3.6,1.93,0.0
20220308:2211,0.0,0.0,-3.41,1.86,0.0
20220308:2311,0.0,0.0,-3.32,1.86,0.0
20220309:0011,0.0,0.0,-3.99,1.93,0.0
20220309:0111,0.0,0.0,-5.0,2.0,0.0
20220309:0211,0.0,0.0,-5.61,2.0,0.0
20220309:0311,0.0,0.0,-5.89,2.0,0.0
20220309:0411,0.0,0.0,-6.31,2.14,0.0
20220309:0511,0.0,0.0,-6.3,2.14,0.0
20220309:0611,0.0,0.0,-6.45,2.21,0.0
20220309:0711,40.52,7.12,-6.37,2.41,0.0
20220309:0811,49.81,14.03,-4.79,2.21,0.0
20220309:0911,60.78,19.85,-3.19,2.48,0.0
20220309:1011,805.08,24.15,-1.16,2.48,0.0
20220309:1111,879.72,26.51,0.63,2.97,0.0
20220309:1211,678.45,26.64,1.3,3.31,0.0
20220309:1311,610.58,24.55,0.52,3.24,0.0
20220309:1411,801.86,20.47,1.35,3.1,0.0
20220309:1511,599.41,14.8,1.15,3.24,0.0
20220309:1611,333.22,8.0,0.27,3.1,0.0
20220309:1711,0.0,0.0,-1.56,3.1,0.0
20220309:1811,0.0,0.0,-3.56,2.83,0.0
20220309:1911,0.0,0.0,-4.5,2.69,0.0
20220309:2011,0.0,0.0,-4.87,2.41,0.0
20220309:2111,0.0,0.0,-4.71,2.21,0.0
20220309:2211,0.0,0.0,-4.88,2.28,0.0
20220309:2311,0.0,0.0,-4.82,2.41,0.0
20220310:0011,0.0,0.0,-4.27,2.41,0.0
20220310:0111,0.0,0.0,-4.21,2.21,0.0
20220310:0211,0.0,0.0,-4.24,2.14,0.0
20220310:0311,0.0,0.0,-3.98,2.14,0.0
20220310:0411,0.0,0.0,-3.7,2.07,0.0
20220310:0511,0.0,0.0,-3.63,2.07,0.0
20220310:0611,0.0,0.0,-3.45,2.14,0.0
20220310:0711,30.39,7.5,-2.86,2.28,0.0
20220310:0811,96.24,14.41,-1.98,2.07,0.0
20220310:0911,610.84,20.24,-0.53,2.76,0.0
20220310:1011,799.16,24.55,0.67,2.97,0.0
20220310:1111,826.78,26.9,1.5,3.31,0.0
20220310:1211,785.76,27.03,1.38,3.38,0.0
20220310:1311,814.06,24.92,2.24,3.45,0.0
20220310:1411,697.49,20.81,1.76,3.45,0.0
20220310:1511,502.71,15.13,1.8,3.79,0.0
20220310:1611,325.07,8.31,0.87,3.59,0.0
20220310:1711,0.0,0.0,0.19,3.59,0.0
20220310:1811,0.0,0.0,-0.55,3.52,0.0
20220310:1911,0.0,0.0,-1.07,3.59,0.0
20220310:2011,0.0,0.0,-0.88,3.79,0.0
20220310:2111,0.0,0.0,-0.65,3.79,0.0
20220310:2211,0.0,0.0,-0.57,3.72,0.0
20220310:2311,0.0,0.0,-0.45,3.72,0.0
20220311:0011,0.0,0.0,-0.73,3.59,0.0
20220311:0111,0.0,0.0,-0.87,3.59,0.0
20220311:0211,0.0,0.0,-0.56,3.79,0.0
20220311:0311,0.0,0.0,-0.52,3.93,0.0
20220311:0411,0.0,0.0,-0.43,4.21,0.0
20220311:0511,0.0,0.0,-0.56,4.34,0.0
20220311:0611,0.0,0.0,-0.78,4.41,0.0
20220311:0711,30.39,7.87,-0.84,4.48,0.0
20220311:0811,69.23,14.79,-0.62,4.62,0.0
20220311:0911,632.33,20.63,-0.21,4.9,0.0
20220311:1011,824.47,24.95,0.16,5.03,0.0
20220311:1111,948.3,27.3,0.51,5.1,0.0
20220311:1211,637.26,27.42,1.09,5.17,0.0
20220311:1311,579.18,25.29,1.27,5.1,0.0
20220311:1411,696.34,21.16,1.22,4.97,0.0
20220311:1511,617.92,15.46,0.9,5.45,0.0
20220311:1611,354.33,8.63,0.12,5.52,0.0
20220311:1711,0.0,0.0,-0.91,5.59,0.0
20220311:1811,0.0,0.0,-1.66,5.72,0.0
20220311:1911,0.0,0.0,-1.95,5.66,0.0
20220311:2011,0.0,0.0,-2.16,5.52,0.0
20220311:2111,0.0,0.0,-2.25,5.38,0.0
20220311:2211,0.0,0.0,-2.38,5.31,0.0
20220311:2311,0.0,0.0,-2.51,5.24,0.0
20220312:0011,0.0,0.0,-2.72,5.24,0.0
20220312:0111,0.0,0.0,-2.92,5.17,0.0
20220312:0211,0.0,0.0,-3.08,5.1,0.0
20220312:0311,0.0,0.0,-3.22,5.1,0.0
20220312:0411,0.0,0.0,-3.29,5.1,0.0
20220312:0511,0.0,0.0,-3.21,5.17,0.0
20220312:0611,0.0,0.0,-3.27,5.17,0.0
20220312:0711,40.52,8.25,-2.57,5.1,0.0
20220312:0811,57.41,15.17,-1.85,4.76,0.0
20220312:0911,563.17,21.03,-0.99,6.0,0.0
20220312:1011,559.7,25.35,-0.16,5.72,0.0
20220312:1111,510.35,27.7,0.41,5.59,0.0
20220312:1211,358.89,27.81,1.06,5.31,0.0
20220312:1311,403.58,25.66,1.25,5.24,0.0
20220312:1411,49.93,21.51,1.21,4.69,0.0
20220312:1511,85.52,15.78,0.86,4.48,0.0
20220312:1611,351.83,8.94,0.63,4.28,0.0
20220312:1711,0.0,0.0,0.24,4.34,0.0
20220312:1811,0.0,0.0,-0.01,4.14,0.0
20220312:1911,0.0,0.0,0.24,3.45,0.0
20220312:2011,0.0,0.0,0.39,3.17,0.0
20220312:2111,0.0,0.0,0.44,2.69,0.0
20220312:2211,0.0,0.0,0.62,2.48,0.0
20220312:2311,0.0,0.0,0.47,2.48,0.0
20220313:0011,0.0,0.0,-0.24,2.41,0.0
20220313:0111,0.0,0.0,-0.78,2.41,0.0
20220313:0211,0.0,0.0,-0.66,2.48,0.0
20220313:0311,0.0,0.0,-0.68,2.9,0.0
20220313:0411,0.0,0.0,-0.5,3.31,0.0
20220313:0511,0.0,0.0,-0.17,3.86,0.0
20220313:0611,0.0,0.0,-0.23,4.48,0.0
20220313:0711,24.48,8.62,0.0,4.9,0.0
20220313:0811,103.84,15.56,0.31,5.1,0.0
20220313:0911,313.96,21.42,0.63,5.03,0.0
20220313:1011,803.61,25.74,1.0,4.76,0.0
20220313:1111,933.79,28.1,1.47,4.62,0.0
20220313:1211,975.49,28.2,1.88,4.34,0.0
20220313:1311,804.33,26.03,2.16,4.07,0.0
20220313:1411,524.49,21.86,2.2,4.34,0.0
20220313:1511,180.39,16.11,1.85,4.41,0.0
20220313:1611,86.48,9.25,1.27,4.55,0.0
20220313:1711,0.84,1.73,0.47,4.76,0.0
20220313:1811,0.0,0.0,-0.3,4.76,0.0
20220313:1911,0.0,0.0,-0.45,4.48,0.0
20220313:2011,0.0,0.0,-0.7,4.21,0.0
20220313:2111,0.0,0.0,-1.0,4.21,0.0
20220313:2211,0.0,0.0,-1.2,4.21,0.0
20220313:2311,0.0,0.0,-1.33,4.07,0.0
20220314:0011,0.0,0.0,-1.63,3.66,0.0
20220314:0111,0.0,0.0,-1.91,3.45,0.0
20220314:0211,0.0,0.0,-2.08,3.38,0.0
20220314:0311,0.0,0.0,-2.09,3.45,0.0
20220314:0411,0.0,0.0,-1.91,3.52,0.0
20220314:0511,0.0,0.0,-1.92,3.59,0.0
20220314:0611,0.0,0.0,-1.74,3.59,0.0
20220314:0711,46.43,9.0,-0.58,3.72,0.0
20220314:0811,107.21,15.94,0.34,4.0,0.0
20220314:0911,552.31,21.81,0.88,3.93,0.0
20220314:1011,484.43,26.14,1.5,3.86,0.0
20220314:1111,934.24,28.5,2.16,3.93,0.0
20220314:1211,922.93,28.58,2.7,3.59,0.0
20220314:1311,301.21,26.4,2.98,3.45,0.0
20220314:1411,805.86,22.21,3.14,3.79,0.0
20220314:1511,113.27,16.44,2.78,3.52,0.0
20220314:1611,12.71,9.56,2.17,3.45,0.0
20220314:1711,0.84,2.03,1.35,3.03,0.0
20220314:1811,0.0,0.0,0.44,2.48,0.0
20220314:1911,0.0,0.0,0.19,2.34,0.0
20220314:2011,0.0,0.0,-0.56,2.14,0.0
20220314:2111,0.0,0.0,-0.62,2.0,0.0
20220314:2211,0.0,0.0,-0.69,1.93,0.0
20220314:2311,0.0,0.0,-0.99,1.79,0.0
20220315:0011,0.0,0.0,-0.91,1.66,0.0
20220315:0111,0.0,0.0,-0.8,1.72,0.0
20220315:0211,0.0,0.0,-0.87,1.59,0.0
20220315:0311,0.0,0.0,-0.5,1.38,0.0
20220315:0411,0.0,0.0,-0.44,1.38,0.0
20220315:0511,0.0,0.0,0.12,1.38,0.0
20220315:0611,0.84,1.81,-0.09,1.52,0.0
20220315:0711,37.99,9.38,0.06,1.52,0.0
20220315:0811,61.63,16.33,0.68,1.24,0.0
20220315:0911,285.99,22.21,2.3,1.52,0.0
20220315:1011,199.41,26.55,2.43,1.93,0.0
20220315:1111,307.67,28.9,2.74,2.14,0.0
20220315:1211,128.91,28.97,2.77,2.21,0.0
20220315:1311,244.96,26.77,2.56,1.93,0.0
20220315:1411,231.97,22.56,2.43,1.72,0.0
20220315:1511,94.49,16.77,2.35,1.38,0.0
20220315:1611,17.25,9.88,2.65,1.17,0.0
20220315:1711,1.69,2.33,2.21,1.17,0.0
20220315:1811,0.0,0.0,1.52,1.31,0.0
20220315:1911,0.0,0.0,1.23,1.31,0.0
20220315:2011,0.0,0.0,0.94,1.31,0.0
20220315:2111,0.0,0.0,0.36,1.52,0.0
20220315:2211,0.0,0.0,0.66,1.45,0.0
20220315:2311,0.0,0.0,0.53,1.45,0.0
20220316:0011,0.0,0.0,0.66,1.38,0.0
20220316:0111,0.0,0.0,0.55,1.38,0.0
20220316:0211,0.0,0.0,0.27,1.38,0.0
20220316:0311,0.0,0.0,0.44,1.38,0.0
20220316:0411,0.0,0.0,0.6,1.38,0.0
20220316:0511,0.0,0.0,0.86,1.38,0.0
20220316:0611,0.84,2.18,0.87,1.45,0.0
20220316:0711,57.41,9.76,0.67,1.66,0.0
20220316:0811,65.0,16.72,1.23,1.79,0.0
20220316:0911,114.47,22.61,1.66,2.07,0.0
20220316:1011,95.32,26.95,2.54,2.76,0.0
20220316:1111,217.53,29.3,3.21,3.79,0.0
20220316:1211,57.19,29.36,3.89,4.07,0.0
20220316:1311,205.36,27.14,3.84,3.38,0.0
20220316:1411,118.67,22.9,3.59,2.76,0.0
20220316:1511,73.54,17.09,3.17,2.69,0.0
20220316:1611,45.39,10.19,2.75,2.69,0.0
20220316:1711,1.69,2.63,2.46,2.69,0.0
20220316:1811,0.0,0.0,2.21,2.69,0.0
20220316:1911,0.0,0.0,1.62,2.69,0.0
20220316:2011,0.0,0.0,1.33,3.03,0.0
20220316:2111,0.0,0.0,1.15,3.17,0.0
20220316:2211,0.0,0.0,1.0,3.52,0.0
20220316:2311,0.0,0.0,0.78,4.0,0.0
20220317:0011,0.0,0.0,0.65,4.28,0.0
20220317:0111,0.0,0.0,0.3,4.34,0.0
20220317:0211,0.0,0.0,0.08,4.14,0.0
20220317:0311,0.0,0.0,0.01,4.41,0.0
20220317:0411,0.0,0.0,0.19,4.83,0.0
20220317:0511,0.0,0.0,0.38,5.31,0.0
20220317:0611,1.69,2.56,0.47,5.72,0.0
20220317:0711,22.79,10.14,0.9,5.66,0.0
20220317:0811,28.7,17.1,0.67,5.52,0.0
20220317:0911,37.22,23.0,0.61,5.72,0.0
20220317:1011,37.22,27.35,0.63,5.52,0.0
20220317:1111,40.85,29.7,0.6,5.03,0.0
20220317:1211,40.85,29.75,0.74,4.97,0.0
20220317:1311,49.02,27.51,0.97,3.93,0.0
20220317:1411,85.34,23.25,1.05,2.76,0.0
20220317:1511,67.18,17.42,0.97,1.52,0.0
20220317:1611,56.72,10.5,1.22,0.21,0.0
20220317:1711,2.53,2.93,1.14,2.0,0.0
20220317:1811,0.0,0.0,1.15,2.83,0.0
20220317:1911,0.0,0.0,1.19,2.28,0.0
20220317:2011,0.0,0.0,0.47,1.38,0.0
20220317:2111,0.0,0.0,0.55,1.1,0.0
20220317:2211,0.0,0.0,1.09,1.45,0.0
20220317:2311,0.0,0.0,0.96,1.59,0.0
20220318:0011,0.0,0.0,0.94,1.86,0.0
20220318:0111,0.0,0.0,1.71,3.03,0.0
20220318:0211,0.0,0.0,1.14,3.03,0.0
20220318:0311,0.0,0.0,0.36,2.83,0.0
20220318:0411,0.0,0.0,0.19,2.76,0.0
20220318:0511,0.0,0.0,0.14,2.55,0.0
20220318:0611,4.22,2.94,-0.58,2.21,0.0
20220318:0711,55.72,10.52,-0.41,2.97,0.0
20220318:0811,111.44,17.49,0.21,2.76,0.0
20220318:0911,552.8,23.4,0.83,3.1,0.0
20220318:1011,648.64,27.75,1.84,3.79,0.0
20220318:1111,768.72,30.1,2.3,4.07,0.0
20220318:1211,806.2,30.14,2.65,4.07,0.0
20220318:1311,965.24,27.88,2.84,3.79,0.0
20220318:1411,838.42,23.6,2.94,2.9,0.0
20220318:1511,638.71,17.74,2.35,2.07,0.0
20220318:1611,356.62,10.8,2.52,1.24,0.0
20220318:1711,8.44,3.24,2.84,0.48,0.0
20220318:1811,0.0,0.0,2.01,0.21,0.0
20220318:1911,0.0,0.0,1.5,0.62,0.0
20220318:2011,0.0,0.0,0.87,0.97,0.0
20220318:2111,0.0,0.0,-2.18,1.66,0.0
20220318:2211,0.0,0.0,-3.39,1.59,0.0
20220318:2311,0.0,0.0,-3.72,1.45,0.0
20220319:0011,0.0,0.0,-2.0,1.1,0.0
20220319:0111,0.0,0.0,-0.74,0.62,0.0
20220319:0211,0.0,0.0,-0.49,0.83,0.0
20220319:0311,0.0,0.0,-1.38,1.31,0.0
20220319:0411,0.0,0.0,-4.03,1.66,0.0
20220319:0511,0.0,0.0,-4.78,1.59,0.0
20220319:0611,3.38,3.31,-4.93,1.59,0.0
20220319:0711,69.23,10.9,-3.6,1.17,0.0
20220319:0811,57.41,17.88,0.28,0.83,0.0
20220319:0911,210.12,23.8,2.98,0.83,0.0
20220319:1011,515.69,28.15,4.38,0.83,0.0
20220319:1111,519.55,30.5,5.6,0.97,0.0
20220319:1211,760.16,30.53,6.37,1.03,0.0
20220319:1311,963.12,28.25,6.35,1.31,0.0
20220319:1411,841.88,23.94,5.71,1.45,0.0
20220319:1511,642.61,18.07,5.3,1.45,0.0
20220319:1611,390.35,11.11,5.06,1.24,0.0
20220319:1711,16.04,3.54,3.96,1.24,0.0
20220319:1811,0.0,0.0,1.87,1.38,0.0
20220319:1911,0.0,0.0,-0.99,1.86,0.0
20220319:2011,0.0,0.0,-3.15,2.07,0.0
20220319:2111,0.0,0.0,-4.21,2.07,0.0
20220319:2211,0.0,0.0,-4.5,2.14,0.0
20220319:2311,0.0,0.0,-4.49,2.14,0.0
20220320:0011,0.0,0.0,-4.18,2.0,0.0
20220320:0111,0.0,0.0,-2.21,1.79,0.0
20220320:0211,0.0,0.0,0.08,1.59,0.0
20220320:0311,0.0,0.0,0.36,1.52,0.0
20220320:0411,0.0,0.0,-1.41,1.66,0.0
20220320:0511,0.0,0.0,-3.18,1.86,0.0
20220320:0611,16.88,3.69,-4.0,1.86,0.0
20220320:0711,42.21,11.29,-2.3,1.79,0.0
20220320:0811,57.41,18.27,0.65,1.66,0.0
20220320:0911,594.24,24.19,2.1,2.0,0.0
20220320:1011,737.48,28.56,4.11,2.76,0.0
20220320:1111,830.54,30.9,3.89,3.17,0.0
20220320:1211,854.12,30.92,4.1,3.52,0.0
20220320:1311,871.42,28.62,4.28,3.79,0.0
20220320:1411,843.21,24.29,4.09,3.72,0.0
20220320:1511,654.33,18.39,3.69,3.79,0.0
20220320:1611,400.37,11.42,2.9,3.59,0.0
20220320:1711,16.88,3.84,1.8,3.59,0.0
20220320:1811,0.0,0.0,0.29,3.59,0.0
20220320:1911,0.0,0.0,-0.54,3.45,0.0
20220320:2011,0.0,0.0,-1.54,3.24,0.0
20220320:2111,0.0,0.0,-2.36,3.1,0.0
20220320:2211,0.0,0.0,-2.68,3.17,0.0
20220320:2311,0.0,0.0,-2.92,3.17,0.0
20220321:0011,0.0,0.0,-2.94,3.24,0.0
20220321:0111,0.0,0.0,-2.92,3.45,0.0
20220321:0211,0.0,0.0,-2.84,3.52,0.0
20220321:0311,0.0,0.0,-2.7,3.66,0.0
20220321:0411,0.0,0.0,-2.64,3.72,0.0
20220321:0511,0.0,0.0,-2.38,3.93,0.0
20220321:0611,17.73,4.07,-2.16,4.0,0.0
20220321:0711,70.91,11.67,-0.97,4.41,0.0
20220321:0811,120.72,18.66,0.08,3.66,0.0
20220321:0911,299.91,24.59,1.26,4.14,0.0
20220321:1011,140.72,28.96,1.75,4.28,0.0
20220321:1111,81.71,31.3,2.13,4.55,0.0
20220321:1211,55.38,31.31,2.41,4.48,0.0
20220321:1311,61.73,28.99,2.6,4.76,0.0
20220321:1411,295.67,24.63,2.41,4.69,0.0
20220321:1511,54.47,18.71,2.0,4.21,0.0
20220321:1611,61.85,11.73,1.62,4.07,0.0
20220321:1711,19.4,4.13,1.04,3.86,0.0
20220321:1811,0.0,0.0,0.66,3.52,0.0
20220321:1911,0.0,0.0,0.72,2.83,0.0
20220321:2011,0.0,0.0,-0.13,2.41,0.0
20220321:2111,0.0,0.0,-0.66,2.07,0.0
20220321:2211,0.0,0.0,-0.79,1.79,0.0
20220321:2311,0.0,0.0,-0.59,1.72,0.0
20220322:0011,0.0,0.0,-1.11,1.66,0.0
20220322:0111,0.0,0.0,-1.48,1.66,0.0
20220322:0211,0.0,0.0,-2.24,1.59,0.0
20220322:0311,0.0,0.0,-2.3,1.45,0.0
20220322:0411,0.0,0.0,-1.57,1.03,0.0
20220322:0511,0.0,0.0,-1.03,0.76,0.0
20220322:0611,7.6,4.45,-0.7,0.55,0.0
20220322:0711,77.67,12.05,0.55,0.83,0.0
20220322:0811,125.79,19.05,0.93,0.83,0.0
20220322:0911,414.03,24.99,1.35,1.03,0.0
20220322:1011,463.92,29.36,1.74,1.17,0.0
20220322:1111,378.42,31.7,2.26,1.38,0.0
20220322:1211,301.86,31.7,2.72,1.72,0.0
20220322:1311,593.8,29.35,3.14,1.86,0.0
20220322:1411,757.47,24.98,3.22,1.93,0.0
20220322:1511,569.85,19.04,3.17,1.93,0.0
20220322:1611,373.58,12.03,2.99,1.59,0.0
20220322:1711,16.34,4.43,2.35,1.38,0.0
20220322:1811,0.0,0.0,2.04,1.24,0.0
20220322:1911,0.0,0.0,0.98,1.38,0.0
20220322:2011,0.0,0.0,-1.21,1.52,0.0
20220322:2111,0.0,0.0,-2.97,1.66,0.0
20220322:2211,0.0,0.0,-3.71,1.72,0.0
20220322:2311,0.0,0.0,-3.9,1.72,0.0
20220323:0011,0.0,0.0,-4.04,1.79,0.0
20220323:0111,0.0,0.0,-4.16,1.79,0.0
20220323:0211,0.0,0.0,-4.24,1.79,0.0
20220323:0311,0.0,0.0,-4.24,1.79,0.0
20220323:0411,0.0,0.0,-4.2,1.79,0.0
20220323:0511,0.0,0.0,-4.19,1.79,0.0
20220323:0611,14.35,4.83,-3.98,1.72,0.0
20220323:0711,47.28,12.43,-1.8,1.03,0.0
20220323:0811,120.72,19.44,2.07,0.62,0.0
20220323:0911,684.8,25.39,4.25,0.9,0.0
20220323:1011,870.35,29.76,4.61,1.31,0.0
20220323:1111,988.82,32.1,4.57,1.72,0.0
20220323:1211,967.17,32.08,4.86,1.93,0.0
20220323:1311,980.88,29.72,5.06,2.07,0.0
20220323:1411,854.42,25.32,5.12,2.14,0.0
20220323:1511,656.72,19.36,5.01,2.07,0.0
20220323:1611,358.47,12.34,4.84,1.86,0.0
20220323:1711,17.25,4.73,4.1,1.66,0.0
20220323:1811,0.0,0.0,2.11,1.72,0.0
20220323:1911,0.0,0.0,1.32,1.72,0.0
20220323:2011,0.0,0.0,-0.28,1.79,0.0
20220323:2111,0.0,0.0,-1.24,1.93,0.0
20220323:2211,0.0,0.0,-1.55,1.86,0.0
20220323:2311,0.0,0.0,-1.76,1.86,0.0
20220324:0011,0.0,0.0,-1.77,1.86,0.0
20220324:0111,0.0,0.0,-0.88,1.86,0.0
20220324:0211,0.0,0.0,0.25,1.72,0.0
20220324:0311,0.0,0.0,1.1,1.59,0.0
20220324:0411,0.0,0.0,0.52,1.59,0.0
20220324:0511,0.0,0.0,-0.25,1.66,0.0
20220324:0611,27.01,5.21,-0.4,1.66,0.0
20220324:0711,70.07,12.82,2.6,1.17,0.0
20220324:0811,118.19,19.83,4.72,0.76,0.0
20220324:0911,602.84,25.78,5.98,1.1,0.0
20220324:1011,724.26,30.17,6.99,1.38,0.0
20220324:1111,774.49,32.5,7.41,1.66,0.0
20220324:1211,950.59,32.47,7.42,1.93,0.0
20220324:1311,946.75,30.09,7.39,2.14,0.0
20220324:1411,846.38,25.66,7.48,2.07,0.0
20220324:1511,650.15,19.68,7.13,2.07,0.0
20220324:1611,402.64,12.64,7.06,1.72,0.0
20220324:1711,130.89,5.03,7.0,1.38,0.0
20220324:1811,0.0,0.0,4.75,1.45,0.0
20220324:1911,0.0,0.0,5.08,1.38,0.0
20220324:2011,0.0,0.0,3.32,1.59,0.0
20220324:2111,0.0,0.0,2.4,1.59,0.0
20220324:2211,0.0,0.0,2.52,1.59,0.0
20220324:2311,0.0,0.0,2.58,1.59,0.0
20220325:0011,0.0,0.0,2.03,1.52,0.0
20220325:0111,0.0,0.0,-0.6,1.79,0.0
20220325:0211,0.0,0.0,-1.25,2.0,0.0
20220325:0311,0.0,0.0,-0.42,2.34,0.0
20220325:0411,0.0,0.0,1.32,2.76,0.0
20220325:0511,0.0,0.0,2.39,3.17,0.0
20220325:0611,9.29,5.58,3.3,3.86,0.0
20220325:0711,78.51,13.2,3.31,3.79,0.0
20220325:0811,116.5,20.22,3.57,3.38,0.0
20220325:0911,473.91,26.18,4.29,4.14,0.0
20220325:1011,360.77,30.57,5.07,4.41,0.0
20220325:1111,221.22,32.9,5.74,4.55,0.0
20220325:1211,206.5,32.86,5.96,4.48,0.0
20220325:1311,113.48,30.45,6.31,4.62,0.0
20220325:1411,117.11,26.0,5.69,4.14,0.0
20220325:1511,172.04,20.0,4.89,3.66,0.0
20220325:1611,42.67,12.95,4.09,3.17,0.0
20220325:1711,44.47,5.32,3.47,2.69,0.0
20220325:1811,0.0,0.0,2.98,2.41,0.0
20220325:1911,0.0,0.0,3.17,3.03,0.0
20220325:2011,0.0,0.0,3.04,2.76,0.0
20220325:2111,0.0,0.0,3.04,2.76,0.0
20220325:2211,0.0,0.0,3.16,2.83,0.0
20220325:2311,0.0,0.0,3.34,3.17,0.0
20220326:0011,0.0,0.0,3.49,4.14,0.0
20220326:0111,0.0,0.0,3.23,4.48,0.0
20220326:0211,0.0,0.0,2.44,4.14,0.0
20220326:0311,0.0,0.0,1.83,4.14,0.0
20220326:0411,0.0,0.0,1.3,3.93,0.0
20220326:0511,0.0,0.0,0.63,3.52,0.0
20220326:0611,9.29,5.96,0.24,2.83,0.0
20220326:0711,87.8,13.58,0.81,2.9,0.0
20220326:0811,136.76,20.61,1.25,2.41,0.0
20220326:0911,647.27,26.57,3.01,2.34,0.0
20220326:1011,851.72,30.97,3.38,2.41,0.0
20220326:1111,944.87,33.29,4.23,2.48,0.0
20220326:1211,786.45,33.24,4.99,2.34,0.0
20220326:1311,729.54,30.81,5.21,2.14,0.0
20220326:1411,786.89,26.34,5.51,1.93,0.0
20220326:1511,638.33,20.31,5.23,1.93,0.0
20220326:1611,408.74,13.25,4.64,1.79,0.0
20220326:1711,27.57,5.62,3.64,1.66,0.0
20220326:1811,0.0,0.0,2.03,1.66,0.0
20220326:1911,0.0,0.0,0.3,2.14,0.0
20220326:2011,0.0,0.0,-0.15,2.28,0.0
20220326:2111,0.0,0.0,-0.29,2.21,0.0
20220326:2211,0.0,0.0,-0.69,2.21,0.0
20220326:2311,0.0,0.0,-0.91,2.14,0.0
20220327:0011,0.0,0.0,-0.75,2.07,0.0
20220327:0111,0.0,0.0,-0.3,2.07,0.0
20220327:0211,0.0,0.0,-0.1,2.28,0.0
20220327:0311,0.0,0.0,0.44,2.69,0.0
20220327:0411,0.0,0.0,0.94,3.03,0.0
20220327:0511,0.0,0.0,1.31,3.31,0.0
20220327:0611,27.86,6.34,1.72,3.59,0.0
20220327:0711,56.56,13.96,2.25,3.52,0.0
20220327:0811,86.95,20.99,3.12,4.9,0.0
20220327:0911,704.57,26.97,3.71,4.21,0.0
20220327:1011,882.37,31.37,4.6,4.0,0.0
20220327:1111,1002.53,33.69,5.28,4.0,0.0
20220327:1211,1028.77,33.62,5.72,3.93,0.0
20220327:1311,954.28,31.18,5.84,4.21,0.0
20220327:1411,819.22,26.68,5.48,4.07,0.0
20220327:1511,276.96,20.63,4.82,3.86,0.0
20220327:1611,143.01,13.55,4.17,3.59,0.0
20220327:1711,13.62,5.91,3.29,3.1,0.0
20220327:1811,0.0,0.0,2.54,2.97,0.0
20220327:1911,0.0,0.0,1.87,2.76,0.0
20220327:2011,0.0,0.0,1.64,3.17,0.0
20220327:2111,0.0,0.0,1.51,3.03,0.0
20220327:2211,0.0,0.0,1.33,2.97,0.0
20220327:2311,0.0,0.0,1.57,3.38,0.0
20220328:0011,0.0,0.0,1.65,3.52,0.0
20220328:0111,0.0,0.0,1.83,3.24,0.0
20220328:0211,0.0,0.0,2.03,3.24,0.0
20220328:0311,0.0,0.0,2.21,3.24,0.0
20220328:0411,0.0,0.0,2.45,3.31,0.0
20220328:0511,0.0,0.0,2.61,3.38,0.0
20220328:0611,13.51,6.71,2.78,3.52,0.0
20220328:0711,43.05,14.34,3.03,3.86,0.0
20220328:0811,70.91,21.38,3.38,4.28,0.0
20220328:0911,314.83,27.36,3.28,4.34,0.0
20220328:1011,634.59,31.77,3.0,4.48,0.0
20220328:1111,991.99,34.09,2.97,4.69,0.0
20220328:1211,1059.5,34.01,3.12,4.76,0.0
20220328:1311,812.24,31.54,3.14,4.62,0.0
20220328:1411,433.36,27.02,3.07,4.41,0.0
20220328:1511,467.14,20.95,2.77,4.28,0.0
20220328:1611,75.07,13.85,2.34,3.86,0.0
20220328:1711,6.35,6.2,1.6,3.17,0.0
20220328:1811,0.0,0.0,0.61,3.24,0.0
20220328:1911,0.0,0.0,-0.47,3.17,0.0
20220328:2011,0.0,0.0,-1.24,2.9,0.0
20220328:2111,0.0,0.0,-2.01,2.76,0.0
20220328:2211,0.0,0.0,-2.75,2.69,0.0
20220328:2311,0.0,0.0,-3.1,2.62,0.0
20220329:0011,0.0,0.0,-3.6,2.55,0.0
20220329:0111,0.0,0.0,-4.15,2.62,0.0
20220329:0211,0.0,0.0,-4.52,2.62,0.0
20220329:0311,0.0,0.0,-4.69,2.62,0.0
20220329:0411,0.0,0.0,-5.03,2.48,0.0
20220329:0511,0.0,0.0,-5.18,2.28,0.0
20220329:0611,39.68,7.09,-4.72,1.93,0.0
20220329:0711,83.58,14.72,-3.03,1.66,0.0
20220329:0811,114.81,21.76,-0.73,2.14,0.0
20220329:0911,670.57,27.76,0.6,2.62,0.0
20220329:1011,925.59,32.17,1.05,3.24,0.0
20220329:1111,1019.28,34.48,1.21,3.66,0.0
20220329:1211,1076.24,34.39,1.24,3.66,0.0
20220329:1311,1034.08,31.9,1.14,3.79,0.0
20220329:1411,903.88,27.35,0.98,3.79,0.0
20220329:1511,703.64,21.26,0.48,4.0,0.0
20220329:1611,422.81,14.15,-0.17,3.52,0.0
20220329:1711,170.73,6.5,-0.63,2.48,0.0
20220329:1811,0.0,0.0,-2.21,2.28,0.0
20220329:1911,0.0,0.0,-3.74,1.86,0.0
20220329:2011,0.0,0.0,-4.13,1.66,0.0
20220329:2111,0.0,0.0,-4.08,1.52,0.0
20220329:2211,0.0,0.0,-4.37,1.52,0.0
20220329:2311,0.0,0.0,-4.5,1.52,0.0
20220330:0011,0.0,0.0,-4.7,1.45,0.0
20220330:0111,0.0,0.0,-4.73,1.45,0.0
20220330:0211,0.0,0.0,-4.98,1.45,0.0
20220330:0311,0.0,0.0,-5.42,1.52,0.0
20220330:0411,0.0,0.0,-5.68,1.59,0.0
20220330:0511,0.0,0.0,-6.19,1.79,0.0
20220330:0611,28.7,7.46,-6.03,1.79,0.0
20220330:0711,49.81,15.09,-4.98,1.86,0.0
20220330:0811,511.62,22.15,-2.47,2.48,0.0
20220330:0911,749.62,28.15,-1.49,2.62,0.0
20220330:1011,936.52,32.56,-0.69,2.48,0.0
20220330:1111,922.63,34.88,-0.11,2.28,0.0
20220330:1211,928.41,34.77,0.2,1.86,0.0
20220330:1311,883.94,32.26,0.48,1.31,0.0
20220330:1411,892.92,27.69,0.63,0.97,0.0
20220330:1511,713.81,21.57,0.61,1.17,0.0
20220330:1611,461.85,14.45,0.11,1.24,0.0
20220330:1711,192.11,6.79,-0.85,0.76,0.0
20220330:1811,0.0,0.0,-1.83,0.97,0.0
20220330:1911,0.0,0.0,-1.95,0.76,0.0
20220330:2011,0.0,0.0,-2.5,0.41,0.0
20220330:2111,0.0,0.0,-3.04,0.76,0.0
20220330:2211,0.0,0.0,-3.74,1.1,0.0
20220330:2311,0.0,0.0,-4.57,1.38,0.0
20220331:0011,0.0,0.0,-5.92,1.66,0.0
20220331:0111,0.0,0.0,-6.63,1.79,0.0
20220331:0211,0.0,0.0,-7.13,1.86,0.0
20220331:0311,0.0,0.0,-7.42,1.79,0.0
20220331:0411,0.0,0.0,-7.6,1.79,0.0
20220331:0511,0.0,0.0,-7.65,1.72,0.0
20220331:0611,46.43,7.83,-6.74,1.52,0.0
20220331:0711,98.77,15.47,-5.54,1.31,0.0
20220331:0811,396.08,22.53,-3.15,0.97,0.0
20220331:0911,593.83,28.54,-0.49,0.9,0.0
20220331:1011,856.95,32.96,0.16,1.17,0.0
20220331:1111,1003.73,35.27,1.1,1.52,0.0
20220331:1211,958.02,35.15,1.63,1.66,0.0
20220331:1311,1024.48,32.61,1.79,1.79,0.0
20220331:1411,919.22,28.02,1.83,1.86,0.0
20220331:1511,718.81,21.88,1.59,1.93,0.0
20220331:1611,468.17,14.75,1.07,1.72,0.0
20220331:1711,197.71,7.08,-0.12,1.17,0.0
20220331:1811,0.0,0.0,-1.98,1.38,0.0
20220331:1911,0.0,0.0,-2.5,1.45,0.0
20220331:2011,0.0,0.0,-2.98,1.38,0.0
20220331:2111,0.0,0.0,-3.82,1.52,0.0
20220331:2211,0.0,0.0,-5.21,1.72,0.0
20220331:2311,0.0,0.0,-6.01,1.86,0.0
20220401:0011,0.0,0.0,-6.35,1.86,0.0
20220401:0111,0.0,0.0,-6.47,1.72,0.0
20220401:0211,0.0,0.0,-6.48,1.59,0.0
20220401:0311,0.0,0.0,-6.63,1.59,0.0
20220401:0411,0.0,0.0,-6.68,1.52,0.0
20220401:0511,0.0,0.0,-6.85,1.52,0.0
20220401:0611,41.37,8.21,-5.57,1.31,0.0
20220401:0711,61.63,15.84,-3.46,0.97,0.0
20220401:0811,498.18,22.91,-1.12,0.48,0.0
20220401:0911,670.98,28.93,0.08,0.41,0.0
20220401:1011,838.25,33.35,0.58,1.17,0.0
20220401:1111,1017.69,35.66,1.16,1.79,0.0
20220401:1211,1051.31,35.53,1.5,2.14,0.0
20220401:1311,889.69,32.97,1.26,2.28,0.0
20220401:1411,368.48,28.35,1.22,2.41,0.0
20220401:1511,524.79,22.19,1.19,2.48,0.0
20220401:1611,337.12,15.04,0.57,2.14,0.0
20220401:1711,168.36,7.37,-0.08,1.72,0.0
20220401:1811,0.0,0.0,-2.32,1.52,0.0
20220401:1911,0.0,0.0,-1.56,1.17,0.0
20220401:2011,0.0,0.0,-1.9,1.1,0.0
20220401:2111,0.0,0.0,-2.55,1.17,0.0
20220401:2211,0.0,0.0,-3.11,1.31,0.0
20220401:2311,0.0,0.0,-4.25,1.45,0.0
20220402:0011,0.0,0.0,-5.2,1.59,0.0
20220402:0111,0.0,0.0,-5.99,1.66,0.0
20220402:0211,0.0,0.0,-6.4,1.72,0.0
20220402:0311,0.0,0.0,-6.62,1.66,0.0
20220402:0411,0.0,0.0,-6.68,1.59,0.0
20220402:0511,0.0,0.0,-6.7,1.59,0.0
20220402:0611,50.65,8.58,-5.48,1.38,0.0
20220402:0711,107.21,16.22,-3.56,0.9,0.0
20220402:0811,327.19,23.29,-1.92,0.9,0.0
20220402:0911,515.11,29.32,0.62,1.52,0.0
20220402:1011,741.47,33.75,1.28,2.21,0.0
20220402:1111,992.67,36.05,1.93,2.76,0.0
20220402:1211,911.64,35.9,2.29,3.24,0.0
20220402:1311,918.03,33.32,2.41,3.79,0.0
20220402:1411,879.76,28.68,2.27,3.79,0.0
20220402:1511,684.03,22.5,1.82,3.79,0.0
20220402:1611,423.96,15.34,1.34,3.38,0.0
20220402:1711,113.8,7.66,0.49,3.03,0.0
20220402:1811,0.0,0.0,-1.11,2.76,0.0
20220402:1911,0.0,0.0,-2.01,2.83,0.0
20220402:2011,0.0,0.0,-2.72,2.62,0.0
20220402:2111,0.0,0.0,-3.55,2.41,0.0
20220402:2211,0.0,0.0,-3.83,2.34,0.0
20220402:2311,0.0,0.0,-4.19,2.07,0.0
20220403:0011,0.0,0.0,-3.94,1.79,0.0
20220403:0111,0.0,0.0,-3.83,1.45,0.0
20220403:0211,0.0,0.0,-3.55,1.31,0.0
20220403:0311,0.0,0.0,-3.14,1.17,0.0
20220403:0411,0.0,0.0,-3.03,1.17,0.0
20220403:0511,0.0,0.0,-2.91,1.24,0.0
20220403:0611,15.2,8.94,-2.75,1.45,0.0
20220403:0711,108.06,16.59,-0.49,3.17,0.0
20220403:0811,233.41,23.67,0.44,3.72,0.0
20220403:0911,454.71,29.7,1.29,4.41,0.0
20220403:1011,386.29,34.14,1.47,4.41,0.0
20220403:1111,452.69,36.44,1.79,4.34,0.0
20220403:1211,347.14,36.28,1.78,4.14,0.0
20220403:1311,229.88,33.68,1.83,3.79,0.0
20220403:1411,209.33,29.01,1.57,3.72,0.0
20220403:1511,139.22,22.81,1.19,2.76,0.0
20220403:1611,127.77,15.63,1.05,2.9,0.0
20220403:1711,23.6,7.94,1.01,3.24,0.0
20220403:1811,0.0,0.0,0.97,3.1,0.0
20220403:1911,0.0,0.0,1.15,3.79,0.0
20220403:2011,0.0,0.0,0.92,3.24,0.0
20220403:2111,0.0,0.0,0.69,2.83,0.0
20220403:2211,0.0,0.0,0.46,3.31,0.0
20220403:2311,0.0,0.0,0.09,2.97,0.0
20220404:0011,0.0,0.0,-0.26,2.34,0.0
20220404:0111,0.0,0.0,-0.33,2.14,0.0
20220404:0211,0.0,0.0,-0.19,1.72,0.0
20220404:0311,0.0,0.0,0.0,1.52,0.0
20220404:0411,0.0,0.0,0.28,1.52,0.0
20220404:0511,0.0,0.0,0.41,1.17,0.0
20220404:0611,16.88,9.31,0.61,0.83,0.0
20220404:0711,29.55,16.96,1.85,1.86,0.0
20220404:0811,122.11,24.05,2.75,3.24,0.0
20220404:0911,383.74,30.09,2.77,2.9,0.0
20220404:1011,173.28,34.53,2.79,3.03,0.0
20220404:1111,376.87,36.83,3.05,3.66,0.0
20220404:1211,430.32,36.65,3.0,3.66,0.0
20220404:1311,425.08,34.03,2.87,3.66,0.0
20220404:1411,270.03,29.33,2.64,4.07,0.0
20220404:1511,209.39,23.12,1.94,4.34,0.0
20220404:1611,170.18,15.92,1.14,4.83,0.0
20220404:1711,38.55,8.23,0.15,4.9,0.0
20220404:1811,0.0,0.0,-1.14,4.76,0.0
20220404:1911,0.0,0.0,-2.01,4.0,0.0
20220404:2011,0.0,0.0,-2.88,3.79,0.0
20220404:2111,0.0,0.0,-3.3,3.66,0.0
20220404:2211,0.0,0.0,-3.85,3.45,0.0
20220404:2311,0.0,0.0,-4.27,3.31,0.0
20220405:0011,0.0,0.0,-4.59,3.17,0.0
20220405:0111,0.0,0.0,-4.93,2.97,0.0
20220405:0211,0.0,0.0,-5.25,2.83,0.0
20220405:0311,0.0,0.0,-5.35,2.69,0.0
20220405:0411,0.0,0.0,-5.45,2.55,0.0
20220405:0511,0.84,1.89,-5.7,2.21,0.0
20220405:0611,53.19,9.67,-5.04,2.34,0.0
20220405:0711,114.81,17.33,-2.75,3.24,0.0
20220405:0811,302.12,24.42,-1.68,3.45,0.0
20220405:0911,593.25,30.47,-0.46,3.72,0.0
20220405:1011,584.76,34.92,0.1,3.66,0.0
20220405:1111,482.16,37.21,0.52,3.79,0.0
20220405:1211,918.1,37.02,0.74,3.79,0.0
20220405:1311,880.68,34.38,0.71,3.66,0.0
20220405:1411,765.5,29.66,0.89,3.59,0.0
20220405:1511,594.8,23.42,0.92,3.1,0.0
20220405:1611,302.96,16.21,0.63,2.62,0.0
20220405:1711,136.35,8.51,-0.44,2.07,0.0
20220405:1811,0.0,0.0,-2.25,1.66,0.0
20220405:1911,0.0,0.0,-1.8,1.31,0.0
20220405:2011,0.0,0.0,-1.72,1.1,0.0
20220405:2111,0.0,0.0,-1.83,0.97,0.0
20220405:2211,0.0,0.0,-2.22,1.03,0.0
20220405:2311,0.0,0.0,-2.63,1.1,0.0
20220406:0011,0.0,0.0,-3.69,1.24,0.0
20220406:0111,0.0,0.0,-4.41,1.52,0.0
20220406:0211,0.0,0.0,-4.16,1.45,0.0
20220406:0311,0.0,0.0,-3.85,1.38,0.0
20220406:0411,0.0,0.0,-3.4,1.38,0.0
20220406:0511,0.84,2.25,-3.39,1.59,0.0
20220406:0611,25.33,10.04,-2.91,1.79,0.0
20220406:0711,75.98,17.69,-2.65,2.28,0.0
20220406:0811,132.52,24.8,-2.66,2.76,0.0
20220406:0911,163.79,30.85,-2.39,3.03,0.0
20220406:1011,164.32,35.3,-1.93,3.24,0.0
20220406:1111,153.43,37.6,-1.25,4.97,0.0
20220406:1211,121.65,37.39,-0.9,4.76,0.0
20220406:1311,135.27,34.72,-0.62,4.9,0.0
20220406:1411,100.77,29.98,-0.6,4.55,0.0
20220406:1511,113.48,23.72,-0.76,3.66,0.0
20220406:1611,69.9,16.5,-0.99,2.97,0.0
20220406:1711,31.77,8.8,-1.33,2.62,0.0
20220406:1811,0.0,0.0,-1.88,3.17,0.0
20220406:1911,0.0,0.0,-2.19,2.83,0.0
20220406:2011,0.0,0.0,-2.34,2.9,0.0
20220406:2111,0.0,0.0,-2.42,2.97,0.0
20220406:2211,0.0,0.0,-2.5,2.9,0.0
20220406:2311,0.0,0.0,-2.63,2.9,0.0
20220407:0011,0.0,0.0,-2.58,2.97,0.0
20220407:0111,0.0,0.0,-2.72,3.17,0.0
20220407:0211,0.0,0.0,-2.8,3.24,0.0
20220407:0311,0.0,0.0,-2.94,3.24,0.0
20220407:0411,0.0,0.0,-2.94,3.31,0.0
20220407:0511,2.53,2.62,-2.84,3.59,0.0
20220407:0611,37.99,10.4,-2.69,3.93,0.0
20220407:0711,119.88,18.06,-2.27,4.0,0.0
20220407:0811,267.93,25.17,-1.78,4.62,0.0
20220407:0911,358.8,31.23,-1.06,5.24,0.0
20220407:1011,459.76,35.69,-0.26,5.45,0.0
20220407:1111,640.35,37.98,0.36,5.24,0.0
20220407:1211,809.52,37.76,0.49,4.62,0.0
20220407:1311,874.54,35.07,0.64,3.66,0.0
20220407:1411,769.37,30.3,1.02,3.24,0.0
20220407:1511,584.68,24.02,1.09,2.76,0.0
20220407:1611,379.95,16.79,0.97,2.0,0.0
20220407:1711,177.44,9.08,0.3,1.17,0.0
20220407:1811,0.0,0.0,0.14,0.83,0.0
20220407:1911,0.0,0.0,-0.7,0.83,0.0
20220407:2011,0.0,0.0,-0.92,0.76,0.0
20220407:2111,0.0,0.0,-1.26,0.76,0.0
20220407:2211,0.0,0.0,-1.7,0.76,0.0
20220407:2311,0.0,0.0,-2.21,0.55,0.0
20220408:0011,0.0,0.0,-2.39,0.28,0.0
20220408:0111,0.0,0.0,-2.26,0.48,0.0
20220408:0211,0.0,0.0,-2.85,1.03,0.0
20220408:0311,0.0,0.0,-3.96,1.31,0.0
20220408:0411,0.0,0.0,-4.54,1.45,0.0
20220408:0511,11.82,2.97,-4.29,1.38,0.0
20220408:0611,43.05,10.76,-3.23,1.31,0.0
20220408:0711,94.55,18.42,-3.7,1.79,0.0
20220408:0811,527.46,25.53,-2.3,2.34,0.0
20220408:0911,658.19,31.61,-0.55,2.83,0.0
20220408:1011,815.4,36.07,0.32,3.31,0.0
20220408:1111,665.84,38.36,0.78,3.52,0.0
20220408:1211,773.72,38.13,0.99,3.72,0.0
20220408:1311,640.11,35.41,1.4,3.86,0.0
20220408:1411,718.45,30.62,1.24,3.93,0.0
20220408:1511,491.98,24.32,1.31,4.07,0.0
20220408:1611,460.16,17.07,1.03,3.93,0.0
20220408:1711,208.43,9.36,0.21,4.41,0.0
20220408:1811,0.0,0.0,-0.97,4.21,0.0
20220408:1911,0.0,0.0,-2.03,3.31,0.0
20220408:2011,0.0,0.0,-2.65,3.1,0.0
20220408:2111,0.0,0.0,-2.63,3.03,0.0
20220408:2211,0.0,0.0,-2.66,3.31,0.0
20220408:2311,0.0,0.0,-2.78,3.66,0.0
20220409:0011,0.0,0.0,-3.26,3.86,0.0
20220409:0111,0.0,0.0,-3.3,3.93,0.0
20220409:0211,0.0,0.0,-3.21,4.0,0.0
20220409:0311,0.0,0.0,-3.21,3.93,0.0
20220409:0411,0.0,0.0,-3.38,3.86,0.0
20220409:0511,10.97,3.33,-3.49,3.79,0.0
20220409:0611,54.03,11.11,-2.99,3.45,0.0
20220409:0711,58.25,18.78,-1.53,4.14,0.0
20220409:0811,166.39,25.9,-0.17,4.76,0.0
20220409:0911,277.3,31.98,0.52,4.76,0.0
20220409:1011,491.72,36.45,1.32,5.24,0.0
20220409:1111,410.8,38.73,1.18,5.24,0.0
20220409:1211,595.0,38.49,1.63,5.45,0.0
20220409:1311,386.62,35.76,1.4,5.38,0.0
20220409:1411,137.99,30.94,1.17,5.31,0.0
20220409:1511,471.11,24.62,0.96,5.1,0.0
20220409:1611,286.11,17.36,0.75,5.17,0.0
20220409:1711,71.16,9.64,0.37,4.9,0.0
20220409:1811,0.84,1.88,-0.35,4.62,0.0
20220409:1911,0.0,0.0,-1.15,4.21,0.0
20220409:2011,0.0,0.0,-1.55,3.93,0.0
20220409:2111,0.0,0.0,-1.34,3.86,0.0
20220409:2211,0.0,0.0,-1.58,3.86,0.0
20220409:2311,0.0,0.0,-1.7,3.86,0.0
20220410:0011,0.0,0.0,-1.94,3.93,0.0
20220410:0111,0.0,0.0,-2.04,4.0,0.0
20220410:0211,0.0,0.0,-1.8,4.14,0.0
20220410:0311,0.0,0.0,-1.85,4.14,0.0
20220410:0411,0.0,0.0,-2.0,4.0,0.0
20220410:0511,15.2,3.69,-1.85,4.0,0.0
20220410:0611,55.72,11.46,-1.44,4.76,0.0
20220410:0711,81.04,19.13,-1.14,5.45,0.0
20220410:0811,286.67,26.26,-0.52,5.59,0.0
20220410:0911,488.75,32.35,-0.1,5.66,0.0
20220410:1011,403.24,36.82,0.32,5.79,0.0
20220410:1111,590.81,39.11,0.44,5.52,0.0
20220410:1211,714.42,38.85,0.76,5.59,0.0
20220410:1311,184.33,36.09,0.96,5.52,0.0
20220410:1411,179.16,31.26,0.98,5.38,0.0
20220410:1511,454.54,24.92,0.77,5.17,0.0
20220410:1611,301.19,17.64,0.67,5.03,0.0
20220410:1711,141.79,9.92,0.14,3.17,0.0
20220410:1811,3.38,2.16,-0.55,3.52,0.0
20220410:1911,0.0,0.0,-1.6,3.31,0.0
20220410:2011,0.0,0.0,-2.36,3.1,0.0
20220410:2111,0.0,0.0,-2.86,3.03,0.0
20220410:2211,0.0,0.0,-3.15,2.9,0.0
20220410:2311,0.0,0.0,-3.34,2.9,0.0
20220411:0011,0.0,0.0,-3.34,2.76,0.0
20220411:0111,0.0,0.0,-4.07,2.55,0.0
20220411:0211,0.0,0.0,-3.72,2.41,0.0
20220411:0311,0.0,0.0,-4.16,2.34,0.0
20220411:0411,0.0,0.0,-4.09,2.28,0.0
20220411:0511,6.75,4.04,-4.17,2.14,0.0
20220411:0611,72.6,11.82,-3.59,1.93,0.0
20220411:0711,130.01,19.49,-2.38,2.48,0.0
20220411:0811,238.29,26.62,-0.31,3.31,0.0
20220411:0911,437.51,32.72,0.75,3.72,0.0
20220411:1011,603.66,37.2,1.36,3.79,0.0
20220411:1111,762.59,39.48,2.27,3.52,0.0
20220411:1211,795.59,39.21,2.56,3.31,0.0
20220411:1311,668.4,36.43,2.81,3.31,0.0
20220411:1411,675.2,31.57,2.86,3.24,0.0
20220411:1511,564.75,25.21,2.67,3.03,0.0
20220411:1611,335.55,17.92,2.15,2.48,0.0
20220411:1711,129.43,10.19,1.25,1.79,0.0
20220411:1811,1.69,2.44,0.28,1.45,0.0
20220411:1911,0.0,0.0,0.13,1.31,0.0
20220411:2011,0.0,0.0,-2.69,1.66,0.0
20220411:2111,0.0,0.0,-3.68,1.86,0.0
20220411:2211,0.0,0.0,-3.67,1.79,0.0
20220411:2311,0.0,0.0,-3.3,1.72,0.0
20220412:0011,0.0,0.0,-3.33,1.66,0.0
20220412:0111,0.0,0.0,-3.77,1.66,0.0
20220412:0211,0.0,0.0,-4.16,1.72,0.0
20220412:0311,0.0,0.0,-4.76,1.72,0.0
20220412:0411,0.0,0.0,-4.26,1.59,0.0
20220412:0511,20.26,4.39,-3.24,1.38,0.0
20220412:0611,16.04,12.16,-1.7,1.31,0.0
20220412:0711,131.7,19.84,0.19,1.45,0.0
20220412:0811,216.82,26.98,1.6,1.86,0.0
20220412:0911,391.98,33.09,1.63,2.48,0.0
20220412:1011,330.65,37.57,2.56,2.9,0.0
20220412:1111,523.79,39.85,2.7,3.38,0.0
20220412:1211,118.02,39.57,2.79,3.45,0.0
20220412:1311,175.21,36.77,2.89,3.38,0.0
20220412:1411,197.52,31.88,2.45,3.03,0.0
20220412:1511,220.51,25.5,2.44,3.24,0.0
20220412:1611,54.47,18.2,2.6,3.45,0.0
20220412:1711,39.95,10.47,2.08,3.31,0.0
20220412:1811,1.69,2.72,1.28,3.31,0.0
20220412:1911,0.0,0.0,-0.05,3.31,0.0
20220412:2011,0.0,0.0,-0.5,3.24,0.0
20220412:2111,0.0,0.0,-0.12,3.31,0.0
20220412:2211,0.0,0.0,0.07,3.31,0.0
20220412:2311,0.0,0.0,0.21,3.31,0.0
20220413:0011,0.0,0.0,0.32,3.59,0.0
20220413:0111,0.0,0.0,0.27,3.72,0.0
20220413:0211,0.0,0.0,0.08,4.07,0.0
20220413:0311,0.0,0.0,-0.08,4.41,0.0
20220413:0411,0.0,0.0,-0.1,4.62,0.0
20220413:0511,3.38,4.73,-0.11,4.62,0.0
20220413:0611,21.95,12.51,0.07,4.83,0.0
20220413:0711,77.67,20.19,1.34,4.9,0.0
20220413:0811,84.43,27.34,1.26,4.97,0.0
20220413:0911,166.69,33.45,1.2,5.03,0.0
20220413:1011,98.05,37.94,1.32,4.28,0.0
20220413:1111,76.26,40.22,1.68,5.03,0.0
20220413:1211,76.26,39.92,1.65,4.07,0.0
20220413:1311,98.96,37.1,1.44,4.0,0.0
20220413:1411,54.47,32.19,1.69,3.66,0.0
20220413:1511,73.54,25.79,2.31,3.66,0.0
20220413:1611,113.82,18.48,2.43,3.31,0.0
20220413:1711,70.62,10.74,2.13,2.9,0.0
20220413:1811,6.75,3.0,1.63,2.0,0.0
20220413:1911,0.0,0.0,1.78,1.59,0.0
20220413:2011,0.0,0.0,1.71,1.52,0.0
20220413:2111,0.0,0.0,1.68,1.52,0.0
20220413:2211,0.0,0.0,1.63,1.52,0.0
20220413:2311,0.0,0.0,1.69,1.52,0.0
20220414:0011,0.0,0.0,1.64,1.45,0.0
20220414:0111,0.0,0.0,1.74,1.45,0.0
20220414:0211,0.0,0.0,1.67,1.38,0.0
20220414:0311,0.0,0.0,1.65,1.31,0.0
20220414:0411,0.0,0.0,1.63,1.17,0.0
20220414:0511,5.07,5.07,1.54,1.17,0.0
20220414:0611,61.63,12.85,1.81,1.17,0.0
20220414:0711,124.94,20.53,3.02,1.03,0.0
20220414:0811,313.67,27.69,4.16,0.9,0.0
20220414:0911,485.01,33.81,4.65,0.9,0.0
20220414:1011,315.22,38.31,5.44,0.97,0.0
20220414:1111,245.3,40.59,5.7,1.52,0.0
20220414:1211,207.78,40.27,5.66,1.79,0.0
20220414:1311,155.24,37.43,5.67,2.0,0.0
20220414:1411,105.31,32.5,6.11,1.93,0.0
20220414:1511,165.66,26.08,6.65,1.86,0.0
20220414:1611,143.45,18.76,7.99,1.31,0.0
20220414:1711,57.91,11.02,7.9,1.17,0.0
20220414:1811,2.53,3.27,6.98,1.17,0.0
20220414:1911,0.0,0.0,4.74,1.31,0.0
20220414:2011,0.0,0.0,2.43,1.66,0.0
20220414:2111,0.0,0.0,1.25,1.59,0.0
20220414:2211,0.0,0.0,1.16,1.52,0.0
20220414:2311,0.0,0.0,1.71,1.31,0.0
20220415:0011,0.0,0.0,1.5,1.31,0.0
20220415:0111,0.0,0.0,0.55,1.45,0.0
20220415:0211,0.0,0.0,0.2,1.38,0.0
20220415:0311,0.0,0.0,-0.16,1.52,0.0
20220415:0411,0.0,0.0,-1.03,1.66,0.0
20220415:0511,18.57,5.41,-1.5,1.66,0.0
20220415:0611,81.04,13.19,1.7,1.1,0.0
20220415:0711,274.34,20.87,4.02,0.9,0.0
20220415:0811,500.02,28.04,4.26,2.07,0.0
20220415:0911,487.26,34.17,4.4,2.41,0.0
20220415:1011,356.41,38.67,4.9,2.28,0.0
20220415:1111,831.61,40.95,5.47,2.14,0.0
20220415:1211,888.68,40.62,6.2,1.93,0.0
20220415:1311,750.18,37.76,7.31,1.66,0.0
20220415:1411,721.94,32.8,9.3,0.97,0.0
20220415:1511,581.51,26.37,9.48,0.41,0.0
20220415:1611,442.37,19.03,8.96,0.76,0.0
20220415:1711,219.45,11.29,6.3,1.45,0.0
20220415:1811,10.97,3.55,4.46,1.59,0.0
20220415:1911,0.0,0.0,4.27,1.03,0.0
20220415:2011,0.0,0.0,3.39,0.28,0.0
20220415:2111,0.0,0.0,2.6,0.83,0.0
20220415:2211,0.0,0.0,0.45,1.52,0.0
20220415:2311,0.0,0.0,-1.53,1.59,0.0
20220416:0011,0.0,0.0,-2.28,1.59,0.0
20220416:0111,0.0,0.0,-2.89,1.66,0.0
20220416:0211,0.0,0.0,-2.87,1.72,0.0
20220416:0311,0.0,0.0,-2.86,1.59,0.0
20220416:0411,0.0,0.0,-2.43,1.45,0.0
20220416:0511,29.55,5.75,-1.15,1.17,0.0
20220416:0611,75.13,13.52,0.26,0.55,0.0
20220416:0711,203.36,21.21,1.97,0.69,0.0
20220416:0811,339.86,28.38,2.34,1.1,0.0
20220416:0911,497.71,34.52,2.56,1.17,0.0
20220416:1011,613.82,39.03,3.46,1.17,0.0
20220416:1111,664.6,41.31,3.93,1.38,0.0
20220416:1211,928.16,40.97,4.51,1.45,0.0
20220416:1311,977.79,38.08,4.83,1.79,0.0
20220416:1411,527.88,33.1,4.86,2.28,0.0
20220416:1511,423.31,26.65,4.18,2.21,0.0
20220416:1611,90.78,19.3,3.53,1.93,0.0
20220416:1711,90.27,11.56,2.83,1.72,0.0
20220416:1811,3.38,3.82,2.59,1.31,0.0
20220416:1911,0.0,0.0,2.77,0.9,0.0
20220416:2011,0.0,0.0,1.98,0.62,0.0
20220416:2111,0.0,0.0,1.25,0.76,0.0
20220416:2211,0.0,0.0,0.73,0.97,0.0
20220416:2311,0.0,0.0,0.22,1.1,0.0
20220417:0011,0.0,0.0,-0.33,1.1,0.0
20220417:0111,0.0,0.0,-0.91,1.17,0.0
20220417:0211,0.0,0.0,-1.54,1.17,0.0
20220417:0311,0.0,0.0,-1.8,1.17,0.0
20220417:0411,0.0,0.0,-2.34,1.24,0.0
20220417:0511,29.55,6.08,-2.06,1.17,0.0
20220417:0611,86.95,13.86,0.43,0.62,0.0
20220417:0711,274.24,21.55,3.4,0.34,0.0
20220417:0811,470.71,28.73,5.08,0.55,0.0
20220417:0911,703.04,34.88,6.2,0.97,0.0
20220417:1011,923.5,39.39,6.27,1.31,0.0
20220417:1111,985.79,41.66,6.78,1.45,0.0
20220417:1211,980.99,41.31,7.41,1.52,0.0
20220417:1311,955.02,38.41,7.79,1.59,0.0
20220417:1411,820.78,33.4,7.78,1.66,0.0
20220417:1511,703.34,26.93,7.41,1.79,0.0
20220417:1611,472.17,19.57,6.9,1.72,0.0
20220417:1711,229.38,11.82,6.65,1.52,0.0
20220417:1811,16.88,4.09,5.88,1.31,0.0
20220417:1911,0.0,0.0,5.14,1.17,0.0
20220417:2011,0.0,0.0,4.04,0.97,0.0
20220417:2111,0.0,0.0,2.95,1.31,0.0
20220417:2211,0.0,0.0,0.54,1.59,0.0
20220417:2311,0.0,0.0,-0.48,1.66,0.0
20220418:0011,0.0,0.0,-1.01,1.66,0.0
20220418:0111,0.0,0.0,-1.28,1.72,0.0
20220418:0211,0.0,0.0,-1.59,1.72,0.0
20220418:0311,0.0,0.0,-1.91,1.72,0.0
20220418:0411,0.0,0.0,-2.19,1.79,0.0
20220418:0511,34.61,6.41,-1.7,1.72,0.0
20220418:0611,75.98,14.19,2.04,1.24,0.0
20220418:0711,284.61,21.88,4.87,1.1,0.0
20220418:0811,522.58,29.06,5.98,2.28,0.0
20220418:0911,732.0,35.22,6.1,2.97,0.0
20220418:1011,896.54,39.74,6.88,3.38,0.0
20220418:1111,937.19,42.02,7.66,3.59,0.0
20220418:1211,975.67,41.66,8.19,3.72,0.0
20220418:1311,997.18,38.73,8.34,3.66,0.0
20220418:1411,885.86,33.7,8.11,3.52,0.0
20220418:1511,721.27,27.21,7.52,3.38,0.0
20220418:1611,487.36,19.84,6.56,3.03,0.0
20220418:1711,240.76,12.09,5.3,2.69,0.0
20220418:1811,20.26,4.36,4.16,2.28,0.0
20220418:1911,0.0,0.0,3.32,2.07,0.0
20220418:2011,0.0,0.0,3.28,1.79,0.0
20220418:2111,0.0,0.0,2.62,1.79,0.0
20220418:2211,0.0,0.0,1.27,1.86,0.0
20220418:2311,0.0,0.0,0.0,1.93,0.0
20220419:0011,0.0,0.0,-0.81,1.93,0.0
20220419:0111,0.0,0.0,-0.95,1.93,0.0
20220419:0211,0.0,0.0,-1.15,1.86,0.0
20220419:0311,0.0,0.0,-1.46,1.86,0.0
20220419:0411,0.0,0.0,-1.68,1.86,0.0
20220419:0511,37.15,6.74,-0.78,1.72,0.0
20220419:0611,88.64,14.51,3.42,1.31,0.0
20220419:0711,261.02,22.21,6.78,1.03,0.0
20220419:0811,475.37,29.4,7.52,1.59,0.0
20220419:0911,732.58,35.57,7.35,2.07,0.0
20220419:1011,795.28,40.1,7.84,2.28,0.0
20220419:1111,1056.17,42.37,8.93,2.07,0.0
20220419:1211,985.75,41.99,10.38,1.72,0.0
20220419:1311,928.88,39.04,12.04,1.45,0.0
20220419:1411,854.14,34.0,12.75,1.31,0.0
20220419:1511,714.93,27.49,12.8,1.17,0.0
20220419:1611,482.9,20.11,12.16,1.24,0.0
20220419:1711,239.08,12.35,10.98,1.31,0.0
20220419:1811,20.26,4.63,9.63,1.24,0.0
20220419:1911,0.0,0.0,8.36,1.1,0.0
20220419:2011,0.0,0.0,6.68,1.52,0.0
20220419:2111,0.0,0.0,2.08,1.86,0.0
20220419:2211,0.0,0.0,0.15,1.72,0.0
20220419:2311,0.0,0.0,-0.63,1.72,0.0
20220420:0011,0.0,0.0,-1.06,1.79,0.0
20220420:0111,0.0,0.0,-1.29,1.72,0.0
20220420:0211,0.0,0.0,-1.61,1.72,0.0
20220420:0311,0.0,0.0,-1.8,1.79,0.0
20220420:0411,0.0,0.0,-1.91,1.79,0.0
20220420:0511,37.15,7.06,-0.97,1.66,0.0
20220420:0611,69.23,14.83,3.78,1.24,0.0
20220420:0711,319.41,22.53,7.61,1.03,0.0
20220420:0811,546.18,29.73,11.09,0.9,0.0
20220420:0911,739.57,35.91,9.51,2.07,0.0
20220420:1011,909.44,40.44,9.35,2.55,0.0
20220420:1111,966.82,42.71,10.39,2.34,0.0
20220420:1211,1013.78,42.33,12.02,1.93,0.0
20220420:1311,955.31,39.36,12.67,2.0,0.0
20220420:1411,836.59,34.29,13.98,1.66,0.0
20220420:1511,705.22,27.76,13.89,1.24,0.0
20220420:1611,477.02,20.38,13.98,0.69,0.0
20220420:1711,236.4,12.62,13.25,0.21,0.0
20220420:1811,23.64,4.9,12.26,0.48,0.0
20220420:1911,0.0,0.0,10.98,1.1,0.0
20220420:2011,0.0,0.0,7.45,1.79,0.0
20220420:2111,0.0,0.0,3.9,1.93,0.0
20220420:2211,0.0,0.0,2.29,1.79,0.0
20220420:2311,0.0,0.0,1.89,1.86,0.0
20220421:0011,0.0,0.0,1.98,1.93,0.0
20220421:0111,0.0,0.0,1.88,2.0,0.0
20220421:0211,0.0,0.0,1.6,2.0,0.0
20220421:0311,0.0,0.0,1.38,2.07,0.0
20220421:0411,0.0,0.0,1.21,2.07,0.0
20220421:0511,34.61,7.38,1.74,2.0,0.0
20220421:0611,97.08,15.15,5.38,1.66,0.0
20220421:0711,282.95,22.85,7.41,1.86,0.0
20220421:0811,430.09,30.06,7.36,3.31,0.0
20220421:0911,549.24,36.24,9.0,4.14,0.0
20220421:1011,693.62,40.79,10.21,4.55,0.0
20220421:1111,767.91,43.06,11.01,4.69,0.0
20220421:1211,937.53,42.66,11.47,4.55,0.0
20220421:1311,732.5,39.67,11.49,4.28,0.0
20220421:1411,717.76,34.58,11.01,3.86,0.0
20220421:1511,564.88,28.04,10.0,3.24,0.0
20220421:1611,441.01,20.64,9.94,2.62,0.0
20220421:1711,234.43,12.88,11.63,1.79,0.0
20220421:1811,22.79,5.16,11.22,1.66,0.0
20220421:1911,0.0,0.0,8.75,1.86,0.0
20220421:2011,0.0,0.0,6.04,2.0,0.0
20220421:2111,0.0,0.0,4.15,2.0,0.0
20220421:2211,0.0,0.0,3.32,2.0,0.0
20220421:2311,0.0,0.0,2.84,2.07,0.0
20220422:0011,0.0,0.0,2.29,2.0,0.0
20220422:0111,0.0,0.0,1.76,1.93,0.0
20220422:0211,0.0,0.0,1.15,2.0,0.0
20220422:0311,0.0,0.0,0.72,2.0,0.0
20220422:0411,0.0,0.0,0.48,2.07,0.0
20220422:0511,33.77,7.7,1.51,1.93,0.0
20220422:0611,59.94,15.46,5.62,1.59,0.0
20220422:0711,327.12,23.17,7.57,2.0,0.0
20220422:0811,545.34,30.38,7.6,3.31,0.0
20220422:0911,787.7,36.58,9.58,4.34,0.0
20220422:1011,955.3,41.13,10.87,4.62,0.0
20220422:1111,1003.13,43.4,11.6,4.55,0.0
20220422:1211,1079.73,42.99,11.97,4.41,0.0
20220422:1311,1033.0,39.98,11.9,4.14,0.0
20220422:1411,905.71,34.87,11.39,3.79,0.0
20220422:1511,718.18,28.31,10.57,3.45,0.0
20220422:1611,487.64,20.9,10.15,2.97,0.0
20220422:1711,244.35,13.13,11.47,2.14,0.0
20220422:1811,23.64,5.43,12.6,1.66,0.0
20220422:1911,0.0,0.0,10.79,1.79,0.0
20220422:2011,0.0,0.0,8.55,1.86,0.0
20220422:2111,0.0,0.0,5.57,2.0,0.0
20220422:2211,0.0,0.0,4.44,1.93,0.0
20220422:2311,0.0,0.0,3.92,2.0,0.0
20220423:0011,0.0,0.0,3.62,2.07,0.0
20220423:0111,0.0,0.0,3.32,2.14,0.0
20220423:0211,0.0,0.0,3.32,2.14,0.0
20220423:0311,0.0,0.0,2.93,2.21,0.0
20220423:0411,0.0,0.0,2.63,2.21,0.0
20220423:0511,37.99,8.01,3.15,2.07,0.0
20220423:0611,69.23,15.77,5.06,1.86,0.0
20220423:0711,289.86,23.48,6.59,3.1,0.0
20220423:0811,419.45,30.7,6.87,3.38,0.0
20220423:0911,663.6,36.91,7.79,3.52,0.0
20220423:1011,707.49,41.46,8.84,3.72,0.0
20220423:1111,656.91,43.74,9.46,3.59,0.0
20220423:1211,665.41,43.32,9.18,3.52,0.0
20220423:1311,745.59,40.29,9.4,3.52,0.0
20220423:1411,684.1,35.15,9.41,3.45,0.0
20220423:1511,456.9,28.58,8.33,2.97,0.0
20220423:1611,399.02,21.16,8.59,2.41,0.0
20220423:1711,235.3,13.39,9.24,1.86,0.0
20220423:1811,27.86,5.69,7.88,1.93,0.0
20220423:1911,0.0,0.0,8.39,1.38,0.0
20220423:2011,0.0,0.0,5.32,1.72,0.0
20220423:2111,0.0,0.0,3.77,1.86,0.0
20220423:2211,0.0,0.0,3.43,1.79,0.0
20220423:2311,0.0,0.0,3.49,1.66,0.0
20220424:0011,0.0,0.0,2.78,1.66,0.0
20220424:0111,0.0,0.0,1.3,1.93,0.0
20220424:0211,0.0,0.0,0.77,2.0,0.0
20220424:0311,0.0,0.0,0.32,2.0,0.0
20220424:0411,0.0,0.0,-0.55,2.14,0.0
20220424:0511,36.3,8.32,-0.88,2.34,0.0
20220424:0611,57.41,16.08,0.87,2.21,0.0
20220424:0711,341.05,23.79,3.38,3.79,0.0
20220424:0811,554.07,31.02,4.37,4.28,0.0
20220424:0911,788.88,37.23,5.55,4.48,0.0
20220424:1011,949.29,41.8,6.29,4.21,0.0
20220424:1111,978.53,44.07,6.94,4.07,0.0
20220424:1211,1001.74,43.64,6.78,3.66,0.0
20220424:1311,850.3,40.59,6.54,3.38,0.0
20220424:1411,247.06,35.44,6.03,2.76,0.0
20220424:1511,182.84,28.84,5.82,2.34,0.0
20220424:1611,203.97,21.42,6.33,2.0,0.0
20220424:1711,109.78,13.65,6.62,1.59,0.0
20220424:1811,19.42,5.95,7.56,1.17,0.0
20220424:1911,0.0,0.0,6.82,0.69,0.0
20220424:2011,0.0,0.0,5.97,0.48,0.0
20220424:2111,0.0,0.0,5.21,0.62,0.0
20220424:2211,0.0,0.0,3.95,1.17,0.0
20220424:2311,0.0,0.0,1.73,1.52,0.0
20220425:0011,0.0,0.0,-0.31,1.66,0.0
20220425:0111,0.0,0.0,-1.12,1.59,0.0
20220425:0211,0.0,0.0,-1.6,1.66,0.0
20220425:0311,0.0,0.0,-1.78,1.72,0.0
20220425:0411,0.0,0.0,-1.54,1.72,0.0
20220425:0511,48.96,8.62,-0.04,1.52,0.0
20220425:0611,65.0,16.38,3.7,0.9,0.0
20220425:0711,331.28,24.09,5.78,1.03,0.0
20220425:0811,490.56,31.33,6.17,1.59,0.0
20220425:0911,675.24,37.55,6.87,1.86,0.0
20220425:1011,810.18,42.13,7.77,1.86,0.0
20220425:1111,988.7,44.4,8.53,1.93,0.0
20220425:1211,995.22,43.96,9.01,2.07,0.0
20220425:1311,977.34,40.89,9.04,2.34,0.0
20220425:1411,863.84,35.72,8.84,2.55,0.0
20220425:1511,690.32,29.11,8.76,2.76,0.0
20220425:1611,487.32,21.67,8.01,2.83,0.0
20220425:1711,250.93,13.9,6.95,2.69,0.0
20220425:1811,27.01,6.2,6.24,2.21,0.0
20220425:1911,0.0,0.0,5.29,1.79,0.0
20220425:2011,0.0,0.0,4.25,1.59,0.0
20220425:2111,0.0,0.0,3.46,1.52,0.0
20220425:2211,0.0,0.0,2.4,1.59,0.0
20220425:2311,0.0,0.0,1.42,1.66,0.0
20220426:0011,0.0,0.0,0.66,1.72,0.0
20220426:0111,0.0,0.0,0.04,1.79,0.0
20220426:0211,0.0,0.0,-0.58,1.86,0.0
20220426:0311,0.0,0.0,-1.08,2.0,0.0
20220426:0411,0.0,0.0,-1.45,2.14,0.0
20220426:0511,37.99,8.92,-0.33,2.0,0.0
20220426:0611,59.94,16.68,2.39,1.93,0.0
20220426:0711,341.92,24.39,5.23,2.9,0.0
20220426:0811,568.81,31.63,5.86,3.31,0.0
20220426:0911,766.91,37.87,6.59,3.03,0.0
20220426:1011,936.58,42.45,7.29,2.55,0.0
20220426:1111,924.75,44.72,8.78,1.72,0.0
20220426:1211,630.45,44.27,11.09,0.55,0.0
20220426:1311,471.91,41.19,11.32,0.76,0.0
20220426:1411,518.52,35.99,8.24,1.79,0.0
20220426:1511,574.81,29.37,7.19,2.28,0.0
20220426:1611,311.14,21.92,6.65,2.41,0.0
20220426:1711,131.91,14.15,6.31,2.34,0.0
20220426:1811,32.08,6.46,6.08,1.93,0.0
20220426:1911,0.0,0.0,3.75,2.14,0.0
20220426:2011,0.0,0.0,3.2,1.59,0.0
20220426:2111,0.0,0.0,3.49,1.31,0.0
20220426:2211,0.0,0.0,3.05,1.03,0.0
20220426:2311,0.0,0.0,3.11,0.69,0.0
20220427:0011,0.0,0.0,2.84,0.28,0.0
20220427:0111,0.0,0.0,2.77,0.41,0.0
20220427:0211,0.0,0.0,2.62,0.55,0.0
20220427:0311,0.0,0.0,2.24,0.83,0.0
20220427:0411,0.84,1.79,1.95,1.03,0.0
20220427:0511,40.52,9.21,2.1,0.83,0.0
20220427:0611,108.9,16.97,3.95,0.21,0.0
20220427:0711,344.84,24.69,4.32,0.76,0.0
20220427:0811,578.09,31.93,4.74,1.38,0.0
20220427:0911,773.33,38.18,5.6,1.72,0.0
20220427:1011,0.0,0.0,6.37,2.0,0.0
20220427:1111,1060.61,45.05,7.23,2.14,0.0
20220427:1211,1038.61,44.59,7.87,2.41,0.0
20220427:1311,1039.7,41.48,8.16,2.62,0.0
20220427:1411,907.6,36.27,8.4,3.03,0.0
20220427:1511,712.51,29.63,8.16,3.38,0.0
20220427:1611,489.61,22.17,7.41,3.52,0.0
20220427:1711,257.45,14.4,6.17,3.31,0.0
20220427:1811,53.22,6.71,4.3,2.55,0.0
20220427:1911,0.0,0.0,2.94,2.41,0.0
20220427:2011,0.0,0.0,1.05,2.14,0.0
20220427:2111,0.0,0.0,0.23,2.0,0.0
20220427:2211,0.0,0.0,-0.54,1.93,0.0
20220427:2311,0.0,0.0,-1.27,1.93,0.0
20220428:0011,0.0,0.0,-1.96,1.93,0.0
20220428:0111,0.0,0.0,-2.86,2.14,0.0
20220428:0211,0.0,0.0,-3.44,2.41,0.0
20220428:0311,0.0,0.0,-3.67,2.48,0.0
20220428:0411,3.38,2.09,-3.69,2.48,0.0
20220428:0511,42.21,9.5,-2.87,2.41,0.0
20220428:0611,63.32,17.26,-0.56,2.48,0.0
20220428:0711,354.64,24.98,3.37,3.31,0.0
20220428:0811,594.87,32.23,4.47,3.59,0.0
20220428:0911,801.25,38.49,5.67,3.45,0.0
20220428:1011,972.03,43.09,6.69,3.38,0.0
20220428:1111,1027.27,45.36,7.51,3.38,0.0
20220428:1211,1044.21,44.9,7.98,3.52,0.0
20220428:1311,963.57,41.77,8.0,3.79,0.0
20220428:1411,825.57,36.54,7.81,4.0,0.0
20220428:1511,537.51,29.88,7.32,4.07,0.0
20220428:1611,343.08,22.42,6.68,4.0,0.0
20220428:1711,105.22,14.64,5.88,3.86,0.0
20220428:1811,23.6,6.96,4.74,3.17,0.0
20220428:1911,0.0,0.0,3.36,2.48,0.0
20220428:2011,0.0,0.0,2.32,2.41,0.0
20220428:2111,0.0,0.0,1.37,2.14,0.0
20220428:2211,0.0,0.0,0.01,2.0,0.0
20220428:2311,0.0,0.0,-0.41,1.93,0.0
20220429:0011,0.0,0.0,-0.61,2.0,0.0
20220429:0111,0.0,0.0,-0.57,1.93,0.0
20220429:0211,0.0,0.0,-0.83,1.93,0.0
20220429:0311,0.0,0.0,-1.19,1.93,0.0
20220429:0411,2.53,2.38,-1.39,1.93,0.0
20220429:0511,46.43,9.79,-0.57,1.72,0.0
20220429:0611,102.15,17.54,1.25,2.0,0.0
20220429:0711,357.37,25.26,4.0,2.07,0.0
20220429:0811,577.92,32.52,4.63,2.21,0.0
20220429:0911,738.9,38.79,5.82,2.21,0.0
20220429:1011,663.35,43.4,7.22,2.62,0.0
20220429:1111,641.15,45.68,7.82,2.76,0.0
20220429:1211,862.92,45.2,7.61,2.76,0.0
20220429:1311,486.7,42.06,8.09,2.9,0.0
20220429:1411,218.09,36.81,7.45,3.24,0.0
20220429:1511,436.27,30.14,7.37,3.59,0.0
20220429:1611,206.85,22.67,6.96,3.59,0.0
20220429:1711,174.6,14.89,6.27,3.31,0.0
20220429:1811,56.98,7.21,4.8,2.62,0.0
20220429:1911,0.0,0.0,3.38,2.21,0.0
20220429:2011,0.0,0.0,2.39,1.93,0.0
20220429:2111,0.0,0.0,1.62,1.72,0.0
20220429:2211,0.0,0.0,1.08,1.66,0.0
20220429:2311,0.0,0.0,0.36,1.66,0.0
20220430:0011,0.0,0.0,-0.57,1.72,0.0
20220430:0111,0.0,0.0,-1.33,1.86,0.0
20220430:0211,0.0,0.0,-1.82,1.93,0.0
20220430:0311,0.0,0.0,-2.09,1.93,0.0
20220430:0411,3.38,2.66,-2.21,1.86,0.0
20220430:0511,46.43,10.07,-0.36,1.59,0.0
20220430:0611,67.54,17.82,2.85,1.31,0.0
20220430:0711,344.32,25.54,4.11,1.66,0.0
20220430:0811,578.47,32.81,5.44,1.66,0.0
20220430:0911,797.21,39.09,7.26,1.31,0.0
20220430:1011,919.34,43.71,9.37,0.9,0.0
20220430:1111,1011.94,45.99,10.31,0.76,0.0
20220430:1211,1027.26,45.5,9.76,1.38,0.0
20220430:1311,976.84,42.35,8.39,2.14,0.0
20220430:1411,858.1,37.07,8.22,2.48,0.0
20220430:1511,491.55,30.39,7.99,3.1,0.0
20220430:1611,256.78,22.91,6.93,3.1,0.0
20220430:1711,81.57,15.13,5.97,2.97,0.0
20220430:1811,22.7,7.46,4.66,2.34,0.0
20220430:1911,0.0,0.0,4.43,1.86,0.0
20220430:2011,0.0,0.0,4.0,1.66,0.0
20220430:2111,0.0,0.0,3.43,1.59,0.0
20220430:2211,0.0,0.0,2.62,1.52,0.0
20220430:2311,0.0,0.0,1.61,1.59,0.0
20220501:0011,0.0,0.0,0.82,1.59,0.0
20220501:0111,0.0,0.0,0.34,1.52,0.0
20220501:0211,0.0,0.0,-0.31,1.52,0.0
20220501:0311,0.0,0.0,-0.45,1.52,0.0
20220501:0411,1.69,2.95,-0.16,1.45,0.0
20220501:0511,44.74,10.34,1.93,1.03,0.0
20220501:0611,65.85,18.09,4.81,0.69,0.0
20220501:0711,347.27,25.82,5.94,1.24,0.0
20220501:0811,586.57,33.1,6.14,1.79,0.0
20220501:0911,795.46,39.38,7.53,1.66,0.0
20220501:1011,910.91,44.01,9.39,1.24,0.0
20220501:1111,927.84,46.29,10.61,1.17,0.0
20220501:1211,816.15,45.8,9.36,1.38,0.0
20220501:1311,987.75,42.63,7.65,1.93,0.0
20220501:1411,896.89,37.34,7.7,2.34,0.0
20220501:1511,707.4,30.64,7.35,2.41,0.0
20220501:1611,461.42,23.15,6.75,2.14,0.0
20220501:1711,265.8,15.37,6.16,2.21,0.0
20220501:1811,60.13,7.7,5.28,2.0,0.0
20220501:1911,0.0,0.0,5.02,1.59,0.0
20220501:2011,0.0,0.0,5.22,1.1,0.0
20220501:2111,0.0,0.0,4.26,1.1,0.0
20220501:2211,0.0,0.0,3.24,1.03,0.0
20220501:2311,0.0,0.0,2.38,1.1,0.0
20220502:0011,0.0,0.0,1.6,1.24,0.0
20220502:0111,0.0,0.0,0.76,1.38,0.0
20220502:0211,0.0,0.0,-0.28,1.52,0.0
20220502:0311,0.0,0.0,-0.67,1.59,0.0
20220502:0411,2.53,3.22,-0.37,1.52,0.0
20220502:0511,29.55,10.61,1.37,1.31,0.0
20220502:0611,90.33,18.36,1.59,1.59,0.0
20220502:0711,79.89,26.09,3.01,1.38,0.0
20220502:0811,126.19,33.37,3.43,2.07,0.0
20220502:0911,118.93,39.67,3.79,2.07,0.0
20220502:1011,163.41,44.31,4.4,2.41,0.0
20220502:1111,156.15,46.6,4.5,2.41,0.0
20220502:1211,117.11,46.09,6.35,2.48,0.0
20220502:1311,124.38,42.9,6.94,2.62,0.0
20220502:1411,242.62,37.6,7.02,2.55,0.0
20220502:1511,177.1,30.88,5.88,3.17,0.0
20220502:1611,145.29,23.39,6.3,3.93,0.0
20220502:1711,231.75,15.61,5.55,3.86,0.0
20220502:1811,62.03,7.94,4.39,3.24,0.0
20220502:1911,0.0,0.0,3.18,3.31,0.0
20220502:2011,0.0,0.0,2.01,3.1,0.0
20220502:2111,0.0,0.0,0.86,2.97,0.0
20220502:2211,0.0,0.0,-0.18,2.69,0.0
20220502:2311,0.0,0.0,-1.53,2.41,0.0
20220503:0011,0.0,0.0,-2.58,2.21,0.0
20220503:0111,0.0,0.0,-2.61,2.14,0.0
20220503:0211,0.0,0.0,-2.88,2.07,0.0
20220503:0311,0.0,0.0,-2.95,1.93,0.0
20220503:0411,8.44,3.49,-2.83,1.79,0.0
20220503:0511,48.96,10.88,-0.57,1.45,0.0
20220503:0611,68.38,18.62,0.93,1.38,0.0
20220503:0711,351.21,26.36,3.62,0.9,0.0
20220503:0811,591.93,33.65,6.2,0.48,0.0
20220503:0911,799.04,39.95,5.56,1.45,0.0
20220503:1011,946.74,44.6,8.65,1.86,0.0
20220503:1111,1036.25,46.89,9.39,2.14,0.0
20220503:1211,1038.73,46.38,9.82,2.48,0.0
20220503:1311,966.02,43.18,10.0,2.62,0.0
20220503:1411,722.12,37.85,9.88,2.62,0.0
20220503:1511,458.72,31.13,9.39,2.55,0.0
20220503:1611,319.91,23.62,8.66,2.69,0.0
20220503:1711,229.52,15.84,7.54,2.69,0.0
20220503:1811,55.73,8.18,6.28,2.28,0.0
20220503:1911,0.0,0.0,5.07,1.59,0.0
20220503:2011,0.0,0.0,3.15,0.9,0.0
20220503:2111,0.0,0.0,3.05,0.69,0.0
20220503:2211,0.0,0.0,2.01,1.1,0.0
20220503:2311,0.0,0.0,1.0,1.17,0.0
20220504:0011,0.0,0.0,0.0,1.24,0.0
20220504:0111,0.0,0.0,-0.83,1.17,0.0
20220504:0211,0.0,0.0,-1.05,1.24,0.0
20220504:0311,0.0,0.0,-1.03,1.17,0.0
20220504:0411,2.53,3.76,-0.28,0.97,0.0
20220504:0511,33.77,11.14,0.23,0.48,0.0
20220504:0611,42.21,18.88,2.1,0.07,0.0
20220504:0711,138.72,26.62,4.12,0.55,0.0
20220504:0811,227.34,33.92,5.28,0.83,0.0
20220504:0911,405.88,40.23,6.31,1.31,0.0
20220504:1011,559.72,44.89,6.84,1.66,0.0
20220504:1111,525.81,47.19,7.53,1.79,0.0
20220504:1211,541.24,46.67,8.33,2.0,0.0
20220504:1311,440.04,43.45,8.7,2.28,0.0
20220504:1411,264.19,38.11,8.39,2.55,0.0
20220504:1511,364.38,31.37,7.73,2.55,0.0
20220504:1611,135.74,23.86,7.12,2.28,0.0
20220504:1711,97.87,16.07,6.66,2.07,0.0
20220504:1811,22.7,8.42,5.96,1.72,0.0
20220504:1911,0.0,0.0,4.68,1.52,0.0
20220504:2011,0.0,0.0,3.94,1.03,0.0
20220504:2111,0.0,0.0,3.28,0.83,0.0
20220504:2211,0.0,0.0,2.87,0.76,0.0
20220504:2311,0.0,0.0,2.93,0.83,0.0
20220505:0011,0.0,0.0,3.21,1.1,0.0
20220505:0111,0.0,0.0,3.44,1.17,0.0
20220505:0211,0.0,0.0,3.77,0.97,0.0
20220505:0311,0.0,0.0,4.0,0.9,0.0
20220505:0411,3.38,4.02,4.28,0.76,0.0
20220505:0511,18.57,11.39,4.64,1.24,0.0
20220505:0611,81.89,19.14,5.44,2.28,0.0
20220505:0711,129.73,26.88,5.73,3.38,0.0
20220505:0811,204.82,34.18,6.66,3.45,0.0
20220505:0911,324.77,40.5,7.39,3.72,0.0
20220505:1011,371.1,45.17,8.1,3.72,0.0
20220505:1111,483.98,47.47,8.68,4.0,0.0
20220505:1211,907.49,46.95,9.04,4.14,0.0
20220505:1311,660.13,43.71,9.54,4.14,0.0
20220505:1411,730.83,38.36,9.51,4.14,0.0
20220505:1511,646.0,31.6,9.16,4.07,0.0
20220505:1611,475.06,24.09,8.7,3.86,0.0
20220505:1711,134.31,16.3,8.01,3.72,0.0
20220505:1811,68.5,8.65,7.19,3.24,0.0
20220505:1911,0.0,0.0,5.97,2.62,0.0
20220505:2011,0.0,0.0,5.1,2.28,0.0
20220505:2111,0.0,0.0,4.75,1.79,0.0
20220505:2211,0.0,0.0,4.13,1.38,0.0
20220505:2311,0.0,0.0,3.5,1.17,0.0
20220506:0011,0.0,0.0,3.64,0.9,0.0
20220506:0111,0.0,0.0,3.96,0.69,0.0
20220506:0211,0.0,0.0,3.66,0.62,0.0
20220506:0311,0.0,0.0,3.32,0.69,0.0
20220506:0411,2.53,4.28,3.16,0.76,0.0
20220506:0511,12.66,11.64,3.88,0.41,0.0
20220506:0611,68.38,19.39,5.62,0.21,0.0
20220506:0711,61.73,27.13,7.22,1.45,0.0
20220506:0811,154.33,34.44,7.95,1.79,0.0
20220506:0911,117.11,40.77,9.0,2.21,0.0
20220506:1011,118.02,45.45,10.03,2.97,0.0
20220506:1111,167.95,47.76,9.87,2.69,0.0
20220506:1211,173.4,47.23,9.73,2.9,0.0
20220506:1311,85.34,43.98,9.76,1.72,0.0
20220506:1411,90.78,38.6,9.69,1.93,0.0
20220506:1511,89.88,31.84,9.05,2.14,0.0
20220506:1611,46.3,24.31,8.89,1.38,0.0
20220506:1711,22.7,16.53,8.24,1.38,0.0
20220506:1811,8.17,8.88,7.55,1.66,0.0
20220506:1911,0.84,1.74,7.0,1.52,0.0
20220506:2011,0.0,0.0,6.76,1.31,0.0
20220506:2111,0.0,0.0,6.61,1.66,0.0
20220506:2211,0.0,0.0,6.49,2.0,0.0
20220506:2311,0.0,0.0,6.32,2.0,0.0
20220507:0011,0.0,0.0,6.01,3.17,0.0
20220507:0111,0.0,0.0,5.35,3.31,0.0
20220507:0211,0.0,0.0,4.33,3.31,0.0
20220507:0311,0.0,0.0,3.33,3.31,0.0
20220507:0411,11.82,4.53,2.75,3.38,0.0
20220507:0511,47.28,11.89,3.04,3.45,0.0
20220507:0611,152.14,19.63,3.77,4.07,0.0
20220507:0711,286.11,27.37,5.02,3.93,0.0
20220507:0811,576.1,34.69,5.8,4.07,0.0
20220507:0911,790.22,41.03,6.84,4.21,0.0
20220507:1011,938.97,45.73,7.89,4.34,0.0
20220507:1111,909.79,48.04,8.68,4.62,0.0
20220507:1211,1066.92,47.5,9.05,4.83,0.0
20220507:1311,1045.05,44.23,9.15,4.9,0.0
20220507:1411,889.71,38.85,9.02,4.83,0.0
20220507:1511,726.81,32.07,8.58,4.69,0.0
20220507:1611,510.63,24.54,7.9,4.48,0.0
20220507:1711,213.45,16.75,6.86,4.28,0.0
20220507:1811,72.39,9.11,5.47,3.66,0.0
20220507:1911,0.84,1.98,4.02,3.38,0.0
20220507:2011,0.0,0.0,2.64,3.17,0.0
20220507:2111,0.0,0.0,1.7,2.83,0.0
20220507:2211,0.0,0.0,0.94,2.48,0.0
20220507:2311,0.0,0.0,0.17,2.34,0.0
20220508:0011,0.0,0.0,-0.66,2.21,0.0
20220508:0111,0.0,0.0,-1.36,2.14,0.0
20220508:0211,0.0,0.0,-1.95,2.14,0.0
20220508:0311,0.0,0.0,-2.32,2.07,0.0
20220508:0411,17.73,4.77,-2.19,2.0,0.0
20220508:0511,50.65,12.13,-0.26,1.59,0.0
20220508:0611,145.64,19.87,3.77,1.45,0.0
20220508:0711,360.94,27.61,5.98,1.72,0.0
20220508:0811,592.24,34.93,7.78,1.45,0.0
20220508:0911,789.52,41.29,9.39,0.76,0.0
20220508:1011,939.2,45.99,10.66,0.21,0.0
20220508:1111,1024.86,48.31,11.66,1.03,0.0
20220508:1211,1046.37,47.77,12.29,1.86,0.0
20220508:1311,1014.57,44.49,12.38,2.28,0.0
20220508:1411,825.1,39.08,12.12,2.34,0.0
20220508:1511,690.05,32.3,11.59,2.34,0.0
20220508:1611,468.21,24.76,10.85,2.41,0.0
20220508:1711,224.26,16.97,9.8,2.28,0.0
20220508:1811,28.14,9.34,8.73,1.86,0.0
20220508:1911,0.84,2.21,7.28,1.24,0.0
20220508:2011,0.0,0.0,5.89,0.69,0.0
20220508:2111,0.0,0.0,5.5,0.28,0.0
20220508:2211,0.0,0.0,4.81,0.76,0.0
20220508:2311,0.0,0.0,3.64,1.03,0.0
20220509:0011,0.0,0.0,2.9,1.17,0.0
20220509:0111,0.0,0.0,2.8,1.17,0.0
20220509:0211,0.0,0.0,2.7,1.17,0.0
20220509:0311,0.0,0.0,2.93,1.03,0.0
20220509:0411,11.82,5.01,2.87,1.03,0.0
20220509:0511,62.47,12.37,3.18,0.9,0.0
20220509:0611,152.64,20.1,4.57,0.9,0.0
20220509:0711,357.53,27.85,7.23,1.59,0.0
20220509:0811,586.99,35.18,8.83,2.21,0.0
20220509:0911,767.22,41.54,10.2,2.76,0.0
20220509:1011,921.1,46.26,11.23,3.17,0.0
20220509:1111,1023.66,48.58,11.83,3.52,0.0
20220509:1211,917.89,48.03,12.15,3.72,0.0
20220509:1311,1008.19,44.74,12.06,3.72,0.0
20220509:1411,601.03,39.32,11.59,3.59,0.0
20220509:1511,660.56,32.52,10.94,3.45,0.0
20220509:1611,220.17,24.98,9.91,3.17,0.0
20220509:1711,51.75,17.19,8.7,2.76,0.0
20220509:1811,29.05,9.56,7.61,2.34,0.0
20220509:1911,0.84,2.44,6.59,2.69,0.0
20220509:2011,0.0,0.0,5.64,2.34,0.0
20220509:2111,0.0,0.0,5.09,2.34,0.0
20220509:2211,0.0,0.0,4.94,2.48,0.0
20220509:2311,0.0,0.0,4.94,2.55,0.0
20220510:0011,0.0,0.0,4.98,2.41,0.0
20220510:0111,0.0,0.0,5.08,2.55,0.0
20220510:0211,0.0,0.0,5.03,2.83,0.0
20220510:0311,0.0,0.0,5.25,2.69,0.0
20220510:0411,4.22,5.25,5.48,2.14,0.0
20220510:0511,12.66,12.59,5.93,2.28,0.0
20220510:0611,31.77,20.33,6.53,2.28,0.0
20220510:0711,85.34,28.08,7.7,2.28,0.0
20220510:0811,156.15,35.41,7.94,2.21,0.0
20220510:0911,112.57,41.79,8.25,2.14,0.0
20220510:1011,100.77,46.52,8.66,2.21,0.0
20220510:1111,84.43,48.84,8.89,2.14,0.0
20220510:1211,128.91,48.29,8.45,2.83,0.0
20220510:1311,176.12,44.99,9.27,1.79,0.0
20220510:1411,526.82,39.55,9.11,2.41,0.0
20220510:1511,156.74,32.74,9.1,2.34,0.0
20220510:1611,89.88,25.2,7.79,2.55,0.0
20220510:1711,82.85,17.41,7.57,2.55,0.0
20220510:1811,32.68,9.78,7.03,2.76,0.0
20220510:1911,2.53,2.67,6.44,2.28,0.0
20220510:2011,0.0,0.0,5.84,1.66,0.0
20220510:2111,0.0,0.0,5.57,1.45,0.0
20220510:2211,0.0,0.0,5.42,1.38,0.0
20220510:2311,0.0,0.0,5.33,1.38,0.0
20220511:0011,0.0,0.0,5.36,1.38,0.0
20220511:0111,0.0,0.0,5.11,1.52,0.0
20220511:0211,0.0,0.0,5.12,1.45,0.0
20220511:0311,0.0,0.0,5.06,1.66,0.0
20220511:0411,4.22,5.48,5.33,1.66,0.0
20220511:0511,12.66,12.82,5.99,1.38,0.0
20220511:0611,37.22,20.55,6.91,1.72,0.0
20220511:0711,80.8,28.3,6.47,2.41,0.0
20220511:0811,105.31,35.64,6.41,3.86,0.0
20220511:0911,193.71,42.03,6.31,3.52,0.0
20220511:1011,76.26,46.77,6.46,2.76,0.0
20220511:1111,108.94,49.1,7.72,3.31,0.0
20220511:1211,84.43,48.55,7.32,3.17,0.0
20220511:1311,90.78,45.23,7.94,2.9,0.0
20220511:1411,77.17,39.78,7.4,2.83,0.0
20220511:1511,146.16,32.96,7.85,2.69,0.0
20220511:1611,111.67,25.41,7.27,2.48,0.0
20220511:1711,175.75,17.62,6.79,2.41,0.0
20220511:1811,39.95,9.99,6.15,2.48,0.0
20220511:1911,3.38,2.89,5.52,2.62,0.0
20220511:2011,0.0,0.0,4.88,2.97,0.0
20220511:2111,0.0,0.0,4.51,3.52,0.0
20220511:2211,0.0,0.0,4.33,3.59,0.0
20220511:2311,0.0,0.0,4.07,3.38,0.0
20220512:0011,0.0,0.0,4.13,3.17,0.0
20220512:0111,0.0,0.0,4.05,3.17,0.0
20220512:0211,0.0,0.0,3.91,3.03,0.0
20220512:0311,0.0,0.0,3.88,3.93,0.0
20220512:0411,4.22,5.7,3.83,3.72,0.0
20220512:0511,30.39,13.04,4.04,4.55,0.0
20220512:0611,149.79,20.76,4.26,4.55,0.0
20220512:0711,226.39,28.52,5.81,3.52,0.0
20220512:0811,215.46,35.87,5.98,3.79,0.0
20220512:0911,352.53,42.27,7.07,3.72,0.0
20220512:1011,135.27,47.01,7.89,3.1,0.0
20220512:1111,318.95,49.35,8.0,3.24,0.0
20220512:1211,413.07,48.8,7.84,3.17,0.0
20220512:1311,213.06,45.47,7.9,3.52,0.0
20220512:1411,255.12,40.01,6.84,3.38,0.0
20220512:1511,207.34,33.18,7.44,2.9,0.0
20220512:1611,254.66,25.62,7.4,2.97,0.0
20220512:1711,220.02,17.83,6.78,2.76,0.0
20220512:1811,13.62,10.21,6.26,2.41,0.0
20220512:1911,2.53,3.11,5.33,2.28,0.0
20220512:2011,0.0,0.0,4.51,2.0,0.0
20220512:2111,0.0,0.0,4.15,1.79,0.0
20220512:2211,0.0,0.0,3.53,1.79,0.0
20220512:2311,0.0,0.0,3.29,1.45,0.0
20220513:0011,0.0,0.0,3.75,1.31,0.0
20220513:0111,0.0,0.0,3.73,1.03,0.0
20220513:0211,0.0,0.0,3.78,0.83,0.0
20220513:0311,0.0,0.0,3.68,1.03,0.0
20220513:0411,4.22,5.92,3.85,1.31,0.0
20220513:0511,60.78,13.25,4.62,1.59,0.0
20220513:0611,67.18,20.97,5.27,1.79,0.0
20220513:0711,73.54,28.73,6.25,2.76,0.0
20220513:0811,111.67,36.09,7.27,2.14,0.0
20220513:0911,157.97,42.5,7.19,2.14,0.0
20220513:1011,167.04,47.26,7.37,2.21,0.0
20220513:1111,200.63,49.6,7.27,2.07,0.0
20220513:1211,165.23,49.04,7.57,2.48,0.0
20220513:1311,215.78,45.7,7.82,2.07,0.0
20220513:1411,243.03,40.23,7.9,2.21,0.0
20220513:1511,138.9,33.39,8.38,2.41,0.0
20220513:1611,70.81,25.82,6.91,3.93,0.0
20220513:1711,34.5,18.03,6.49,3.86,0.0
20220513:1811,14.53,10.42,6.61,3.45,0.0
20220513:1911,1.69,3.33,6.38,3.1,0.0
20220513:2011,0.0,0.0,6.31,2.14,0.0
20220513:2111,0.0,0.0,6.34,2.28,0.0
20220513:2211,0.0,0.0,6.29,2.83,0.0
20220513:2311,0.0,0.0,6.42,3.72,0.0
20220514:0011,0.0,0.0,5.89,4.21,0.0
20220514:0111,0.0,0.0,5.13,4.21,0.0
20220514:0211,0.0,0.0,4.54,4.34,0.0
20220514:0311,0.0,0.0,4.15,4.28,0.0
20220514:0411,8.44,6.13,3.87,4.28,0.0
20220514:0511,68.38,13.46,4.05,4.28,0.0
20220514:0611,160.13,21.18,4.74,4.97,0.0
20220514:0711,280.18,28.93,5.35,4.69,0.0
20220514:0811,340.14,36.3,6.29,4.55,0.0
20220514:0911,417.63,42.72,7.05,4.69,0.0
20220514:1011,366.77,47.49,8.1,4.83,0.0
20220514:1111,623.05,49.85,8.44,4.83,0.0
20220514:1211,265.4,49.28,8.61,5.24,0.0
20220514:1311,146.16,45.93,8.72,5.17,0.0
20220514:1411,115.3,40.45,8.86,4.76,0.0
20220514:1511,125.28,33.6,8.2,4.41,0.0
20220514:1611,124.82,26.03,7.68,4.07,0.0
20220514:1711,69.9,18.24,7.46,3.72,0.0
20220514:1811,16.34,10.63,7.24,3.38,0.0
20220514:1911,2.53,3.55,6.74,2.34,0.0
20220514:2011,0.0,0.0,6.54,2.14,0.0
20220514:2111,0.0,0.0,6.21,2.0,0.0
20220514:2211,0.0,0.0,5.96,2.14,0.0
20220514:2311,0.0,0.0,5.82,1.72,0.0
20220515:0011,0.0,0.0,5.73,2.0,0.0
20220515:0111,0.0,0.0,5.61,2.0,0.0
20220515:0211,0.0,0.0,5.5,2.0,0.0
20220515:0311,0.0,0.0,5.42,2.07,0.0
20220515:0411,28.7,6.34,5.51,2.0,0.0
20220515:0511,73.45,13.66,6.05,2.41,0.0
20220515:0611,168.1,21.38,6.97,3.38,0.0
20220515:0711,257.68,29.14,7.7,3.59,0.0
20220515:0811,491.21,36.51,8.8,3.72,0.0
20220515:0911,703.76,42.94,9.93,3.38,0.0
20220515:1011,689.88,47.72,11.48,3.1,0.0
20220515:1111,824.56,50.08,12.65,3.1,0.0
20220515:1211,866.38,49.52,12.45,3.03,0.0
20220515:1311,978.99,46.16,13.46,3.31,0.0
20220515:1411,834.14,40.66,13.31,3.38,0.0
20220515:1511,638.94,33.8,13.27,3.38,0.0
20220515:1611,379.69,26.23,12.86,3.17,0.0
20220515:1711,238.25,18.44,12.25,2.97,0.0
20220515:1811,86.11,10.83,11.48,2.48,0.0
20220515:1911,11.82,3.76,10.02,2.07,0.0
20220515:2011,0.0,0.0,8.35,1.93,0.0
20220515:2111,0.0,0.0,6.93,2.07,0.0
20220515:2211,0.0,0.0,5.87,2.21,0.0
20220515:2311,0.0,0.0,4.63,2.14,0.0
20220516:0011,0.0,0.0,3.59,2.07,0.0
20220516:0111,0.0,0.0,2.84,2.0,0.0
20220516:0211,0.0,0.0,2.32,1.93,0.0
20220516:0311,0.0,0.0,2.18,1.93,0.0
20220516:0411,5.07,6.54,2.8,1.93,0.0
20220516:0511,54.87,13.85,5.6,1.79,0.0
20220516:0611,159.29,21.57,10.01,2.21,0.0
20220516:0711,364.2,29.33,10.5,3.52,0.0
20220516:0811,568.3,36.71,11.38,3.72,0.0
20220516:0911,784.46,43.15,12.63,3.72,0.0
20220516:1011,956.17,47.95,13.7,3.59,0.0
20220516:1111,1042.63,50.32,14.51,3.38,0.0
20220516:1211,1058.64,49.75,15.02,3.31,0.0
20220516:1311,1026.28,46.38,15.31,3.1,0.0
20220516:1411,891.45,40.87,15.31,2.97,0.0
20220516:1511,713.78,34.0,15.03,2.9,0.0
20220516:1611,471.02,26.42,14.51,2.69,0.0
20220516:1711,280.99,18.63,13.73,2.34,0.0
20220516:1811,86.92,11.03,12.78,2.07,0.0
20220516:1911,15.2,3.96,11.35,1.24,0.0
20220516:2011,0.0,0.0,9.19,1.45,0.0
20220516:2111,0.0,0.0,6.95,1.66,0.0
20220516:2211,0.0,0.0,5.15,1.72,0.0
20220516:2311,0.0,0.0,4.48,1.72,0.0
20220517:0011,0.0,0.0,4.48,1.79,0.0
20220517:0111,0.0,0.0,4.2,1.93,0.0
20220517:0211,0.0,0.0,3.92,2.07,0.0
20220517:0311,0.0,0.0,3.81,2.14,0.0
20220517:0411,17.73,6.74,4.02,2.14,0.0
20220517:0511,70.91,14.04,5.88,2.14,0.0
20220517:0611,157.08,21.76,9.28,2.41,0.0
20220517:0711,283.19,29.52,9.67,2.9,0.0
20220517:0811,424.02,36.9,11.15,3.79,0.0
20220517:0911,564.21,43.35,12.33,4.07,0.0
20220517:1011,474.39,48.16,13.21,4.14,0.0
20220517:1111,868.49,50.54,13.91,4.28,0.0
20220517:1211,940.86,49.98,13.82,4.07,0.0
20220517:1311,874.26,46.6,13.89,3.86,0.0
20220517:1411,359.93,41.08,14.0,3.72,0.0
20220517:1511,361.97,34.2,13.7,3.45,0.0
20220517:1611,340.13,26.62,12.94,3.1,0.0
20220517:1711,101.29,18.83,12.56,3.1,0.0
20220517:1811,65.98,11.23,11.79,2.83,0.0
20220517:1911,10.97,4.17,10.66,2.83,0.0
20220517:2011,0.0,0.0,9.45,2.69,0.0
20220517:2111,0.0,0.0,8.07,2.55,0.0
20220517:2211,0.0,0.0,7.01,2.48,0.0
20220517:2311,0.0,0.0,5.78,2.48,0.0
20220518:0011,0.0,0.0,5.06,2.69,0.0
20220518:0111,0.0,0.0,4.64,2.55,0.0
20220518:0211,0.0,0.0,4.33,2.62,0.0
20220518:0311,0.0,0.0,4.39,2.69,0.0
20220518:0411,5.91,6.93,4.79,2.55,0.0
20220518:0511,59.09,14.23,6.83,2.62,0.0
20220518:0611,31.77,21.94,8.82,3.17,0.0
20220518:0711,142.39,29.7,10.27,3.66,0.0
20220518:0811,331.01,37.09,10.5,3.52,0.0
20220518:0911,163.41,43.55,10.92,3.66,0.0
20220518:1011,119.84,48.38,11.05,3.45,0.0
20220518:1111,116.2,50.76,10.24,3.24,0.0
20220518:1211,108.03,50.2,9.24,2.34,0.0
20220518:1311,118.02,46.81,9.27,2.28,0.0
20220518:1411,105.31,41.28,10.39,1.52,0.0
20220518:1511,142.53,34.39,10.72,1.31,0.0
20220518:1611,206.2,26.81,11.29,0.83,0.0
20220518:1711,255.89,19.02,11.66,0.41,0.0
20220518:1811,89.0,11.42,11.6,0.0,0.0
20220518:1911,6.75,4.37,11.54,0.9,0.0
20220518:2011,0.0,0.0,9.93,0.83,0.0
20220518:2111,0.0,0.0,8.4,1.1,0.0
20220518:2211,0.0,0.0,6.14,1.52,0.0
20220518:2311,0.0,0.0,4.54,1.52,0.0
20220519:0011,0.0,0.0,3.97,1.38,0.0
20220519:0111,0.0,0.0,3.94,1.38,0.0
20220519:0211,0.0,0.0,4.11,1.38,0.0
20220519:0311,0.0,0.0,3.68,1.38,0.0
20220519:0411,5.91,7.11,4.5,1.24,0.0
20220519:0511,21.95,14.4,6.39,1.1,0.0
20220519:0611,27.24,22.11,8.42,0.62,0.0
20220519:0711,68.09,29.88,9.54,0.83,0.0
20220519:0811,95.32,37.27,9.96,0.9,0.0
20220519:0911,115.3,43.75,9.91,1.1,0.0
20220519:1011,182.48,48.58,9.82,1.38,0.0
20220519:1111,130.73,50.98,9.62,2.41,0.0
20220519:1211,157.06,50.41,9.59,1.52,0.0
20220519:1311,209.71,47.02,9.9,1.66,0.0
20220519:1411,196.67,41.48,10.87,1.93,0.0
20220519:1511,117.11,34.58,11.17,1.72,0.0
20220519:1611,83.52,26.99,11.5,1.86,0.0
20220519:1711,25.42,19.2,10.92,1.93,0.0
20220519:1811,28.14,11.61,10.17,1.59,0.0
20220519:1911,6.75,4.56,9.07,1.24,0.0
20220519:2011,0.0,0.0,7.97,1.93,0.0
20220519:2111,0.0,0.0,7.35,1.79,0.0
20220519:2211,0.0,0.0,6.68,1.1,0.0
20220519:2311,0.0,0.0,6.31,0.83,0.0
20220520:0011,0.0,0.0,5.13,1.1,0.0
20220520:0111,0.0,0.0,4.16,1.38,0.0
20220520:0211,0.0,0.0,4.84,1.03,0.0
20220520:0311,0.0,0.0,4.83,1.1,0.0
20220520:0411,16.04,7.29,5.52,1.17,0.0
20220520:0511,89.49,14.58,7.26,2.0,0.0
20220520:0611,166.06,22.28,8.44,1.38,0.0
20220520:0711,303.57,30.05,8.35,1.38,0.0
20220520:0811,601.59,37.45,9.55,1.72,0.0
20220520:0911,779.15,43.94,10.98,2.07,0.0
20220520:1011,840.67,48.78,12.44,2.21,0.0
20220520:1111,783.78,51.19,13.34,2.76,0.0
20220520:1211,961.95,50.62,13.65,2.97,0.0
20220520:1311,1000.45,47.22,13.98,2.62,0.0
20220520:1411,685.71,41.67,13.95,2.48,0.0
20220520:1511,317.91,34.77,13.45,2.28,0.0
20220520:1611,105.31,27.18,12.43,2.34,0.0
20220520:1711,112.29,19.39,11.15,2.0,0.0
20220520:1811,12.71,11.8,10.26,1.45,0.0
20220520:1911,3.38,4.75,9.77,2.14,0.0
20220520:2011,0.0,0.0,8.67,1.52,0.0
20220520:2111,0.0,0.0,8.04,1.03,0.0
20220520:2211,0.0,0.0,7.47,1.03,0.0
20220520:2311,0.0,0.0,7.05,1.17,0.0
20220521:0011,0.0,0.0,6.77,0.9,0.0
20220521:0111,0.0,0.0,7.04,0.55,0.0
20220521:0211,0.0,0.0,6.7,0.28,0.0
20220521:0311,0.0,0.0,6.13,0.62,0.0
20220521:0411,6.75,7.46,5.91,0.34,0.0
20220521:0511,23.64,14.74,6.42,0.34,0.0
20220521:0611,107.43,22.45,7.84,0.97,0.0
20220521:0711,308.52,30.21,7.85,1.86,0.0
20220521:0811,550.41,37.62,8.85,2.07,0.0
20220521:0911,498.56,44.12,10.73,2.48,0.0
20220521:1011,201.54,48.98,11.74,2.83,0.0
20220521:1111,144.35,51.39,11.12,3.17,0.0
20220521:1211,224.24,50.83,11.25,3.38,0.0
20220521:1311,828.94,47.42,11.64,3.45,0.0
20220521:1411,473.2,41.86,11.69,3.52,0.0
20220521:1511,298.01,34.95,11.37,3.31,0.0
20220521:1611,171.32,27.36,11.42,3.1,0.0
20220521:1711,293.15,19.57,11.21,2.83,0.0
20220521:1811,94.74,11.98,10.48,2.55,0.0
20220521:1911,23.64,4.94,9.02,2.34,0.0
20220521:2011,0.0,0.0,7.64,1.79,0.0
20220521:2111,0.0,0.0,6.82,1.38,0.0
20220521:2211,0.0,0.0,6.31,1.17,0.0
20220521:2311,0.0,0.0,5.58,1.1,0.0
20220522:0011,0.0,0.0,5.02,1.03,0.0
20220522:0111,0.0,0.0,4.77,1.03,0.0
20220522:0211,0.0,0.0,4.82,0.97,0.0
20220522:0311,0.0,0.0,4.45,0.97,0.0
20220522:0411,40.52,7.63,4.63,0.97,0.0
20220522:0511,70.07,14.9,6.11,1.86,0.0
20220522:0611,163.57,22.6,7.43,1.31,0.0
20220522:0711,374.89,30.37,9.2,0.9,0.0
20220522:0811,573.0,37.79,10.65,0.97,0.0
20220522:0911,601.02,44.29,12.03,1.38,0.0
20220522:1011,723.67,49.17,13.25,1.86,0.0
20220522:1111,763.74,51.59,13.94,2.14,0.0
20220522:1211,1005.97,51.03,14.25,2.69,0.0
20220522:1311,1027.81,47.61,13.95,2.9,0.0
20220522:1411,889.58,42.05,13.68,2.83,0.0
20220522:1511,720.14,35.13,13.26,2.97,0.0
20220522:1611,516.6,27.53,12.77,2.76,0.0
20220522:1711,287.81,19.74,12.28,2.34,0.0
20220522:1811,58.93,12.16,11.41,2.0,0.0
20220522:1911,24.48,5.12,10.32,1.86,0.0
20220522:2011,0.0,0.0,9.46,1.86,0.0
20220522:2111,0.0,0.0,8.71,1.79,0.0
20220522:2211,0.0,0.0,8.2,1.66,0.0
20220522:2311,0.0,0.0,7.96,1.66,0.0
20220523:0011,0.0,0.0,7.77,1.66,0.0
20220523:0111,0.0,0.0,7.75,1.66,0.0
20220523:0211,0.0,0.0,7.6,1.79,0.0
20220523:0311,0.0,0.0,7.74,2.21,0.0
20220523:0411,19.42,7.79,8.18,2.55,0.0
20220523:0511,15.2,15.06,8.31,2.76,0.0
20220523:0611,69.9,22.76,8.92,3.59,0.0
20220523:0711,125.28,30.53,9.31,2.41,0.0
20220523:0811,94.42,37.94,10.02,2.48,0.0
20220523:0911,101.68,44.46,10.24,2.83,0.0
20220523:1011,87.15,49.35,10.41,3.38,0.0
20220523:1111,194.28,51.78,11.55,4.28,0.0
20220523:1211,285.96,51.22,13.19,5.1,0.0
20220523:1311,370.18,47.8,13.58,5.24,0.0
20220523:1411,180.66,42.23,12.87,3.86,0.0
20220523:1511,131.64,35.3,12.21,3.17,0.0
20220523:1611,98.96,27.7,12.22,3.03,0.0
20220523:1711,36.31,19.91,12.25,3.1,0.0
20220523:1811,25.42,12.33,12.14,3.31,0.0
20220523:1911,15.2,5.3,10.99,3.38,0.0
20220523:2011,0.0,0.0,10.56,3.45,0.0
20220523:2111,0.0,0.0,9.98,3.1,0.0
20220523:2211,0.0,0.0,9.5,3.03,0.0
20220523:2311,0.0,0.0,9.31,3.1,0.0
20220524:0011,0.0,0.0,8.97,3.45,0.0
20220524:0111,0.0,0.0,8.44,3.93,0.0
20220524:0211,0.0,0.0,8.2,4.34,0.0
20220524:0311,0.0,0.0,8.09,4.83,0.0
20220524:0411,6.75,7.94,8.0,5.17,0.0
20220524:0511,16.04,15.2,8.03,5.38,0.0
20220524:0611,53.56,22.9,8.0,5.72,0.0
20220524:0711,70.81,30.67,8.65,3.52,0.0
20220524:0811,84.43,38.1,8.67,3.86,0.0
20220524:0911,68.09,44.62,8.53,4.97,0.0
20220524:1011,78.07,49.52,8.58,4.69,0.0
20220524:1111,137.99,51.97,8.77,4.83,0.0
20220524:1211,121.65,51.41,9.89,5.17,0.0
20220524:1311,120.74,47.99,10.33,4.34,0.0
20220524:1411,78.07,42.4,9.94,3.86,0.0
20220524:1511,80.8,35.48,9.55,2.83,0.0
20220524:1611,78.98,27.87,8.79,2.55,0.0
20220524:1711,71.72,20.08,8.38,1.93,0.0
20220524:1811,36.31,12.5,8.1,2.34,0.0
20220524:1911,4.22,5.48,7.43,1.93,0.0
20220524:2011,0.0,0.0,7.13,1.66,0.0
20220524:2111,0.0,0.0,6.95,1.79,0.0
20220524:2211,0.0,0.0,6.88,2.07,0.0
20220524:2311,0.0,0.0,6.75,2.0,0.0
20220525:0011,0.0,0.0,6.67,1.86,0.0
20220525:0111,0.0,0.0,6.57,1.86,0.0
20220525:0211,0.0,0.0,6.13,1.59,0.0
20220525:0311,0.84,1.6,5.73,1.38,0.0
20220525:0411,6.75,8.09,5.47,1.1,0.0
20220525:0511,24.48,15.35,5.62,1.1,0.0
20220525:0611,100.77,23.04,5.96,1.1,0.0
20220525:0711,139.81,30.81,7.44,2.14,0.0
20220525:0811,295.25,38.24,8.3,2.97,0.0
20220525:0911,466.32,44.78,8.37,3.31,0.0
20220525:1011,402.53,49.69,9.42,3.1,0.0
20220525:1111,241.06,52.15,9.63,2.76,0.0
20220525:1211,142.53,51.6,9.86,2.83,0.0
20220525:1311,240.8,48.17,8.8,2.62,0.0
20220525:1411,134.36,42.57,9.47,2.41,0.0
20220525:1511,95.32,35.64,9.41,2.14,0.0
20220525:1611,55.38,28.03,8.33,2.55,0.0
20220525:1711,56.29,20.24,7.8,2.83,0.0
20220525:1811,34.5,12.67,7.05,2.97,0.0
20220525:1911,4.22,5.65,7.3,2.0,0.0
20220525:2011,0.0,0.0,7.16,2.0,0.0
20220525:2111,0.0,0.0,7.09,1.93,0.0
20220525:2211,0.0,0.0,7.14,1.72,0.0
20220525:2311,0.0,0.0,6.94,1.72,0.0
20220526:0011,0.0,0.0,6.55,1.66,0.0
20220526:0111,0.0,0.0,6.39,2.07,0.0
20220526:0211,0.0,0.0,6.19,2.48,0.0
20220526:0311,0.84,1.75,5.9,2.41,0.0
20220526:0411,7.6,8.23,6.03,3.17,0.0
20220526:0511,22.79,15.48,6.13,2.9,0.0
20220526:0611,120.43,23.17,6.39,3.03,0.0
20220526:0711,344.22,30.95,6.97,3.66,0.0
20220526:0811,401.76,38.38,6.86,3.86,0.0
20220526:0911,410.96,44.93,8.16,3.79,0.0
20220526:1011,448.01,49.86,8.47,3.66,0.0
20220526:1111,705.46,52.32,9.58,3.52,0.0
20220526:1211,778.97,51.77,9.33,3.86,0.0
20220526:1311,264.32,48.34,9.31,4.07,0.0
20220526:1411,625.76,42.74,9.39,3.86,0.0
20220526:1511,531.16,35.8,9.17,3.79,0.0
20220526:1611,354.52,28.19,9.05,3.66,0.0
20220526:1711,207.44,20.4,8.28,3.45,0.0
20220526:1811,96.55,12.83,7.6,2.83,0.0
20220526:1911,25.33,5.81,7.09,2.62,0.0
20220526:2011,0.0,0.0,6.12,1.45,0.0
20220526:2111,0.0,0.0,5.1,1.1,0.0
20220526:2211,0.0,0.0,4.45,1.03,0.0
20220526:2311,0.0,0.0,4.14,1.59,0.0
20220527:0011,0.0,0.0,4.25,2.28,0.0
20220527:0111,0.0,0.0,3.92,2.41,0.0
20220527:0211,0.0,0.0,3.55,2.0,0.0
20220527:0311,0.84,1.89,3.06,1.79,0.0
20220527:0411,43.05,8.36,3.3,2.55,0.0
20220527:0511,70.91,15.61,3.77,3.1,0.0
20220527:0611,179.46,23.3,4.53,3.17,0.0
20220527:0711,176.19,31.08,5.51,2.34,0.0
20220527:0811,427.35,38.52,5.73,2.21,0.0
20220527:0911,528.2,45.07,5.09,2.48,0.0
20220527:1011,519.5,50.01,6.75,2.41,0.0
20220527:1111,134.36,52.49,7.6,2.83,0.0
20220527:1211,247.46,51.94,7.7,2.76,0.0
20220527:1311,249.52,48.51,7.84,3.1,0.0
20220527:1411,289.49,42.9,7.64,3.59,0.0
20220527:1511,511.12,35.96,8.11,3.72,0.0
20220527:1611,391.87,28.35,7.16,4.34,0.0
20220527:1711,172.9,20.56,7.14,4.55,0.0
20220527:1811,105.84,12.99,6.77,4.34,0.0
20220527:1911,14.35,5.98,5.77,3.79,0.0
20220527:2011,0.0,0.0,4.95,3.66,0.0
20220527:2111,0.0,0.0,4.42,3.72,0.0
20220527:2211,0.0,0.0,4.27,3.72,0.0
20220527:2311,0.0,0.0,3.92,3.72,0.0
20220528:0011,0.0,0.0,3.84,3.86,0.0
20220528:0111,0.0,0.0,3.63,3.93,0.0
20220528:0211,0.0,0.0,3.69,3.93,0.0
20220528:0311,0.84,2.03,3.4,3.93,0.0
20220528:0411,35.46,8.49,3.73,3.86,0.0
20220528:0511,97.93,15.73,4.74,3.17,0.0
20220528:0611,170.65,23.42,6.03,4.69,0.0
20220528:0711,353.58,31.2,7.86,5.79,0.0
20220528:0811,603.93,38.64,9.31,5.59,0.0
20220528:0911,770.28,45.21,10.21,4.83,0.0
20220528:1011,888.95,50.16,10.96,4.69,0.0
20220528:1111,1012.08,52.65,11.57,4.69,0.0
20220528:1211,1033.71,52.11,11.74,4.55,0.0
20220528:1311,755.25,48.67,12.23,4.69,0.0
20220528:1411,664.41,43.06,12.51,4.83,0.0
20220528:1511,756.59,36.11,12.55,4.62,0.0
20220528:1611,538.56,28.5,12.25,4.41,0.0
20220528:1711,316.49,20.71,11.36,4.07,0.0
20220528:1811,107.38,13.14,10.03,3.52,0.0
20220528:1911,26.17,6.13,8.59,3.31,0.0
20220528:2011,0.0,0.0,6.97,3.38,0.0
20220528:2111,0.0,0.0,5.74,2.9,0.0
20220528:2211,0.0,0.0,4.85,2.62,0.0
20220528:2311,0.0,0.0,4.03,2.55,0.0
20220529:0011,0.0,0.0,3.4,2.62,0.0
20220529:0111,0.0,0.0,3.06,2.69,0.0
20220529:0211,0.0,0.0,2.96,2.76,0.0
20220529:0311,0.84,2.16,2.66,2.69,0.0
20220529:0411,37.99,8.62,2.74,2.48,0.0
20220529:0511,55.72,15.85,3.88,3.17,0.0
20220529:0611,177.16,23.54,5.23,3.45,0.0
20220529:0711,394.07,31.31,6.59,3.52,0.0
20220529:0811,537.49,38.76,7.76,3.59,0.0
20220529:0911,663.28,45.34,8.96,3.86,0.0
20220529:1011,652.87,50.31,9.64,3.93,0.0
20220529:1111,654.93,52.81,10.12,3.79,0.0
20220529:1211,613.11,52.27,9.78,3.72,0.0
20220529:1311,399.37,48.83,9.24,3.72,0.0
20220529:1411,282.14,43.22,8.43,3.59,0.0
20220529:1511,232.55,36.26,7.99,3.31,0.0
20220529:1611,389.29,28.65,8.27,3.24,0.0
20220529:1711,253.11,20.86,7.96,3.03,0.0
20220529:1811,108.12,13.29,7.78,2.83,0.0
20220529:1911,22.79,6.29,6.82,2.07,0.0
20220529:2011,0.0,0.0,6.28,1.38,0.0
20220529:2111,0.0,0.0,5.15,1.38,0.0
20220529:2211,0.0,0.0,3.81,1.17,0.0
20220529:2311,0.0,0.0,3.06,1.03,0.0
20220530:0011,0.0,0.0,2.77,1.03,0.0
20220530:0111,0.0,0.0,3.21,0.97,0.0
20220530:0211,0.0,0.0,3.59,0.97,0.0
20220530:0311,0.84,2.28,4.2,0.97,0.0
20220530:0411,37.99,8.73,4.56,0.9,0.0
20220530:0511,79.36,15.96,5.41,0.76,0.0
20220530:0611,82.61,23.64,6.26,0.76,0.0
20220530:0711,197.07,31.42,7.64,1.52,0.0
20220530:0811,184.38,38.88,8.16,1.72,0.0
20220530:0911,261.89,45.47,8.86,2.0,0.0
20220530:1011,412.41,50.44,9.67,2.41,0.0
20220530:1111,654.31,52.96,10.24,2.48,0.0
20220530:1211,145.26,52.43,10.47,2.48,0.0
20220530:1311,468.43,48.98,9.98,2.21,0.0
20220530:1411,180.66,43.36,9.84,2.0,0.0
20220530:1511,319.92,36.41,10.2,2.0,0.0
20220530:1611,227.49,28.79,9.87,1.72,0.0
20220530:1711,102.68,21.0,9.57,1.52,0.0
20220530:1811,37.22,13.43,9.06,1.38,0.0
20220530:1911,10.97,6.43,8.31,0.9,0.0
20220530:2011,0.0,0.0,7.77,0.55,0.0
20220530:2111,0.0,0.0,6.88,0.48,0.0
20220530:2211,0.0,0.0,6.47,0.41,0.0
20220530:2311,0.0,0.0,5.42,0.83,0.0
20220531:0011,0.0,0.0,4.68,0.97,0.0
20220531:0111,0.0,0.0,4.06,1.03,0.0
20220531:0211,0.0,0.0,4.04,1.03,0.0
20220531:0311,0.84,2.4,3.86,1.1,0.0
20220531:0411,13.51,8.84,4.76,0.9,0.0
20220531:0511,43.05,16.07,6.49,0.76,0.0
20220531:0611,186.23,23.75,7.91,0.76,0.0
20220531:0711,352.7,31.53,10.25,1.72,0.0
20220531:0811,374.83,38.99,10.94,1.52,0.0
20220531:0911,185.2,45.58,11.63,0.9,0.0
20220531:1011,551.93,50.57,12.21,0.76,0.0
20220531:1111,261.96,53.1,12.47,1.17,0.0
20220531:1211,280.98,52.57,12.77,1.38,0.0
20220531:1311,406.48,49.13,10.85,1.38,0.0
20220531:1411,268.46,43.51,10.31,1.66,0.0
20220531:1511,405.19,36.55,10.72,1.79,0.0
20220531:1611,338.08,28.93,10.79,1.66,0.0
20220531:1711,117.51,21.14,10.09,1.59,0.0
20220531:1811,59.44,13.57,9.86,1.24,0.0
20220531:1911,11.82,6.58,9.67,1.03,0.0
20220531:2011,0.0,0.0,8.99,1.17,0.0
20220531:2111,0.0,0.0,8.08,1.03,0.0
20220531:2211,0.0,0.0,6.9,0.9,0.0
20220531:2311,0.0,0.0,6.55,0.76,0.0
20220601:0011,0.0,0.0,6.22,0.69,0.0
20220601:0111,0.0,0.0,6.11,0.76,0.0
20220601:0211,0.0,0.0,5.91,0.97,0.0
20220601:0311,1.69,2.51,5.7,1.03,0.0
20220601:0411,8.44,8.95,6.08,0.9,0.0
20220601:0511,34.61,16.17,7.29,1.1,0.0
20220601:0611,106.22,23.84,8.55,0.83,0.0
20220601:0711,285.79,31.62,9.72,0.41,0.0
20220601:0811,406.27,39.09,10.88,1.31,0.0
20220601:0911,368.27,45.69,10.91,2.07,0.0
20220601:1011,304.85,50.7,11.27,2.07,0.0
20220601:1111,443.92,53.23,11.59,1.93,0.0
20220601:1211,493.74,52.72,12.27,1.86,0.0
20220601:1311,625.0,49.27,12.5,2.14,0.0
20220601:1411,664.09,43.65,12.36,2.48,0.0
20220601:1511,486.22,36.68,12.13,2.76,0.0
20220601:1611,332.12,29.06,11.45,2.55,0.0
20220601:1711,147.63,21.27,10.88,2.0,0.0
20220601:1811,98.15,13.71,10.47,1.59,0.0
20220601:1911,34.61,6.71,9.93,1.66,0.0
20220601:2011,0.0,0.0,9.17,1.45,0.0
20220601:2111,0.0,0.0,8.59,1.17,0.0
20220601:2211,0.0,0.0,8.17,1.1,0.0
20220601:2311,0.0,0.0,7.76,1.03,0.0
20220602:0011,0.0,0.0,7.47,1.1,0.0
20220602:0111,0.0,0.0,7.14,1.24,0.0
20220602:0211,0.0,0.0,6.94,1.45,0.0
20220602:0311,1.69,2.62,6.79,1.45,0.0
20220602:0411,8.44,9.04,6.86,1.66,0.0
20220602:0511,22.79,16.26,7.07,2.34,0.0
20220602:0611,44.48,23.93,7.59,2.41,0.0
20220602:0711,226.92,31.71,8.33,2.14,0.0
20220602:0811,205.43,39.19,8.41,2.9,0.0
20220602:0911,292.27,45.8,8.7,3.31,0.0
20220602:1011,379.0,50.81,9.04,3.52,0.0
20220602:1111,581.52,53.36,9.49,4.07,0.0
20220602:1211,471.35,52.85,9.6,4.0,0.0
20220602:1311,294.83,49.41,9.67,4.07,0.0
20220602:1411,230.89,43.78,9.56,4.0,0.0
20220602:1511,222.68,36.81,9.31,3.86,0.0
20220602:1611,79.89,29.19,9.5,4.07,0.0
20220602:1711,55.38,21.4,9.77,3.72,0.0
20220602:1811,36.31,13.84,9.41,3.66,0.0
20220602:1911,10.13,6.85,8.41,2.28,0.0
20220602:2011,0.0,0.0,7.71,1.79,0.0
20220602:2111,0.0,0.0,7.28,1.72,0.0
20220602:2211,0.0,0.0,7.14,1.66,0.0
20220602:2311,0.0,0.0,6.98,2.07,0.0
20220603:0011,0.0,0.0,6.89,2.28,0.0
20220603:0111,0.0,0.0,6.93,2.14,0.0
20220603:0211,0.0,0.0,6.88,1.79,0.0
20220603:0311,1.69,2.72,6.88,2.34,0.0
20220603:0411,8.44,9.14,6.99,2.76,0.0
20220603:0511,42.21,16.35,7.3,2.97,0.0
20220603:0611,135.77,24.02,7.85,3.66,0.0
20220603:0711,235.92,31.8,8.67,4.14,0.0
20220603:0811,368.73,39.27,9.62,4.34,0.0
20220603:0911,287.11,45.9,10.11,4.48,0.0
20220603:1011,660.93,50.92,10.71,4.55,0.0
20220603:1111,800.53,53.49,11.65,4.34,0.0
20220603:1211,762.34,52.98,12.48,4.14,0.0
20220603:1311,705.92,49.54,12.46,3.93,0.0
20220603:1411,896.62,43.91,12.35,3.72,0.0
20220603:1511,727.28,36.94,12.75,3.86,0.0
20220603:1611,535.85,29.31,11.99,3.66,0.0
20220603:1711,312.09,21.53,11.41,3.66,0.0
20220603:1811,114.41,13.97,10.77,3.31,0.0
20220603:1911,28.7,6.98,10.07,3.03,0.0
20220603:2011,0.0,0.0,8.83,2.41,0.0
20220603:2111,0.0,0.0,7.54,2.0,0.0
20220603:2211,0.0,0.0,6.33,1.86,0.0
20220603:2311,0.0,0.0,5.8,1.86,0.0
20220604:0011,0.0,0.0,5.64,1.79,0.0
20220604:0111,0.0,0.0,5.73,1.72,0.0
20220604:0211,0.0,0.0,5.28,1.72,0.0
20220604:0311,3.38,2.81,5.22,1.66,0.0
20220604:0411,37.15,9.22,5.51,1.52,0.0
20220604:0511,62.47,16.43,8.4,1.24,0.0
20220604:0611,170.58,24.09,10.22,1.31,0.0
20220604:0711,396.6,31.88,12.78,0.69,0.0
20220604:0811,623.7,39.36,14.37,0.14,0.0
20220604:0911,825.18,45.99,15.57,1.1,0.0
20220604:1011,966.67,51.03,16.21,1.66,0.0
20220604:1111,1036.02,53.6,16.6,2.07,0.0
20220604:1211,1078.54,53.11,16.89,2.28,0.0
20220604:1311,1050.02,49.66,17.21,2.55,0.0
20220604:1411,914.11,44.03,17.03,3.03,0.0
20220604:1511,743.03,37.06,16.49,3.24,0.0
20220604:1611,551.54,29.43,15.72,3.31,0.0
20220604:1711,320.01,21.65,14.6,3.1,0.0
20220604:1811,117.33,14.09,13.34,2.76,0.0
20220604:1911,30.39,7.1,12.54,2.28,0.0
20220604:2011,0.0,0.0,10.55,2.0,0.0
20220604:2111,0.0,0.0,8.56,2.07,0.0
20220604:2211,0.0,0.0,7.13,2.07,0.0
20220604:2311,0.0,0.0,6.02,2.14,0.0
20220605:0011,0.0,0.0,4.99,2.07,0.0
20220605:0111,0.0,0.0,4.19,2.14,0.0
20220605:0211,0.0,0.0,3.74,2.28,0.0
20220605:0311,4.22,2.89,3.49,2.21,0.0
20220605:0411,38.83,9.3,4.31,2.07,0.0
20220605:0511,60.78,16.5,6.98,1.59,0.0
20220605:0611,171.75,24.17,9.99,1.72,0.0
20220605:0711,394.27,31.95,11.03,2.21,0.0
20220605:0811,617.53,39.43,12.55,2.41,0.0
20220605:0911,824.81,46.07,14.37,2.0,0.0
20220605:1011,969.8,51.13,16.27,1.24,0.0
20220605:1111,1063.33,53.71,17.46,0.97,0.0
20220605:1211,1100.03,53.22,18.17,1.38,0.0
20220605:1311,1047.97,49.78,18.86,1.45,0.0
20220605:1411,912.18,44.15,19.44,0.9,0.0
20220605:1511,724.04,37.18,19.7,0.55,0.0
20220605:1611,539.19,29.55,19.47,1.1,0.0
20220605:1711,249.72,21.76,18.52,1.38,0.0
20220605:1811,116.76,14.2,17.26,0.97,0.0
20220605:1911,36.3,7.22,15.98,1.66,0.0
20220605:2011,0.0,0.0,14.03,1.1,0.0
20220605:2111,0.0,0.0,11.5,1.38,0.0
20220605:2211,0.0,0.0,9.8,1.52,0.0
20220605:2311,0.0,0.0,8.14,1.72,0.0
20220606:0011,0.0,0.0,6.54,1.86,0.0
20220606:0111,0.0,0.0,5.31,1.93,0.0
20220606:0211,0.0,0.0,4.61,1.93,0.0
20220606:0311,2.53,2.97,4.0,1.86,0.0
20220606:0411,43.9,9.37,5.46,1.66,0.0
20220606:0511,92.86,16.57,8.71,1.45,0.0
20220606:0611,190.39,24.23,13.06,1.79,0.0
20220606:0711,273.07,32.01,14.52,2.62,0.0
20220606:0811,461.48,39.5,15.78,2.97,0.0
20220606:0911,725.82,46.15,17.06,3.38,0.0
20220606:1011,850.37,51.22,18.13,3.79,0.0
20220606:1111,1009.36,53.82,18.95,3.93,0.0
20220606:1211,1076.64,53.33,19.61,4.07,0.0
20220606:1311,1031.16,49.9,19.95,4.21,0.0
20220606:1411,887.53,44.26,20.07,4.21,0.0
20220606:1511,715.78,37.29,19.89,4.07,0.0
20220606:1611,411.48,29.66,19.35,3.93,0.0
20220606:1711,191.78,21.87,18.66,3.45,0.0
20220606:1811,45.39,14.32,17.53,2.97,0.0
20220606:1911,28.7,7.33,15.79,2.21,0.0
20220606:2011,0.0,0.0,15.0,2.28,0.0
20220606:2111,0.0,0.0,14.19,2.14,0.0
20220606:2211,0.0,0.0,13.64,1.86,0.0
20220606:2311,0.0,0.0,13.16,1.79,0.0
20220607:0011,0.0,0.0,12.76,2.14,0.0
20220607:0111,0.0,0.0,12.53,2.28,0.0
20220607:0211,0.0,0.0,12.42,2.21,0.0
20220607:0311,1.69,3.05,12.14,2.21,0.0
20220607:0411,16.04,9.44,12.24,2.41,0.0
20220607:0511,46.43,16.63,12.41,2.48,0.0
20220607:0611,84.43,24.29,13.18,2.62,0.0
20220607:0711,69.0,32.07,13.5,2.9,0.0
20220607:0811,159.78,39.57,14.13,2.97,0.0
20220607:0911,300.14,46.23,15.0,3.1,0.0
20220607:1011,499.17,51.3,14.67,2.69,0.0
20220607:1111,175.21,53.91,13.81,3.17,0.0
20220607:1211,331.28,53.44,13.84,3.31,0.0
20220607:1311,135.27,50.01,13.74,3.03,0.0
20220607:1411,144.35,44.37,12.9,2.62,0.0
20220607:1511,114.39,37.39,12.43,1.59,0.0
20220607:1611,78.98,29.77,12.82,1.93,0.0
20220607:1711,101.75,21.98,12.91,1.72,0.0
20220607:1811,100.41,14.42,13.0,2.07,0.0
20220607:1911,34.61,7.44,11.13,1.45,0.0
20220607:2011,0.0,0.0,10.83,1.52,0.0
20220607:2111,0.0,0.0,10.2,1.52,0.0
20220607:2211,0.0,0.0,9.32,1.59,0.0
20220607:2311,0.0,0.0,8.32,1.52,0.0
20220608:0011,0.0,0.0,7.54,1.59,0.0
20220608:0111,0.0,0.0,6.42,1.66,0.0
20220608:0211,0.0,0.0,6.24,1.38,0.0
20220608:0311,3.38,3.11,6.93,1.03,0.0
20220608:0411,54.03,9.5,7.69,0.83,0.0
20220608:0511,97.08,16.69,9.56,1.1,0.0
20220608:0611,170.49,24.34,10.33,1.52,0.0
20220608:0711,373.02,32.13,11.66,1.79,0.0
20220608:0811,579.12,39.63,12.39,2.07,0.0
20220608:0911,662.93,46.29,13.28,2.07,0.0
20220608:1011,471.8,51.38,14.55,2.21,0.0
20220608:1111,280.08,54.0,15.22,2.62,0.0
20220608:1211,227.87,53.54,14.64,3.31,0.0
20220608:1311,428.89,50.11,13.91,3.52,0.0
20220608:1411,513.99,44.47,13.31,2.97,0.0
20220608:1511,477.24,37.5,13.2,2.55,0.0
20220608:1611,331.64,29.87,12.95,2.28,0.0
20220608:1711,211.7,22.08,12.8,2.0,0.0
20220608:1811,107.29,14.52,12.53,1.72,0.0
20220608:1911,37.99,7.54,11.18,2.0,0.0
20220608:2011,0.0,0.0,10.26,1.52,0.0
20220608:2111,0.0,0.0,9.58,0.9,0.0
20220608:2211,0.0,0.0,8.2,1.45,0.0
20220608:2311,0.0,0.0,7.48,1.72,0.0
20220609:0011,0.0,0.0,6.71,1.52,0.0
20220609:0111,0.0,0.0,6.17,1.24,0.0
20220609:0211,0.0,0.0,5.47,1.31,0.0
20220609:0311,1.69,3.17,5.09,1.31,0.0
20220609:0411,8.44,9.55,6.14,1.17,0.0
20220609:0511,26.17,16.73,8.7,0.83,0.0
20220609:0611,169.36,24.39,11.55,0.41,0.0
20220609:0711,237.83,32.18,12.25,0.69,0.0
20220609:0811,231.18,39.68,13.92,1.24,0.0
20220609:0911,463.79,46.35,14.84,1.79,0.0
20220609:1011,479.85,51.45,14.95,2.0,0.0
20220609:1111,328.92,54.08,14.74,2.14,0.0
20220609:1211,408.11,53.63,15.0,2.41,0.0
20220609:1311,421.48,50.2,14.66,2.21,0.0
20220609:1411,255.12,44.57,14.89,2.28,0.0
20220609:1511,175.65,37.59,14.6,2.14,0.0
20220609:1611,257.56,29.96,13.87,2.14,0.0
20220609:1711,120.98,22.18,13.14,1.86,0.0
20220609:1811,62.64,14.62,12.73,1.31,0.0
20220609:1911,14.35,7.63,10.99,1.1,0.0
20220609:2011,0.84,1.54,10.55,0.76,0.0
20220609:2111,0.0,0.0,10.27,0.48,0.0
20220609:2211,0.0,0.0,10.04,0.83,0.0
20220609:2311,0.0,0.0,9.66,0.83,0.0
20220610:0011,0.0,0.0,9.38,0.69,0.0
20220610:0111,0.0,0.0,8.73,0.69,0.0
20220610:0211,0.0,0.0,8.05,0.69,0.0
20220610:0311,1.69,3.23,7.86,0.48,0.0
20220610:0411,9.29,9.6,8.04,0.62,0.0
20220610:0511,37.99,16.78,8.47,0.97,0.0
20220610:0611,39.95,24.43,8.89,1.24,0.0
20220610:0711,126.19,32.22,10.32,1.86,0.0
20220610:0811,227.46,39.72,11.24,2.34,0.0
20220610:0911,213.58,46.4,12.31,2.69,0.0
20220610:1011,230.04,51.51,13.44,3.45,0.0
20220610:1111,218.79,54.16,13.73,3.79,0.0
20220610:1211,130.73,53.71,13.51,3.52,0.0
20220610:1311,115.3,50.29,13.03,3.31,0.0
20220610:1411,91.69,44.66,12.79,3.38,0.0
20220610:1511,89.88,37.68,12.42,3.24,0.0
20220610:1611,140.12,30.05,12.21,3.1,0.0
20220610:1711,102.66,22.27,11.66,2.69,0.0
20220610:1811,60.83,14.71,11.38,2.62,0.0
20220610:1911,10.13,7.73,10.93,2.07,0.0
20220610:2011,0.84,1.63,10.19,2.0,0.0
20220610:2111,0.0,0.0,9.57,1.45,0.0
20220610:2211,0.0,0.0,9.79,2.21,0.0
20220610:2311,0.0,0.0,9.16,1.17,0.0
20220611:0011,0.0,0.0,9.0,1.31,0.0
20220611:0111,0.0,0.0,9.16,1.79,0.0
20220611:0211,0.0,0.0,8.74,1.1,0.0
20220611:0311,1.69,3.27,8.79,1.24,0.0
20220611:0411,9.29,9.64,9.48,1.72,0.0
20220611:0511,26.17,16.82,10.12,1.45,0.0
20220611:0611,147.62,24.47,10.69,1.66,0.0
20220611:0711,130.73,32.25,11.16,2.14,0.0
20220611:0811,380.74,39.76,12.21,2.28,0.0
20220611:0911,360.8,46.45,12.75,2.55,0.0
20220611:1011,300.12,51.57,13.27,3.31,0.0
20220611:1111,169.77,54.23,13.87,3.03,0.0
20220611:1211,216.98,53.79,13.07,3.66,0.0
20220611:1311,102.59,50.38,12.99,3.31,0.0
20220611:1411,258.34,44.74,12.46,3.38,0.0
20220611:1511,107.13,37.77,12.29,3.66,0.0
20220611:1611,87.15,30.14,12.08,3.52,0.0
20220611:1711,69.0,22.35,11.55,3.52,0.0
20220611:1811,33.59,14.8,10.73,3.59,0.0
20220611:1911,7.6,7.81,10.14,2.97,0.0
20220611:2011,0.84,1.72,9.32,3.17,0.0
20220611:2111,0.0,0.0,9.19,2.69,0.0
20220611:2211,0.0,0.0,9.21,2.41,0.0
20220611:2311,0.0,0.0,9.08,2.62,0.0
20220612:0011,0.0,0.0,9.04,2.83,0.0
20220612:0111,0.0,0.0,8.65,3.03,0.0
20220612:0211,0.0,0.0,8.67,2.97,0.0
20220612:0311,1.69,3.31,8.59,2.41,0.0
20220612:0411,9.29,9.68,8.66,2.28,0.0
20220612:0511,17.73,16.85,8.84,2.0,0.0
20220612:0611,44.48,24.5,9.32,2.0,0.0
20220612:0711,70.81,32.28,10.2,2.0,0.0
20220612:0811,177.94,39.79,9.97,2.0,0.0
20220612:0911,284.74,46.49,9.68,2.0,0.0
20220612:1011,75.35,51.62,10.24,1.86,0.0
20220612:1111,273.23,54.29,10.8,2.07,0.0
20220612:1211,184.29,53.87,11.09,2.0,0.0
20220612:1311,201.54,50.46,11.01,2.62,0.0
20220612:1411,177.94,44.82,10.67,2.62,0.0
20220612:1511,228.85,37.85,10.56,2.55,0.0
20220612:1611,145.57,30.22,10.83,2.62,0.0
20220612:1711,67.18,22.43,9.47,2.97,0.0
20220612:1811,53.56,14.88,8.59,2.21,0.0
20220612:1911,6.75,7.89,7.97,2.14,0.0
20220612:2011,0.84,1.8,7.21,1.72,0.0
20220612:2111,0.0,0.0,6.54,1.52,0.0
20220612:2211,0.0,0.0,5.77,1.52,0.0
20220612:2311,0.0,0.0,6.12,1.72,0.0
20220613:0011,0.0,0.0,5.84,1.66,0.0
20220613:0111,0.0,0.0,5.49,1.66,0.0
20220613:0211,0.0,0.0,5.53,1.66,0.0
20220613:0311,5.07,3.35,6.01,2.48,0.0
20220613:0411,31.24,9.71,6.44,2.62,0.0
20220613:0511,74.29,16.87,6.61,3.1,0.0
20220613:0611,75.35,24.52,7.18,2.83,0.0
20220613:0711,92.6,32.31,8.78,2.21,0.0
20220613:0811,166.14,39.82,9.53,2.28,0.0
20220613:0911,244.27,46.52,10.0,2.34,0.0
20220613:1011,183.39,51.66,9.69,2.69,0.0
20220613:1111,141.62,54.35,9.9,2.76,0.0
20220613:1211,247.42,53.93,10.03,2.9,0.0
20220613:1311,293.1,50.53,11.52,3.1,0.0
20220613:1411,350.26,44.9,9.93,3.86,0.0
20220613:1511,227.01,37.92,10.28,3.17,0.0
20220613:1611,199.28,30.29,9.73,3.86,0.0
20220613:1711,108.1,22.51,9.35,3.66,0.0
20220613:1811,19.06,14.95,9.06,3.86,0.0
20220613:1911,10.97,7.97,8.48,2.41,0.0
20220613:2011,0.84,1.87,7.84,2.83,0.0
20220613:2111,0.0,0.0,7.43,2.41,0.0
20220613:2211,0.0,0.0,7.42,2.55,0.0
20220613:2311,0.0,0.0,7.15,2.48,0.0
20220614:0011,0.0,0.0,7.02,2.34,0.0
20220614:0111,0.0,0.0,7.01,2.34,0.0
20220614:0211,0.0,0.0,6.83,1.93,0.0
20220614:0311,2.53,3.38,6.88,1.66,0.0
20220614:0411,9.29,9.73,7.37,1.79,0.0
20220614:0511,25.33,16.89,7.92,2.21,0.0
20220614:0611,98.96,24.54,8.75,3.03,0.0
20220614:0711,146.16,32.32,10.07,3.59,0.0
20220614:0811,358.53,39.84,10.86,3.52,0.0
20220614:0911,363.83,46.55,11.97,3.72,0.0
20220614:1011,237.3,51.7,12.74,3.72,0.0
20220614:1111,464.27,54.4,13.5,3.45,0.0
20220614:1211,476.17,53.99,13.84,3.38,0.0
20220614:1311,543.63,50.59,14.12,3.24,0.0
20220614:1411,564.25,44.97,14.02,3.17,0.0
20220614:1511,474.03,37.99,13.96,3.03,0.0
20220614:1611,419.36,30.36,13.54,2.9,0.0
20220614:1711,199.12,22.58,12.95,2.83,0.0
20220614:1811,105.28,15.02,12.07,2.62,0.0
20220614:1911,21.11,8.03,11.2,2.28,0.0
20220614:2011,0.84,1.94,10.0,2.0,0.0
20220614:2111,0.0,0.0,8.86,1.79,0.0
20220614:2211,0.0,0.0,7.96,1.59,0.0
20220614:2311,0.0,0.0,7.28,1.59,0.0
20220615:0011,0.0,0.0,6.91,1.66,0.0
20220615:0111,0.0,0.0,6.45,1.79,0.0
20220615:0211,0.0,0.0,6.02,1.93,0.0
20220615:0311,14.35,3.4,5.65,1.93,0.0
20220615:0411,41.37,9.75,6.03,1.72,0.0
20220615:0511,69.23,16.9,8.18,1.59,0.0
20220615:0611,168.12,24.55,10.15,1.72,0.0
20220615:0711,371.78,32.34,11.84,2.07,0.0
20220615:0811,485.95,39.86,13.03,2.14,0.0
20220615:0911,437.85,46.57,13.72,2.34,0.0
20220615:1011,709.05,51.73,14.31,2.21,0.0
20220615:1111,740.69,54.44,15.1,2.14,0.0
20220615:1211,690.1,54.04,15.52,2.48,0.0
20220615:1311,632.43,50.65,15.38,2.83,0.0
20220615:1411,740.04,45.03,14.87,3.1,0.0
20220615:1511,456.62,38.06,14.47,3.17,0.0
20220615:1611,307.87,30.43,14.08,3.17,0.0
20220615:1711,312.18,22.64,13.61,3.17,0.0
20220615:1811,127.49,15.09,12.57,2.97,0.0
20220615:1911,41.37,8.1,11.03,2.76,0.0
20220615:2011,1.69,2.0,10.07,2.55,0.0
20220615:2111,0.0,0.0,8.85,2.21,0.0
20220615:2211,0.0,0.0,7.99,2.0,0.0
20220615:2311,0.0,0.0,7.11,1.79,0.0
20220616:0011,0.0,0.0,6.3,1.72,0.0
20220616:0111,0.0,0.0,5.69,1.79,0.0
20220616:0211,0.0,0.0,5.37,1.86,0.0
20220616:0311,14.35,3.41,5.08,1.93,0.0
20220616:0411,41.37,9.76,6.12,1.86,0.0
20220616:0511,62.47,16.91,8.91,1.72,0.0
20220616:0611,167.91,24.55,11.04,2.28,0.0
20220616:0711,376.04,32.34,13.07,2.62,0.0
20220616:0811,593.56,39.86,14.36,2.97,0.0
20220616:0911,776.14,46.58,15.45,3.24,0.0
20220616:1011,895.45,51.75,16.43,3.86,0.0
20220616:1111,869.35,54.47,16.47,3.72,0.0
20220616:1211,789.75,54.09,16.94,3.86,0.0
20220616:1311,952.05,50.71,17.4,3.86,0.0
20220616:1411,735.79,45.09,17.79,3.86,0.0
20220616:1511,606.56,38.12,17.23,3.72,0.0
20220616:1611,520.9,30.49,16.27,3.45,0.0
20220616:1711,314.13,22.7,15.28,2.83,0.0
20220616:1811,127.24,15.15,14.66,2.48,0.0
20220616:1911,38.83,8.16,13.9,2.07,0.0
20220616:2011,0.84,2.05,12.62,1.24,0.0
20220616:2111,0.0,0.0,11.06,1.03,0.0
20220616:2211,0.0,0.0,9.25,1.17,0.0
20220616:2311,0.0,0.0,7.73,1.45,0.0
20220617:0011,0.0,0.0,6.9,1.24,0.0
20220617:0111,0.0,0.0,6.7,1.31,0.0
20220617:0211,0.0,0.0,6.36,1.38,0.0
20220617:0311,2.53,3.42,6.09,1.38,0.0
20220617:0411,9.29,9.76,7.21,0.9,0.0
20220617:0511,34.61,16.91,9.73,0.34,0.0
20220617:0611,112.85,24.55,12.54,0.21,0.0
20220617:0711,121.65,32.34,13.46,1.03,0.0
20220617:0811,136.18,39.87,13.61,1.93,0.0
20220617:0911,154.33,46.59,13.91,2.9,0.0
20220617:1011,199.73,51.77,13.53,3.31,0.0
20220617:1111,141.62,54.5,12.27,3.1,0.0
20220617:1211,136.18,54.13,11.13,2.69,0.0
20220617:1311,131.64,50.75,10.93,3.59,0.0
20220617:1411,80.8,45.14,10.93,3.52,0.0
20220617:1511,71.72,38.17,11.2,3.38,0.0
20220617:1611,58.1,30.54,11.61,3.59,0.0
20220617:1711,38.13,22.76,11.58,3.17,0.0
20220617:1811,37.22,15.2,11.4,2.62,0.0
20220617:1911,21.95,8.21,11.35,2.0,0.0
20220617:2011,0.84,2.1,11.18,1.45,0.0
20220617:2111,0.0,0.0,10.84,1.03,0.0
20220617:2211,0.0,0.0,10.64,0.76,0.0
20220617:2311,0.0,0.0,10.05,1.52,0.0
20220618:0011,0.0,0.0,9.99,2.55,0.0
20220618:0111,0.0,0.0,9.39,2.83,0.0
20220618:0211,0.0,0.0,8.24,2.76,0.0
20220618:0311,5.91,3.43,7.05,2.55,0.0
20220618:0411,46.43,9.76,6.84,2.55,0.0
20220618:0511,65.0,16.91,7.53,2.34,0.0
20220618:0611,176.02,24.55,8.33,2.97,0.0
20220618:0711,360.46,32.34,9.2,4.28,0.0
20220618:0811,443.25,39.86,9.75,4.34,0.0
20220618:0911,445.72,46.59,10.35,4.48,0.0
20220618:1011,643.9,51.78,11.1,4.41,0.0
20220618:1111,660.25,54.52,11.42,4.62,0.0
20220618:1211,544.31,54.16,11.35,4.55,0.0
20220618:1311,536.7,50.79,11.49,4.76,0.0
20220618:1411,596.28,45.18,11.1,4.9,0.0
20220618:1511,195.16,38.22,10.67,4.41,0.0
20220618:1611,240.07,30.59,9.95,4.21,0.0
20220618:1711,319.21,22.8,9.24,3.93,0.0
20220618:1811,115.27,15.25,8.93,3.52,0.0
20220618:1911,7.6,8.25,8.49,2.48,0.0
20220618:2011,0.84,2.15,7.75,2.07,0.0
20220618:2111,0.0,0.0,6.72,1.45,0.0
20220618:2211,0.0,0.0,6.08,0.83,0.0
20220618:2311,0.0,0.0,4.99,1.17,0.0
20220619:0011,0.0,0.0,4.89,1.24,0.0
20220619:0111,0.0,0.0,5.07,1.17,0.0
20220619:0211,0.0,0.0,4.53,1.45,0.0
20220619:0311,2.53,3.42,4.36,1.52,0.0
20220619:0411,9.29,9.75,5.1,1.45,0.0
20220619:0511,27.01,16.9,7.92,1.79,0.0
20220619:0611,78.98,24.54,8.97,2.0,0.0
20220619:0711,92.6,32.32,9.31,1.86,0.0
20220619:0811,138.9,39.85,9.98,1.93,0.0
20220619:0911,247.88,46.59,10.0,2.28,0.0
20220619:1011,118.93,51.78,9.26,2.48,0.0
20220619:1111,228.78,54.53,9.04,2.21,0.0
20220619:1211,177.94,54.19,8.75,1.93,0.0
20220619:1311,115.3,50.83,9.98,1.45,0.0
20220619:1411,135.27,45.22,10.75,1.1,0.0
20220619:1511,91.69,38.26,11.28,1.1,0.0
20220619:1611,86.25,30.63,10.87,0.69,0.0
20220619:1711,201.95,22.85,10.74,0.34,0.0
20220619:1811,105.15,15.29,10.32,0.41,0.0
20220619:1911,45.59,8.29,9.88,0.48,0.0
20220619:2011,0.84,2.18,9.27,0.97,0.0
20220619:2111,0.0,0.0,8.64,1.31,0.0
20220619:2211,0.0,0.0,7.47,1.66,0.0
20220619:2311,0.0,0.0,6.44,1.86,0.0
20220620:0011,0.0,0.0,5.46,1.93,0.0
20220620:0111,0.0,0.0,4.63,1.93,0.0
20220620:0211,0.0,0.0,3.93,1.93,0.0
20220620:0311,14.35,3.41,3.49,1.93,0.0
20220620:0411,41.37,9.74,4.4,1.59,0.0
20220620:0511,63.32,16.88,7.8,1.1,0.0
20220620:0611,166.16,24.52,11.27,0.76,0.0
20220620:0711,379.97,32.31,13.06,0.83,0.0
20220620:0811,595.29,39.84,14.89,1.03,0.0
20220620:0911,779.5,46.58,16.15,1.38,0.0
20220620:1011,782.43,51.78,17.24,1.93,0.0
20220620:1111,624.5,54.54,18.07,2.34,0.0
20220620:1211,692.88,54.2,18.83,2.48,0.0
20220620:1311,792.63,50.85,18.69,2.9,0.0
20220620:1411,916.44,45.26,17.9,3.59,0.0
20220620:1511,754.98,38.3,16.86,3.79,0.0
20220620:1611,554.87,30.67,15.95,3.59,0.0
20220620:1711,314.9,22.88,14.94,3.31,0.0
20220620:1811,132.25,15.32,13.65,2.9,0.0
20220620:1911,32.08,8.33,12.35,2.48,0.0
20220620:2011,0.84,2.21,10.51,2.21,0.0
20220620:2111,0.0,0.0,8.73,1.86,0.0
20220620:2211,0.0,0.0,7.41,1.52,0.0
20220620:2311,0.0,0.0,5.97,1.45,0.0
20220621:0011,0.0,0.0,5.86,1.38,0.0
20220621:0111,0.0,0.0,5.71,1.38,0.0
20220621:0211,0.0,0.0,5.6,1.52,0.0
20220621:0311,2.53,3.4,5.9,1.59,0.0
20220621:0411,31.24,9.72,7.34,1.59,0.0
20220621:0511,101.31,16.86,8.36,2.07,0.0
20220621:0611,176.14,24.49,9.52,3.1,0.0
20220621:0711,309.09,32.28,11.65,2.62,0.0
20220621:0811,243.04,39.82,12.88,3.17,0.0
20220621:0911,407.11,46.56,13.03,3.1,0.0
20220621:1011,322.66,51.77,13.43,2.97,0.0
20220621:1111,305.91,54.54,13.62,2.69,0.0
20220621:1211,171.58,54.22,12.99,2.48,0.0
20220621:1311,129.82,50.87,12.53,2.41,0.0
20220621:1411,106.22,45.28,12.13,2.14,0.0
20220621:1511,183.82,38.33,12.3,2.14,0.0
20220621:1611,80.8,30.7,11.98,2.28,0.0
20220621:1711,52.66,22.92,11.55,2.14,0.0
20220621:1811,111.08,15.35,11.09,1.86,0.0
20220621:1911,8.44,8.35,10.87,1.86,0.0
20220621:2011,0.84,2.24,10.45,1.86,0.0
20220621:2111,0.0,0.0,9.94,1.66,0.0
20220621:2211,0.0,0.0,9.7,1.52,0.0
20220621:2311,0.0,0.0,9.59,1.38,0.0
20220622:0011,0.0,0.0,9.36,1.59,0.0
20220622:0111,0.0,0.0,9.19,1.66,0.0
20220622:0211,0.0,0.0,9.04,1.93,0.0
20220622:0311,2.53,3.37,8.75,2.07,0.0
20220622:0411,9.29,9.69,8.86,1.79,0.0
20220622:0511,60.78,16.83,9.31,2.69,0.0
20220622:0611,181.58,24.47,9.66,2.76,0.0
20220622:0711,287.26,32.25,10.65,2.69,0.0
20220622:0811,467.84,39.79,11.81,2.55,0.0
20220622:0911,688.17,46.54,12.6,2.76,0.0
20220622:1011,759.79,51.75,13.52,2.97,0.0
20220622:1111,786.85,54.54,14.16,3.03,0.0
20220622:1211,829.83,54.22,14.35,3.31,0.0
20220622:1311,747.16,50.89,14.25,3.45,0.0
20220622:1411,534.42,45.3,14.11,3.45,0.0
20220622:1511,352.56,38.35,13.95,3.86,0.0
20220622:1611,182.98,30.73,12.7,3.03,0.0
20220622:1711,62.64,22.94,11.94,2.55,0.0
20220622:1811,19.97,15.38,11.31,2.14,0.0
20220622:1911,9.29,8.38,10.85,1.52,0.0
20220622:2011,0.84,2.26,10.57,1.52,0.0
20220622:2111,0.0,0.0,10.34,1.31,0.0
20220622:2211,0.0,0.0,10.39,1.31,0.0
20220622:2311,0.0,0.0,10.41,1.59,0.0
20220623:0011,0.0,0.0,10.4,1.52,0.0
20220623:0111,0.0,0.0,10.21,1.24,0.0
20220623:0211,0.0,0.0,10.17,1.45,0.0
20220623:0311,1.69,3.35,10.12,1.52,0.0
20220623:0411,8.44,9.66,10.3,1.38,0.0
20220623:0511,38.83,16.8,10.59,1.31,0.0
20220623:0611,83.52,24.43,11.24,1.31,0.0
20220623:0711,143.44,32.22,11.92,1.72,0.0
20220623:0811,159.78,39.76,12.4,1.45,0.0
20220623:0911,231.28,46.51,12.9,2.0,0.0
20220623:1011,187.92,51.73,13.63,2.21,0.0
20220623:1111,224.24,54.52,14.06,2.21,0.0
20220623:1211,105.31,54.22,14.54,2.14,0.0
20220623:1311,140.72,50.9,15.4,2.21,0.0
20220623:1411,241.27,45.32,15.8,2.34,0.0
20220623:1511,316.73,38.37,15.83,2.21,0.0
20220623:1611,371.72,30.75,15.36,1.93,0.0
20220623:1711,291.72,22.96,14.94,1.79,0.0
20220623:1811,130.94,15.4,14.5,1.45,0.0
20220623:1911,37.15,8.39,13.93,0.9,0.0
20220623:2011,2.53,2.27,12.99,0.9,0.0
20220623:2111,0.0,0.0,11.21,0.97,0.0
20220623:2211,0.0,0.0,9.6,1.17,0.0
20220623:2311,0.0,0.0,8.36,1.38,0.0
20220624:0011,0.0,0.0,7.35,1.59,0.0
20220624:0111,0.0,0.0,6.95,1.72,0.0
20220624:0211,0.0,0.0,6.51,1.86,0.0
20220624:0311,14.35,3.31,6.55,1.72,0.0
20220624:0411,49.81,9.62,8.07,1.52,0.0
20220624:0511,81.04,16.76,11.38,1.31,0.0
20220624:0611,166.86,24.39,15.05,1.38,0.0
20220624:0711,364.62,32.18,16.69,2.28,0.0
20220624:0811,573.99,39.72,18.2,3.31,0.0
20220624:0911,760.49,46.47,19.71,3.72,0.0
20220624:1011,915.84,51.7,21.04,4.07,0.0
20220624:1111,1030.1,54.5,22.07,4.34,0.0
20220624:1211,1027.87,54.21,22.57,4.62,0.0
20220624:1311,1000.61,50.9,22.62,4.76,0.0
20220624:1411,891.35,45.33,22.45,4.9,0.0
20220624:1511,613.73,38.38,21.98,5.03,0.0
20220624:1611,544.08,30.76,21.26,4.83,0.0
20220624:1711,279.07,22.98,20.53,4.76,0.0
20220624:1811,110.39,15.41,19.61,4.34,0.0
20220624:1911,21.95,8.4,18.5,4.14,0.0
20220624:2011,1.69,2.27,17.36,4.28,0.0
20220624:2111,0.0,0.0,15.95,4.0,0.0
20220624:2211,0.0,0.0,14.9,3.72,0.0
20220624:2311,0.0,0.0,14.47,3.38,0.0
20220625:0011,0.0,0.0,14.21,3.03,0.0
20220625:0111,0.0,0.0,14.06,2.34,0.0
20220625:0211,0.0,0.0,14.01,1.93,0.0
20220625:0311,1.69,3.27,13.89,1.93,0.0
20220625:0411,11.82,9.58,14.03,1.79,0.0
20220625:0511,66.69,16.71,14.19,2.28,0.0
20220625:0611,179.02,24.35,15.07,2.76,0.0
20220625:0711,301.71,32.13,16.34,3.52,0.0
20220625:0811,548.39,39.67,17.04,3.45,0.0
20220625:0911,722.5,46.43,18.0,3.31,0.0
20220625:1011,847.06,51.66,18.72,2.97,0.0
20220625:1111,884.86,54.48,19.6,2.83,0.0
20220625:1211,967.2,54.19,20.22,2.97,0.0
20220625:1311,737.16,50.89,20.25,2.97,0.0
20220625:1411,695.49,45.33,20.4,2.97,0.0
20220625:1511,414.0,38.39,20.15,2.76,0.0
20220625:1611,389.35,30.77,19.75,2.62,0.0
20220625:1711,96.23,22.98,19.05,2.34,0.0
20220625:1811,117.81,15.42,18.44,2.07,0.0
20220625:1911,43.05,8.4,17.07,1.93,0.0
20220625:2011,0.84,2.27,16.08,1.59,0.0
20220625:2111,0.0,0.0,14.91,1.52,0.0
20220625:2211,0.0,0.0,13.81,1.66,0.0
20220625:2311,0.0,0.0,13.1,1.66,0.0
20220626:0011,0.0,0.0,13.03,1.66,0.0
20220626:0111,0.0,0.0,12.61,1.66,0.0
20220626:0211,0.0,0.0,12.51,1.66,0.0
20220626:0311,10.13,3.22,12.43,1.72,0.0
20220626:0411,37.15,9.53,13.02,1.79,0.0
20220626:0511,36.3,16.66,14.31,2.14,0.0
20220626:0611,180.58,24.29,15.39,2.9,0.0
20220626:0711,341.45,32.08,17.55,3.17,0.0
20220626:0811,333.71,39.62,17.72,3.31,0.0
20220626:0911,81.71,46.38,18.29,3.66,0.0
20220626:1011,63.55,51.62,19.27,3.72,0.0
20220626:1111,85.34,54.44,19.57,3.86,0.0
20220626:1211,66.27,54.17,17.68,4.21,0.0
20220626:1311,62.64,50.88,16.78,2.9,0.0
20220626:1411,56.29,45.33,16.68,3.52,0.0
20220626:1511,73.54,38.39,15.69,2.34,0.0
20220626:1611,121.65,30.77,15.05,1.66,0.0
20220626:1711,33.59,22.99,14.28,2.0,0.0
20220626:1811,126.52,15.42,13.93,1.17,0.0
20220626:1911,28.7,8.4,13.68,1.38,0.0
20220626:2011,0.84,2.26,13.09,1.03,0.0
20220626:2111,0.0,0.0,12.37,0.83,0.0
20220626:2211,0.0,0.0,11.7,0.97,0.0
20220626:2311,0.0,0.0,10.98,0.83,0.0
20220627:0011,0.0,0.0,10.65,0.62,0.0
20220627:0111,0.0,0.0,9.95,0.97,0.0
20220627:0211,0.0,0.0,9.18,1.1,0.0
20220627:0311,1.69,3.17,8.49,1.24,0.0
20220627:0411,8.44,9.48,8.8,1.24,0.0
20220627:0511,20.26,16.61,9.65,1.03,0.0
20220627:0611,35.41,24.24,10.63,1.38,0.0
20220627:0711,153.2,32.03,12.08,1.93,0.0
20220627:0811,218.14,39.57,12.01,1.72,0.0
20220627:0911,531.98,46.33,12.7,1.59,0.0
20220627:1011,211.53,51.57,13.29,1.31,0.0
20220627:1111,471.35,54.4,14.23,1.1,0.0
20220627:1211,220.61,54.14,15.03,0.55,0.0
20220627:1311,178.85,50.86,15.23,0.41,0.0
20220627:1411,126.19,45.32,15.13,1.66,0.0
20220627:1511,81.71,38.38,13.67,1.93,0.0
20220627:1611,86.25,30.77,12.87,1.72,0.0
20220627:1711,31.77,22.98,11.85,1.31,0.0
20220627:1811,34.5,15.41,11.14,1.31,0.0
20220627:1911,10.97,8.39,11.71,0.83,0.0
20220627:2011,0.84,2.25,11.38,1.1,0.0
20220627:2111,0.0,0.0,10.65,1.17,0.0
20220627:2211,0.0,0.0,10.14,1.03,0.0
20220627:2311,0.0,0.0,10.43,0.97,0.0
20220628:0011,0.0,0.0,10.53,1.24,0.0
20220628:0111,0.0,0.0,9.8,0.83,0.0
20220628:0211,0.0,0.0,8.88,0.83,0.0
20220628:0311,13.51,3.11,7.94,0.9,0.0
20220628:0411,54.03,9.42,8.68,0.55,0.0
20220628:0511,103.84,16.55,9.92,0.41,0.0
20220628:0611,0.0,0.0,11.34,0.28,0.0
20220628:0711,0.0,0.0,12.32,1.17,0.0
20220628:0811,0.0,0.0,13.46,2.0,0.0
20220628:0911,557.18,46.27,14.35,2.41,0.0
20220628:1011,469.54,51.52,14.78,2.48,0.0
20220628:1111,418.95,54.35,14.98,2.76,0.0
20220628:1211,426.08,54.11,15.49,2.62,0.0
20220628:1311,902.91,50.84,15.87,2.48,0.0
20220628:1411,743.35,45.3,16.09,2.62,0.0
20220628:1511,744.48,38.37,15.62,2.28,0.0
20220628:1611,548.38,30.76,15.22,2.07,0.0
20220628:1711,343.62,22.97,14.79,1.86,0.0
20220628:1811,135.63,15.4,14.08,1.79,0.0
20220628:1911,35.46,8.38,12.71,1.66,0.0
20220628:2011,8.44,2.23,11.33,1.31,0.0
20220628:2111,0.0,0.0,10.32,0.14,0.0
20220628:2211,0.0,0.0,8.87,0.76,0.0
20220628:2311,0.0,0.0,7.39,1.17,0.0
20220629:0011,0.0,0.0,6.0,1.38,0.0
20220629:0111,0.0,0.0,5.13,1.45,0.0
20220629:0211,0.0,0.0,4.68,1.45,0.0
20220629:0311,11.82,3.05,4.62,1.45,0.0
20220629:0411,41.37,9.35,6.27,1.03,0.0
20220629:0511,0.0,0.0,8.95,0.48,0.0
20220629:0611,0.0,0.0,11.83,0.76,0.0
20220629:0711,0.0,0.0,13.63,2.21,0.0
20220629:0811,581.19,39.44,14.69,2.41,0.0
20220629:0911,771.57,46.21,15.84,2.55,0.0
20220629:1011,921.66,51.46,16.77,2.69,0.0
20220629:1111,984.33,54.3,17.41,2.55,0.0
20220629:1211,1024.96,54.06,17.92,2.34,0.0
20220629:1311,1010.94,50.81,18.52,2.14,0.0
20220629:1411,907.53,45.28,19.07,2.34,0.0
20220629:1511,749.38,38.36,19.09,2.48,0.0
20220629:1611,550.25,30.75,18.66,2.55,0.0
20220629:1711,342.39,22.96,17.92,2.41,0.0
20220629:1811,138.2,15.38,17.1,1.93,0.0
20220629:1911,43.9,8.36,15.79,1.79,0.0
20220629:2011,8.44,2.2,14.39,1.38,0.0
20220629:2111,0.0,0.0,12.65,1.59,0.0
20220629:2211,0.0,0.0,10.75,1.45,0.0
20220629:2311,0.0,0.0,9.29,1.66,0.0
20220630:0011,0.0,0.0,8.27,1.66,0.0
20220630:0111,0.0,0.0,8.23,1.59,0.0
20220630:0211,0.0,0.0,8.56,1.59,0.0
20220630:0311,1.69,2.98,9.01,1.59,0.0
20220630:0411,17.73,9.28,10.29,1.45,0.0
20220630:0511,97.93,16.41,12.76,1.31,0.0
20220630:0611,114.64,24.04,15.18,1.59,0.0
20220630:0711,271.29,31.83,16.32,2.28,0.0
20220630:0811,538.42,39.37,17.37,2.83,0.0
20220630:0911,736.43,46.14,18.17,3.03,0.0
20220630:1011,752.43,51.39,18.68,3.03,0.0
20220630:1111,742.38,54.24,19.45,2.97,0.0
20220630:1211,736.68,54.01,20.1,2.83,0.0
20220630:1311,726.22,50.77,20.67,2.76,0.0
20220630:1411,869.24,45.25,20.99,2.69,0.0
20220630:1511,726.43,38.33,21.11,2.55,0.0
20220630:1611,531.81,30.73,20.9,2.41,0.0
20220630:1711,325.24,22.94,20.32,2.14,0.0
20220630:1811,134.43,15.36,19.49,1.79,0.0
20220630:1911,40.52,8.33,18.25,1.86,0.0
20220630:2011,9.29,2.17,16.7,1.79,0.0
20220630:2111,0.0,0.0,14.84,1.45,0.0
20220630:2211,0.0,0.0,13.11,1.66,0.0
20220630:2311,0.0,0.0,11.33,1.79,0.0
20220701:0011,0.0,0.0,10.5,1.79,0.0
20220701:0111,0.0,0.0,9.99,1.86,0.0
20220701:0211,0.0,0.0,9.89,1.86,0.0
20220701:0311,1.69,2.9,10.06,1.93,0.0
20220701:0411,50.65,9.2,11.12,1.86,0.0
20220701:0511,85.27,16.33,14.3,1.72,0.0
20220701:0611,166.76,23.96,17.43,1.86,0.0
20220701:0711,350.23,31.75,18.83,2.62,0.0
20220701:0811,475.06,39.29,20.14,3.66,0.0
20220701:0911,424.33,46.06,20.76,3.93,0.0
20220701:1011,532.87,51.32,21.82,5.03,0.0
20220701:1111,280.03,54.17,21.94,4.97,0.0
20220701:1211,275.74,53.96,21.17,4.69,0.0
20220701:1311,309.48,50.72,20.27,4.21,0.0
20220701:1411,107.13,45.21,18.05,3.31,0.0
20220701:1511,48.12,38.3,16.22,3.03,0.0
20220701:1611,70.81,30.7,15.24,2.21,0.0
20220701:1711,33.59,22.91,14.17,2.14,0.0
20220701:1811,28.14,15.33,13.43,1.79,0.0
20220701:1911,7.6,8.29,12.56,1.59,0.0
20220701:2011,0.84,2.13,12.07,1.45,0.0
20220701:2111,0.0,0.0,11.68,1.72,0.0
20220701:2211,0.0,0.0,11.39,1.59,0.0
20220701:2311,0.0,0.0,11.17,1.03,0.0
20220702:0011,0.0,0.0,10.64,0.9,0.0
20220702:0111,0.0,0.0,10.45,1.24,0.0
20220702:0211,0.0,0.0,10.2,1.03,0.0
20220702:0311,9.29,2.82,10.57,1.45,0.0
20220702:0411,15.2,9.12,10.23,0.83,0.0
20220702:0511,16.88,16.25,10.68,1.72,0.0
20220702:0611,179.77,23.88,11.21,2.21,0.0
20220702:0711,120.74,31.67,11.49,2.41,0.0
20220702:0811,315.52,39.21,12.34,2.62,0.0
20220702:0911,469.34,45.98,13.01,3.03,0.0
20220702:1011,388.06,51.24,14.12,3.17,0.0
20220702:1111,121.65,54.1,14.55,3.59,0.0
20220702:1211,121.65,53.89,15.39,4.07,0.0
20220702:1311,109.85,50.67,14.48,4.14,0.0
20220702:1411,118.02,45.17,14.49,3.79,0.0
20220702:1511,203.83,38.27,14.76,3.66,0.0
20220702:1611,313.98,30.67,14.59,3.72,0.0
20220702:1711,196.06,22.88,13.96,3.79,0.0
20220702:1811,43.58,15.29,13.27,3.52,0.0
20220702:1911,22.79,8.25,12.08,3.59,0.0
20220702:2011,6.75,2.08,11.35,3.03,0.0
20220702:2111,0.0,0.0,10.62,2.9,0.0
20220702:2211,0.0,0.0,9.94,2.83,0.0
20220702:2311,0.0,0.0,10.16,2.0,0.0
20220703:0011,0.0,0.0,10.59,2.0,0.0
20220703:0111,0.0,0.0,10.26,2.07,0.0
20220703:0211,0.0,0.0,10.23,1.79,0.0
20220703:0311,1.69,2.73,10.23,1.79,0.0
20220703:0411,8.44,9.03,10.34,2.28,0.0
20220703:0511,48.12,16.16,10.76,1.86,0.0
20220703:0611,130.73,23.79,10.66,2.14,0.0
20220703:0711,247.5,31.58,12.28,1.72,0.0
20220703:0811,119.84,39.12,12.9,1.79,0.0
20220703:0911,191.56,45.89,13.49,2.14,0.0
20220703:1011,131.64,51.15,14.01,2.62,0.0
20220703:1111,254.16,54.02,14.24,2.55,0.0
20220703:1211,525.07,53.82,13.93,2.21,0.0
20220703:1311,405.67,50.61,14.24,2.21,0.0
20220703:1411,396.95,45.12,15.04,2.0,0.0
20220703:1511,354.09,38.23,14.23,2.07,0.0
20220703:1611,176.05,30.63,13.83,2.07,0.0
20220703:1711,197.22,22.84,13.1,1.93,0.0
20220703:1811,101.26,15.25,12.83,1.59,0.0
20220703:1911,45.59,8.21,12.41,1.59,0.0
20220703:2011,0.84,2.03,11.44,1.03,0.0
20220703:2111,0.0,0.0,10.45,0.83,0.0
20220703:2211,0.0,0.0,9.53,0.55,0.0
20220703:2311,0.0,0.0,9.43,0.55,0.0
20220704:0011,0.0,0.0,9.46,0.48,0.0
20220704:0111,0.0,0.0,9.23,0.34,0.0
20220704:0211,0.0,0.0,9.14,0.14,0.0
20220704:0311,1.69,2.64,8.32,0.62,0.0
20220704:0411,8.44,8.94,8.81,0.76,0.0
20220704:0511,16.88,16.07,9.02,1.24,0.0
20220704:0611,38.13,23.7,10.19,1.66,0.0
20220704:0711,102.59,31.49,10.75,2.07,0.0
20220704:0811,241.22,39.03,11.05,2.28,0.0
20220704:0911,128.91,45.8,11.12,2.21,0.0
20220704:1011,191.56,51.06,11.5,2.69,0.0
20220704:1111,167.95,53.93,10.88,2.41,0.0
20220704:1211,262.04,53.75,11.08,2.41,0.0
20220704:1311,265.91,50.55,11.67,2.41,0.0
20220704:1411,154.33,45.07,11.24,2.21,0.0
20220704:1511,367.49,38.18,11.16,2.07,0.0
20220704:1611,68.09,30.58,10.9,1.79,0.0
20220704:1711,216.87,22.79,10.29,1.86,0.0
20220704:1811,42.67,15.2,9.53,1.93,0.0
20220704:1911,14.35,8.16,9.12,2.07,0.0
20220704:2011,0.84,1.97,8.2,1.45,0.0
20220704:2111,0.0,0.0,7.91,1.38,0.0
20220704:2211,0.0,0.0,7.93,1.24,0.0
20220704:2311,0.0,0.0,7.85,1.38,0.0
20220705:0011,0.0,0.0,7.88,1.52,0.0
20220705:0111,0.0,0.0,7.77,1.38,0.0
20220705:0211,0.0,0.0,7.77,1.17,0.0
20220705:0311,1.69,2.54,7.77,1.17,0.0
20220705:0411,8.44,8.84,7.82,1.38,0.0
20220705:0511,24.48,15.97,8.07,1.66,0.0
20220705:0611,73.54,23.6,8.73,1.52,0.0
20220705:0711,145.94,31.39,10.1,1.52,0.0
20220705:0811,209.93,38.93,10.15,1.79,0.0
20220705:0911,252.93,45.7,10.34,2.21,0.0
20220705:1011,287.51,50.96,11.68,2.07,0.0
20220705:1111,271.42,53.84,10.69,2.48,0.0
20220705:1211,292.27,53.66,11.81,2.48,0.0
20220705:1311,249.4,50.48,11.34,3.24,0.0
20220705:1411,109.85,45.01,11.5,3.86,0.0
20220705:1511,483.66,38.12,11.64,4.14,0.0
20220705:1611,349.55,30.53,11.11,4.07,0.0
20220705:1711,215.03,22.74,10.72,3.93,0.0
20220705:1811,128.7,15.15,9.98,3.86,0.0
20220705:1911,45.59,8.1,9.4,3.31,0.0
20220705:2011,4.22,1.91,8.46,3.38,0.0
20220705:2111,0.0,0.0,7.59,3.03,0.0
20220705:2211,0.0,0.0,7.04,2.9,0.0
20220705:2311,0.0,0.0,6.82,2.83,0.0
20220706:0011,0.0,0.0,7.26,2.97,0.0
20220706:0111,0.0,0.0,7.08,2.76,0.0
20220706:0211,0.0,0.0,6.83,2.62,0.0
20220706:0311,1.69,2.44,6.85,2.48,0.0
20220706:0411,48.96,8.74,7.13,1.93,0.0
20220706:0511,66.69,15.87,7.77,2.41,0.0
20220706:0611,69.0,23.5,9.13,2.97,0.0
20220706:0711,255.17,31.29,10.32,3.45,0.0
20220706:0811,334.14,38.83,11.02,3.1,0.0
20220706:0911,339.26,45.6,11.48,3.17,0.0
20220706:1011,320.12,50.86,11.48,3.52,0.0
20220706:1111,141.62,53.74,11.6,3.79,0.0
20220706:1211,155.24,53.57,11.17,3.86,0.0
20220706:1311,158.87,50.4,10.77,3.1,0.0
20220706:1411,174.31,44.94,10.7,2.76,0.0
20220706:1511,116.2,38.06,10.67,2.69,0.0
20220706:1611,91.69,30.47,11.25,2.21,0.0
20220706:1711,40.85,22.68,11.26,2.76,0.0
20220706:1811,45.39,15.09,11.2,1.86,0.0
20220706:1911,12.66,8.03,11.38,2.28,0.0
20220706:2011,0.84,1.84,11.12,1.93,0.0
20220706:2111,0.0,0.0,10.85,1.86,0.0
20220706:2211,0.0,0.0,10.67,1.45,0.0
20220706:2311,0.0,0.0,10.53,1.38,0.0
20220707:0011,0.0,0.0,10.49,2.21,0.0
20220707:0111,0.0,0.0,10.27,2.14,0.0
20220707:0211,0.0,0.0,9.91,3.17,0.0
20220707:0311,1.69,2.33,9.29,3.59,0.0
20220707:0411,13.51,8.63,8.75,3.52,0.0
20220707:0511,96.24,15.76,8.86,3.52,0.0
20220707:0611,159.71,23.39,9.55,4.34,0.0
20220707:0711,359.67,31.18,10.86,5.17,0.0
20220707:0811,561.09,38.72,12.36,4.69,0.0
20220707:0911,640.47,45.49,13.36,4.97,0.0
20220707:1011,888.01,50.75,14.24,4.97,0.0
20220707:1111,999.4,53.63,14.8,4.76,0.0
20220707:1211,1042.04,53.48,15.41,4.76,0.0
20220707:1311,998.43,50.31,15.64,4.62,0.0
20220707:1411,890.92,44.86,15.52,4.62,0.0
20220707:1511,736.23,37.99,15.17,4.62,0.0
20220707:1611,543.44,30.41,14.5,4.48,0.0
20220707:1711,339.41,22.62,13.65,4.21,0.0
20220707:1811,126.52,15.02,12.56,3.79,0.0
20220707:1911,41.37,7.96,10.94,3.24,0.0
20220707:2011,6.75,1.76,9.71,3.31,0.0
20220707:2111,0.0,0.0,8.65,2.9,0.0
20220707:2211,0.0,0.0,7.94,2.55,0.0
20220707:2311,0.0,0.0,7.75,2.62,0.0
20220708:0011,0.0,0.0,7.77,2.69,0.0
20220708:0111,0.0,0.0,8.0,2.07,0.0
20220708:0211,0.0,0.0,8.17,1.72,0.0
20220708:0311,0.84,2.22,8.45,1.66,0.0
20220708:0411,7.6,8.52,9.0,2.0,0.0
20220708:0511,90.33,15.65,9.69,2.62,0.0
20220708:0611,173.69,23.28,10.42,3.03,0.0
20220708:0711,230.09,31.07,10.91,3.52,0.0
20220708:0811,421.5,38.61,11.22,3.52,0.0
20220708:0911,456.44,45.37,11.74,3.45,0.0
20220708:1011,655.67,50.63,11.81,3.45,0.0
20220708:1111,765.94,53.52,12.33,3.93,0.0
20220708:1211,754.25,53.37,12.62,4.28,0.0
20220708:1311,571.21,50.22,12.97,4.62,0.0
20220708:1411,367.59,44.78,13.03,4.62,0.0
20220708:1511,344.19,37.92,13.09,4.48,0.0
20220708:1611,88.06,30.34,12.43,3.79,0.0
20220708:1711,119.17,22.55,11.74,3.59,0.0
20220708:1811,28.14,14.95,11.05,3.31,0.0
20220708:1911,10.13,7.88,10.56,3.72,0.0
20220708:2011,0.84,1.67,10.03,3.17,0.0
20220708:2111,0.0,0.0,9.52,2.76,0.0
20220708:2211,0.0,0.0,9.06,2.9,0.0
20220708:2311,0.0,0.0,8.92,2.69,0.0
20220709:0011,0.0,0.0,8.43,3.59,0.0
20220709:0111,0.0,0.0,8.41,3.79,0.0
20220709:0211,0.0,0.0,8.31,4.14,0.0
20220709:0311,0.84,2.1,7.94,3.86,0.0
20220709:0411,7.6,8.4,7.91,3.17,0.0
20220709:0511,27.86,15.53,7.96,4.34,0.0
20220709:0611,97.14,23.17,9.0,4.14,0.0
20220709:0711,118.93,30.96,10.09,4.76,0.0
20220709:0811,185.25,38.49,10.05,4.28,0.0
20220709:0911,366.13,45.25,9.92,4.48,0.0
20220709:1011,157.06,50.51,11.04,4.83,0.0
20220709:1111,200.63,53.4,10.77,4.41,0.0
20220709:1211,428.3,53.26,11.48,4.69,0.0
20220709:1311,500.86,50.12,11.78,5.24,0.0
20220709:1411,671.28,44.7,11.7,5.52,0.0
20220709:1511,445.06,37.84,11.57,5.59,0.0
20220709:1611,250.42,30.26,11.27,5.59,0.0
20220709:1711,58.1,22.47,10.58,5.1,0.0
20220709:1811,19.97,14.87,10.04,4.62,0.0
20220709:1911,6.75,7.8,9.22,3.86,0.0
20220709:2011,0.84,1.58,8.59,3.86,0.0
20220709:2111,0.0,0.0,7.86,3.31,0.0
20220709:2211,0.0,0.0,7.55,3.24,0.0
20220709:2311,0.0,0.0,7.43,3.24,0.0
20220710:0011,0.0,0.0,7.3,3.31,0.0
20220710:0111,0.0,0.0,6.94,3.31,0.0
20220710:0211,0.0,0.0,6.63,3.31,0.0
20220710:0311,0.84,1.97,6.73,3.31,0.0
20220710:0411,45.59,8.28,6.85,2.97,0.0
20220710:0511,63.32,15.41,7.46,3.59,0.0
20220710:0611,147.39,23.05,8.59,3.52,0.0
20220710:0711,355.71,30.84,10.02,3.24,0.0
20220710:0811,567.31,38.37,11.48,3.17,0.0
20220710:0911,755.18,45.13,12.77,2.97,0.0
20220710:1011,899.61,50.38,13.93,2.76,0.0
20220710:1111,931.99,53.28,15.03,2.69,0.0
20220710:1211,861.81,53.14,15.71,2.9,0.0
20220710:1311,903.59,50.02,15.95,3.45,0.0
20220710:1411,668.28,44.6,15.87,3.66,0.0
20220710:1511,369.04,37.76,15.2,3.59,0.0
20220710:1611,497.57,30.18,14.07,3.52,0.0
20220710:1711,106.34,22.39,12.93,3.24,0.0
20220710:1811,129.82,14.78,12.03,2.69,0.0
20220710:1911,41.37,7.71,12.08,2.48,0.0
20220710:2011,0.84,1.49,10.81,2.28,0.0
20220710:2111,0.0,0.0,9.6,2.21,0.0
20220710:2211,0.0,0.0,8.83,2.14,0.0
20220710:2311,0.0,0.0,8.19,2.14,0.0
20220711:0011,0.0,0.0,7.86,2.14,0.0
20220711:0111,0.0,0.0,7.53,2.07,0.0
20220711:0211,0.0,0.0,7.53,2.0,0.0
20220711:0311,0.84,1.84,6.91,2.0,0.0
20220711:0411,38.83,8.15,7.35,1.93,0.0
20220711:0511,63.32,15.29,9.81,1.45,0.0
20220711:0611,146.16,22.92,13.03,1.31,0.0
20220711:0711,352.44,30.71,15.1,1.66,0.0
20220711:0811,558.91,38.25,16.59,1.93,0.0
20220711:0911,748.72,45.0,17.99,2.0,0.0
20220711:1011,907.98,50.25,19.28,1.79,0.0
20220711:1111,998.25,53.15,20.07,1.93,0.0
20220711:1211,1017.0,53.02,20.46,2.34,0.0
20220711:1311,563.3,49.91,20.45,2.62,0.0
20220711:1411,299.39,44.5,20.17,2.9,0.0
20220711:1511,712.75,37.66,19.39,3.03,0.0
20220711:1611,536.73,30.09,18.56,2.83,0.0
20220711:1711,319.61,22.3,17.79,2.34,0.0
20220711:1811,130.93,14.69,17.15,1.86,0.0
20220711:1911,13.51,7.61,16.38,1.24,0.0
20220711:2011,0.84,1.38,15.16,0.9,0.0
20220711:2111,0.0,0.0,13.8,0.48,0.0
20220711:2211,0.0,0.0,13.2,0.69,0.0
20220711:2311,0.0,0.0,12.5,0.9,0.0
20220712:0011,0.0,0.0,12.64,0.83,0.0
20220712:0111,0.0,0.0,13.08,0.48,0.0
20220712:0211,0.0,0.0,13.03,0.34,0.0
20220712:0311,0.84,1.71,12.73,0.62,0.0
20220712:0411,11.82,8.02,12.42,0.76,0.0
20220712:0511,24.48,15.16,12.22,0.83,0.0
20220712:0611,69.0,22.79,13.68,0.83,0.0
20220712:0711,114.39,30.58,14.43,1.52,0.0
20220712:0811,202.7,38.11,15.24,1.79,0.0
20220712:0911,151.61,44.86,15.88,1.93,0.0
20220712:1011,167.04,50.11,16.2,2.0,0.0
20220712:1111,214.25,53.01,17.47,2.41,0.0
20220712:1211,163.41,52.89,17.39,2.55,0.0
20220712:1311,203.36,49.79,17.56,2.34,0.0
20220712:1411,547.01,44.4,17.79,1.59,0.0
20220712:1511,526.83,37.57,18.42,1.59,0.0
20220712:1611,137.44,30.0,18.0,1.45,0.0
20220712:1711,196.46,22.21,17.53,1.38,0.0
20220712:1811,50.84,14.6,16.54,1.38,0.0
20220712:1911,10.13,7.51,14.77,1.52,0.0
20220712:2011,0.0,0.0,14.08,1.17,0.0
20220712:2111,0.0,0.0,13.12,1.1,0.0
20220712:2211,0.0,0.0,12.22,1.1,0.0
20220712:2311,0.0,0.0,12.04,0.9,0.0
20220713:0011,0.0,0.0,11.96,0.76,0.0
20220713:0111,0.0,0.0,12.04,0.48,0.0
20220713:0211,0.0,0.0,11.79,0.21,0.0
20220713:0311,0.84,1.56,11.59,0.21,0.0
20220713:0411,43.9,7.88,11.57,0.21,0.0
20220713:0511,57.41,15.02,11.91,0.28,0.0
20220713:0611,112.1,22.66,12.31,0.48,0.0
20220713:0711,50.84,30.45,12.73,2.0,0.0
20220713:0811,387.51,37.98,12.47,2.0,0.0
20220713:0911,563.89,44.72,12.06,3.03,0.0
20220713:1011,574.23,49.97,12.76,3.45,0.0
20220713:1111,665.09,52.87,12.62,4.14,0.0
20220713:1211,284.61,52.75,12.15,4.14,0.0
20220713:1311,869.78,49.66,11.97,3.86,0.0
20220713:1411,381.4,44.28,12.02,4.0,0.0
20220713:1511,233.89,37.46,11.78,3.79,0.0
20220713:1611,168.58,29.9,11.35,3.86,0.0
20220713:1711,124.06,22.11,10.53,4.21,0.0
20220713:1811,81.1,14.49,10.51,4.14,0.0
20220713:1911,21.95,7.4,9.71,4.07,0.0
20220713:2011,0.0,0.0,9.16,3.17,0.0
20220713:2111,0.0,0.0,8.73,3.03,0.0
20220713:2211,0.0,0.0,8.76,3.38,0.0
20220713:2311,0.0,0.0,8.65,2.34,0.0
20220714:0011,0.0,0.0,8.39,2.28,0.0
20220714:0111,0.0,0.0,8.0,2.9,0.0
20220714:0211,0.0,0.0,7.67,2.69,0.0
20220714:0311,0.84,1.42,7.75,2.83,0.0
20220714:0411,6.75,7.74,7.75,3.03,0.0
20220714:0511,20.26,14.88,8.02,3.45,0.0
20220714:0611,35.41,22.52,8.41,3.59,0.0
20220714:0711,190.91,30.31,9.33,2.83,0.0
20220714:0811,163.41,37.84,9.51,2.83,0.0
20220714:0911,445.41,44.58,9.38,3.45,0.0
20220714:1011,415.23,49.82,10.79,3.24,0.0
20220714:1111,320.99,52.72,11.08,3.72,0.0
20220714:1211,722.01,52.61,11.72,4.34,0.0
20220714:1311,494.95,49.53,11.5,4.83,0.0
20220714:1411,493.06,44.16,11.5,5.38,0.0
20220714:1511,348.68,37.35,11.07,5.31,0.0
20220714:1611,107.13,29.79,11.08,5.31,0.0
20220714:1711,180.0,22.0,10.48,5.03,0.0
20220714:1811,52.66,14.38,9.89,4.76,0.0
20220714:1911,14.35,7.28,9.16,4.14,0.0
20220714:2011,0.0,0.0,8.34,3.86,0.0
20220714:2111,0.0,0.0,7.46,3.52,0.0
20220714:2211,0.0,0.0,6.89,3.24,0.0
20220714:2311,0.0,0.0,6.5,3.03,0.0
20220715:0011,0.0,0.0,6.11,2.9,0.0
20220715:0111,0.0,0.0,5.83,2.9,0.0
20220715:0211,0.0,0.0,5.53,2.83,0.0
20220715:0311,0.0,0.0,5.34,2.76,0.0
20220715:0411,9.29,7.59,5.71,2.83,0.0
20220715:0511,90.33,14.74,6.67,2.55,0.0
20220715:0611,148.35,22.38,8.21,3.93,0.0
20220715:0711,276.82,30.17,9.53,3.79,0.0
20220715:0811,358.23,37.7,10.26,3.52,0.0
20220715:0911,227.73,44.43,10.47,3.38,0.0
20220715:1011,188.83,49.67,10.85,3.17,0.0
20220715:1111,531.85,52.56,11.48,3.24,0.0
20220715:1211,331.72,52.46,11.29,3.45,0.0
20220715:1311,514.58,49.4,11.33,3.72,0.0
20220715:1411,230.42,44.04,11.38,3.66,0.0
20220715:1511,387.84,37.23,10.99,3.66,0.0
20220715:1611,421.7,29.68,10.57,3.72,0.0
20220715:1711,273.58,21.89,9.66,3.52,0.0
20220715:1811,98.72,14.27,8.77,3.31,0.0
20220715:1911,13.51,7.16,8.05,3.03,0.0
20220715:2011,0.0,0.0,7.42,2.69,0.0
20220715:2111,0.0,0.0,6.48,2.9,0.0
20220715:2211,0.0,0.0,6.22,3.17,0.0
20220715:2311,0.0,0.0,6.39,3.93,0.0
20220716:0011,0.0,0.0,6.3,3.24,0.0
20220716:0111,0.0,0.0,6.07,3.17,0.0
20220716:0211,0.0,0.0,6.01,3.03,0.0
20220716:0311,0.0,0.0,5.56,2.83,0.0
20220716:0411,41.37,7.44,5.86,2.97,0.0
20220716:0511,87.8,14.59,6.93,3.86,0.0
20220716:0611,151.6,22.24,8.15,4.21,0.0
20220716:0711,337.34,30.02,9.78,3.93,0.0
20220716:0811,547.52,37.55,10.9,4.21,0.0
20220716:0911,702.77,44.28,12.0,4.21,0.0
20220716:1011,905.51,49.51,12.87,4.14,0.0
20220716:1111,926.54,52.4,13.61,4.34,0.0
20220716:1211,1004.71,52.31,13.99,4.48,0.0
20220716:1311,976.84,49.25,14.05,4.55,0.0
20220716:1411,877.93,43.91,14.0,4.41,0.0
20220716:1511,735.05,37.11,13.57,4.41,0.0
20220716:1611,537.86,29.56,12.86,4.55,0.0
20220716:1711,313.43,21.77,11.9,4.48,0.0
20220716:1811,129.86,14.14,10.87,3.93,0.0
20220716:1911,37.15,7.03,9.94,3.52,0.0
20220716:2011,0.0,0.0,8.89,3.24,0.0
20220716:2111,0.0,0.0,8.32,2.9,0.0
20220716:2211,0.0,0.0,7.79,2.41,0.0
20220716:2311,0.0,0.0,7.39,2.07,0.0
20220717:0011,0.0,0.0,6.99,2.34,0.0
20220717:0111,0.0,0.0,6.89,2.76,0.0
20220717:0211,0.0,0.0,6.89,2.69,0.0
20220717:0311,0.0,0.0,6.89,2.48,0.0
20220717:0411,37.99,7.29,7.23,2.41,0.0
20220717:0511,19.42,14.44,7.52,2.07,0.0
20220717:0611,161.93,22.09,8.78,1.79,0.0
20220717:0711,208.5,29.87,10.6,1.59,0.0
20220717:0811,303.01,37.39,12.32,3.1,0.0
20220717:0911,274.39,44.12,12.6,3.1,0.0
20220717:1011,172.49,49.35,13.48,3.03,0.0
20220717:1111,188.83,52.23,14.43,3.17,0.0
20220717:1211,224.24,52.14,15.01,3.17,0.0
20220717:1311,251.9,49.1,15.27,3.31,0.0
20220717:1411,118.93,43.77,14.77,2.76,0.0
20220717:1511,120.74,36.98,14.21,2.21,0.0
20220717:1611,78.07,29.43,14.19,2.48,0.0
20220717:1711,46.3,21.64,13.58,2.21,0.0
20220717:1811,47.21,14.01,13.15,1.52,0.0
20220717:1911,7.6,6.9,12.08,0.97,0.0
20220717:2011,0.0,0.0,11.82,0.83,0.0
20220717:2111,0.0,0.0,11.42,0.55,0.0
20220717:2211,0.0,0.0,11.14,0.55,0.0
20220717:2311,0.0,0.0,10.94,0.62,0.0
20220718:0011,0.0,0.0,10.97,0.83,0.0
20220718:0111,0.0,0.0,11.01,0.55,0.0
20220718:0211,0.0,0.0,11.17,0.62,0.0
20220718:0311,0.0,0.0,11.32,0.69,0.0
20220718:0411,5.91,7.13,11.57,1.1,0.0
20220718:0511,76.82,14.29,11.75,0.97,0.0
20220718:0611,104.61,21.93,12.11,1.03,0.0
20220718:0711,261.31,29.72,13.55,0.97,0.0
20220718:0811,280.01,37.24,14.65,1.31,0.0
20220718:0911,564.43,43.96,16.05,1.31,0.0
20220718:1011,485.82,49.18,18.47,2.14,0.0
20220718:1111,568.46,52.06,19.59,3.24,0.0
20220718:1211,749.95,51.98,19.96,3.38,0.0
20220718:1311,821.32,48.94,20.29,3.45,0.0
20220718:1411,668.67,43.62,20.2,3.31,0.0
20220718:1511,587.2,36.84,19.63,3.31,0.0
20220718:1611,340.32,29.3,19.07,3.17,0.0
20220718:1711,251.1,21.51,18.37,2.83,0.0
20220718:1811,70.1,13.88,17.56,2.21,0.0
20220718:1911,35.46,6.76,16.37,2.14,0.0
20220718:2011,0.0,0.0,15.04,1.45,0.0
20220718:2111,0.0,0.0,13.45,1.24,0.0
20220718:2211,0.0,0.0,11.97,1.31,0.0
20220718:2311,0.0,0.0,11.25,1.24,0.0
20220719:0011,0.0,0.0,10.57,1.31,0.0
20220719:0111,0.0,0.0,9.6,1.45,0.0
20220719:0211,0.0,0.0,9.04,1.45,0.0
20220719:0311,0.0,0.0,8.45,1.38,0.0
20220719:0411,37.15,6.96,8.85,1.24,0.0
20220719:0511,85.27,14.13,11.42,0.69,0.0
20220719:0611,150.52,21.78,15.5,0.69,0.0
20220719:0711,317.35,29.56,17.77,0.55,0.0
20220719:0811,498.02,37.08,19.12,1.24,0.0
20220719:0911,704.79,43.79,20.35,1.31,0.0
20220719:1011,863.1,49.0,21.81,1.66,0.0
20220719:1111,956.02,51.88,23.03,1.79,0.0
20220719:1211,992.59,51.8,23.74,2.21,0.0
20220719:1311,936.77,48.78,23.61,2.76,0.0
20220719:1411,828.37,43.47,23.11,2.9,0.0
20220719:1511,670.74,36.7,22.6,2.62,0.0
20220719:1611,475.66,29.16,22.1,2.21,0.0
20220719:1711,279.8,21.37,21.63,1.79,0.0
20220719:1811,109.75,13.74,20.85,1.52,0.0
20220719:1911,34.61,6.61,19.63,1.79,0.0
20220719:2011,0.0,0.0,17.8,1.79,0.0
20220719:2111,0.0,0.0,15.86,1.79,0.0
20220719:2211,0.0,0.0,14.39,1.72,0.0
20220719:2311,0.0,0.0,13.67,1.79,0.0
20220720:0011,0.0,0.0,13.69,1.86,0.0
20220720:0111,0.0,0.0,13.91,2.0,0.0
20220720:0211,0.0,0.0,14.05,1.86,0.0
20220720:0311,0.0,0.0,13.92,1.93,0.0
20220720:0411,16.04,6.79,13.89,2.0,0.0
20220720:0511,82.73,13.96,15.0,1.86,0.0
20220720:0611,146.03,21.61,18.37,1.79,0.0
20220720:0711,321.07,29.4,20.35,1.93,0.0
20220720:0811,506.28,36.91,21.53,3.03,0.0
20220720:0911,705.6,43.62,22.71,3.38,0.0
20220720:1011,832.03,48.82,23.93,3.66,0.0
20220720:1111,926.8,51.7,24.7,3.45,0.0
20220720:1211,948.39,51.62,24.65,3.17,0.0
20220720:1311,877.86,48.61,25.17,3.1,0.0
20220720:1411,798.94,43.31,25.27,2.97,0.0
20220720:1511,584.04,36.55,24.25,2.48,0.0
20220720:1611,377.15,29.02,23.59,1.31,0.0
20220720:1711,175.04,21.23,23.07,0.62,0.0
20220720:1811,65.02,13.59,22.14,0.41,0.0
20220720:1911,5.91,6.46,22.09,1.59,0.0
20220720:2011,0.0,0.0,20.01,1.1,0.0
20220720:2111,0.0,0.0,19.96,0.28,0.0
20220720:2211,0.0,0.0,18.24,1.45,0.0
20220720:2311,0.0,0.0,17.94,1.66,0.0
20220721:0011,0.0,0.0,17.17,2.0,0.0
20220721:0111,0.0,0.0,16.58,2.07,0.0
20220721:0211,0.0,0.0,15.92,2.0,0.0
20220721:0311,0.0,0.0,15.36,2.0,0.0
20220721:0411,5.07,6.62,15.1,2.07,0.0
20220721:0511,59.94,13.79,15.25,1.93,0.0
20220721:0611,147.05,21.45,15.81,2.14,0.0
20220721:0711,179.44,29.24,17.21,1.86,0.0
20220721:0811,392.68,36.74,17.89,2.21,0.0
20220721:0911,636.25,43.44,18.03,2.55,0.0
20220721:1011,643.57,48.64,18.6,2.83,0.0
20220721:1111,657.73,51.51,19.27,3.17,0.0
20220721:1211,500.16,51.44,19.88,3.52,0.0
20220721:1311,540.84,48.44,20.37,3.66,0.0
20220721:1411,593.53,43.15,20.26,3.66,0.0
20220721:1511,390.27,36.4,19.56,3.79,0.0
20220721:1611,317.59,28.87,18.44,3.93,0.0
20220721:1711,184.05,21.08,17.15,3.79,0.0
20220721:1811,57.19,13.44,16.01,3.45,0.0
20220721:1911,18.57,6.3,15.23,2.9,0.0
20220721:2011,0.0,0.0,14.09,3.03,0.0
20220721:2111,0.0,0.0,12.84,2.83,0.0
20220721:2211,0.0,0.0,12.06,2.83,0.0
20220721:2311,0.0,0.0,11.56,2.69,0.0
20220722:0011,0.0,0.0,11.07,2.62,0.0
20220722:0111,0.0,0.0,11.3,2.55,0.0
20220722:0211,0.0,0.0,11.12,2.55,0.0
20220722:0311,0.0,0.0,11.35,2.48,0.0
20220722:0411,34.61,6.45,11.74,2.34,0.0
20220722:0511,70.07,13.62,13.34,2.0,0.0
20220722:0611,155.05,21.28,15.07,1.66,0.0
20220722:0711,280.25,29.07,16.93,1.59,0.0
20220722:0811,490.66,36.57,18.72,1.45,0.0
20220722:0911,568.06,43.26,20.36,0.97,0.0
20220722:1011,734.08,48.45,21.7,0.48,0.0
20220722:1111,773.12,51.32,22.74,0.34,0.0
20220722:1211,1019.27,51.24,23.11,1.24,0.0
20220722:1311,956.76,48.25,22.68,1.86,0.0
20220722:1411,858.88,42.98,21.8,2.07,0.0
20220722:1511,685.64,36.24,20.44,1.79,0.0
20220722:1611,409.97,28.71,20.01,1.31,0.0
20220722:1711,131.49,20.92,19.37,1.1,0.0
20220722:1811,54.47,13.28,18.42,0.83,0.0
20220722:1911,7.6,6.13,17.08,1.45,0.0
20220722:2011,0.0,0.0,15.93,1.38,0.0
20220722:2111,0.0,0.0,14.97,1.17,0.0
20220722:2211,0.0,0.0,14.22,0.97,0.0
20220722:2311,0.0,0.0,13.52,1.03,0.0
20220723:0011,0.0,0.0,13.03,1.1,0.0
20220723:0111,0.0,0.0,12.75,0.9,0.0
20220723:0211,0.0,0.0,12.62,1.1,0.0
20220723:0311,0.0,0.0,12.87,1.24,0.0
20220723:0411,9.29,6.27,12.69,1.03,0.0
20220723:0511,13.51,13.45,12.71,0.83,0.0
20220723:0611,47.21,21.11,12.63,0.69,0.0
20220723:0711,117.11,28.89,12.5,0.76,0.0
20220723:0811,189.1,36.39,12.86,0.41,0.0
20220723:0911,170.68,43.08,13.77,1.24,0.0
20220723:1011,181.57,48.25,14.01,1.66,0.0
20220723:1111,271.26,51.11,14.02,1.72,0.0
20220723:1211,221.51,51.05,13.84,1.79,0.0
20220723:1311,206.99,48.07,13.55,1.86,0.0
20220723:1411,231.14,42.8,14.17,1.66,0.0
20220723:1511,401.11,36.07,14.43,1.72,0.0
20220723:1611,293.6,28.55,14.55,2.21,0.0
20220723:1711,209.84,20.76,13.71,2.41,0.0
20220723:1811,109.5,13.12,12.88,2.21,0.0
20220723:1911,27.86,5.96,11.2,2.21,0.0
20220723:2011,0.0,0.0,10.25,2.21,0.0
20220723:2111,0.0,0.0,9.39,2.07,0.0
20220723:2211,0.0,0.0,8.85,1.45,0.0
20220723:2311,0.0,0.0,8.3,1.03,0.0
20220724:0011,0.0,0.0,7.47,0.9,0.0
20220724:0111,0.0,0.0,7.91,0.76,0.0
20220724:0211,0.0,0.0,7.85,0.14,0.0
20220724:0311,0.0,0.0,7.75,0.41,0.0
20220724:0411,30.39,6.08,7.76,0.48,0.0
20220724:0511,13.51,13.27,8.75,0.55,0.0
20220724:0611,78.07,20.93,10.31,0.83,0.0
20220724:0711,64.46,28.72,11.88,1.52,0.0
20220724:0811,78.07,36.21,12.4,2.76,0.0
20220724:0911,86.25,42.89,12.45,3.93,0.0
20220724:1011,134.36,48.06,12.33,4.0,0.0
20220724:1111,93.51,50.91,12.84,3.52,0.0
20220724:1211,103.49,50.84,13.49,4.14,0.0
20220724:1311,79.89,47.87,13.8,3.38,0.0
20220724:1411,67.18,42.62,14.04,2.14,0.0
20220724:1511,96.23,35.9,14.62,2.14,0.0
20220724:1611,82.61,28.38,14.61,2.07,0.0
20220724:1711,78.07,20.59,14.42,2.83,0.0
20220724:1811,13.62,12.95,13.89,3.24,0.0
20220724:1911,6.75,5.79,13.48,2.41,0.0
20220724:2011,0.0,0.0,12.98,2.14,0.0
20220724:2111,0.0,0.0,12.82,2.14,0.0
20220724:2211,0.0,0.0,12.84,2.34,0.0
20220724:2311,0.0,0.0,12.9,2.21,0.0
20220725:0011,0.0,0.0,13.13,2.83,0.0
20220725:0111,0.0,0.0,13.21,2.14,0.0
20220725:0211,0.0,0.0,13.22,2.41,0.0
20220725:0311,0.0,0.0,13.27,2.21,0.0
20220725:0411,4.22,5.9,13.42,2.0,0.0
20220725:0511,12.66,13.09,13.43,1.93,0.0
20220725:0611,24.51,20.76,13.46,1.93,0.0
20220725:0711,76.26,28.54,14.38,1.93,0.0
20220725:0811,98.05,36.03,14.82,2.83,0.0
20220725:0911,174.31,42.69,14.36,2.76,0.0
20220725:1011,94.42,47.85,14.56,3.24,0.0
20220725:1111,0.0,0.0,15.23,3.79,0.0
20220725:1211,116.2,50.63,15.52,4.07,0.0
20220725:1311,160.69,47.67,14.88,3.72,0.0
20220725:1411,212.71,42.43,14.84,2.14,0.0
20220725:1511,151.61,35.72,15.0,1.86,0.0
20220725:1611,124.38,28.21,14.37,2.34,0.0
20220725:1711,151.38,20.42,13.48,2.21,0.0
20220725:1811,50.84,12.77,12.79,2.28,0.0
20220725:1911,27.01,5.6,12.13,1.66,0.0
20220725:2011,0.0,0.0,11.18,2.0,0.0
20220725:2111,0.0,0.0,10.42,2.0,0.0
20220725:2211,0.0,0.0,9.93,2.21,0.0
20220725:2311,0.0,0.0,9.37,2.9,0.0
20220726:0011,0.0,0.0,8.98,3.31,0.0
20220726:0111,0.0,0.0,8.67,2.83,0.0
20220726:0211,0.0,0.0,8.37,2.9,0.0
20220726:0311,0.0,0.0,8.07,3.03,0.0
20220726:0411,4.22,5.71,7.73,3.31,0.0
20220726:0511,59.09,12.9,7.77,3.66,0.0
20220726:0611,135.49,20.57,7.87,4.76,0.0
20220726:0711,252.39,28.35,8.7,4.9,0.0
20220726:0811,218.86,35.84,8.96,5.17,0.0
20220726:0911,321.78,42.5,9.22,4.76,0.0
20220726:1011,267.23,47.64,9.47,5.59,0.0
20220726:1111,410.22,50.48,9.75,6.0,0.0
20220726:1211,434.15,50.42,10.0,6.14,0.0
20220726:1311,251.18,47.47,9.8,6.14,0.0
20220726:1411,226.66,42.24,9.62,5.93,0.0
20220726:1511,147.07,35.53,9.75,6.0,0.0
20220726:1611,114.39,28.03,9.68,6.28,0.0
20220726:1711,107.58,20.24,9.63,5.93,0.0
20220726:1811,28.14,12.59,9.25,5.38,0.0
20220726:1911,22.79,5.41,8.4,4.97,0.0
20220726:2011,0.0,0.0,8.31,4.21,0.0
20220726:2111,0.0,0.0,8.18,4.0,0.0
20220726:2211,0.0,0.0,8.09,4.55,0.0
20220726:2311,0.0,0.0,7.93,4.28,0.0
20220727:0011,0.0,0.0,7.55,4.0,0.0
20220727:0111,0.0,0.0,7.25,3.93,0.0
20220727:0211,0.0,0.0,7.19,3.79,0.0
20220727:0311,0.0,0.0,6.99,3.66,0.0
20220727:0411,21.11,5.51,6.95,3.52,0.0
20220727:0511,65.0,12.72,7.52,4.28,0.0
20220727:0611,127.27,20.39,8.29,4.34,0.0
20220727:0711,331.03,28.17,9.19,4.62,0.0
20220727:0811,540.13,35.65,10.49,4.21,0.0
20220727:0911,689.47,42.3,11.61,4.21,0.0
20220727:1011,816.15,47.43,12.27,4.0,0.0
20220727:1111,992.45,50.26,13.23,3.86,0.0
20220727:1211,1038.41,50.2,13.58,3.93,0.0
20220727:1311,981.3,47.25,13.49,4.07,0.0
20220727:1411,892.44,42.04,13.23,4.14,0.0
20220727:1511,734.74,35.34,12.83,4.07,0.0
20220727:1611,529.13,27.84,12.32,3.93,0.0
20220727:1711,315.15,20.06,11.6,3.66,0.0
20220727:1811,111.76,12.4,10.97,3.45,0.0
20220727:1911,27.01,5.22,9.86,2.62,0.0
20220727:2011,0.0,0.0,8.73,2.34,0.0
20220727:2111,0.0,0.0,7.94,2.21,0.0
20220727:2211,0.0,0.0,7.47,2.14,0.0
20220727:2311,0.0,0.0,6.61,2.07,0.0
20220728:0011,0.0,0.0,6.31,2.07,0.0
20220728:0111,0.0,0.0,5.92,1.86,0.0
20220728:0211,0.0,0.0,5.16,1.72,0.0
20220728:0311,0.0,0.0,4.7,1.72,0.0
20220728:0411,27.86,5.31,4.57,1.79,0.0
20220728:0511,54.87,12.52,6.45,1.45,0.0
20220728:0611,123.97,20.2,10.72,1.17,0.0
20220728:0711,331.65,27.98,13.63,1.1,0.0
20220728:0811,552.54,35.45,15.66,1.79,0.0
20220728:0911,747.68,42.09,16.91,2.41,0.0
20220728:1011,908.98,47.21,17.73,2.62,0.0
20220728:1111,1014.99,50.04,18.39,2.62,0.0
20220728:1211,1030.14,49.97,19.0,2.62,0.0
20220728:1311,958.1,47.04,19.19,2.62,0.0
20220728:1411,845.93,41.83,18.93,2.48,0.0
20220728:1511,741.71,35.14,18.09,2.21,0.0
20220728:1611,529.85,27.65,17.92,1.86,0.0
20220728:1711,320.76,19.86,17.36,1.79,0.0
20220728:1811,117.49,12.2,16.51,1.45,0.0
20220728:1911,22.79,5.02,14.71,1.17,0.0
20220728:2011,0.0,0.0,13.19,1.1,0.0
20220728:2111,0.0,0.0,11.18,1.24,0.0
20220728:2211,0.0,0.0,10.09,1.31,0.0
20220728:2311,0.0,0.0,9.4,1.31,0.0
20220729:0011,0.0,0.0,8.33,1.45,0.0
20220729:0111,0.0,0.0,6.85,1.66,0.0
20220729:0211,0.0,0.0,6.14,1.52,0.0
20220729:0311,0.0,0.0,5.78,1.38,0.0
20220729:0411,4.22,5.11,5.95,1.31,0.0
20220729:0511,71.76,12.33,7.97,1.03,0.0
20220729:0611,123.16,20.01,10.64,1.03,0.0
20220729:0711,328.34,27.79,12.2,2.14,0.0
20220729:0811,542.22,35.25,13.22,2.41,0.0
20220729:0911,649.74,41.88,14.2,2.97,0.0
20220729:1011,704.5,46.99,15.11,3.03,0.0
20220729:1111,801.24,49.81,15.75,2.9,0.0
20220729:1211,719.91,49.74,16.65,2.97,0.0
20220729:1311,733.4,46.81,16.63,2.62,0.0
20220729:1411,579.99,41.62,16.69,2.34,0.0
20220729:1511,576.64,34.94,16.58,2.14,0.0
20220729:1611,423.44,27.45,16.44,2.14,0.0
20220729:1711,301.22,19.67,15.9,2.21,0.0
20220729:1811,103.34,12.0,14.8,1.93,0.0
20220729:1911,24.48,4.81,13.5,0.9,0.0
20220729:2011,0.0,0.0,12.17,0.83,0.0
20220729:2111,0.0,0.0,10.68,0.9,0.0
20220729:2211,0.0,0.0,9.8,1.17,0.0
20220729:2311,0.0,0.0,8.96,1.45,0.0
20220730:0011,0.0,0.0,8.28,1.52,0.0
20220730:0111,0.0,0.0,7.68,1.66,0.0
20220730:0211,0.0,0.0,7.23,1.72,0.0
20220730:0311,0.0,0.0,7.18,1.79,0.0
20220730:0411,22.79,4.91,7.56,1.79,0.0
20220730:0511,50.65,12.13,9.39,1.45,0.0
20220730:0611,108.75,19.81,12.11,1.59,0.0
20220730:0711,246.49,27.59,13.94,3.38,0.0
20220730:0811,407.16,35.05,14.24,3.52,0.0
20220730:0911,658.21,41.67,15.16,3.59,0.0
20220730:1011,844.0,46.77,16.18,3.66,0.0
20220730:1111,771.94,49.57,16.74,3.72,0.0
20220730:1211,456.12,49.5,16.9,3.72,0.0
20220730:1311,256.19,46.58,16.48,3.45,0.0
20220730:1411,188.53,41.4,16.48,3.45,0.0
20220730:1511,174.56,34.73,16.25,3.45,0.0
20220730:1611,132.12,27.25,15.42,2.41,0.0
20220730:1711,98.56,19.47,15.01,1.93,0.0
20220730:1811,34.5,11.8,14.75,1.59,0.0
20220730:1911,23.64,4.6,13.8,1.38,0.0
20220730:2011,0.0,0.0,12.84,1.31,0.0
20220730:2111,0.0,0.0,11.73,1.38,0.0
20220730:2211,0.0,0.0,11.2,1.45,0.0
20220730:2311,0.0,0.0,11.0,1.45,0.0
20220731:0011,0.0,0.0,11.04,1.31,0.0
20220731:0111,0.0,0.0,10.75,1.38,0.0
20220731:0211,0.0,0.0,10.58,1.24,0.0
20220731:0311,0.0,0.0,10.32,1.31,0.0
20220731:0411,3.38,4.7,10.38,1.03,0.0
20220731:0511,19.42,11.93,11.16,0.97,0.0
20220731:0611,47.21,19.61,12.17,1.52,0.0
20220731:0711,42.67,27.39,12.47,0.83,0.0
20220731:0811,153.43,34.85,12.8,0.76,0.0
20220731:0911,189.14,41.45,13.25,0.9,0.0
20220731:1011,222.4,46.54,13.74,1.17,0.0
20220731:1111,318.01,49.33,14.03,1.03,0.0
20220731:1211,261.77,49.26,14.26,1.24,0.0
20220731:1311,301.77,46.35,14.11,1.66,0.0
20220731:1411,73.54,41.18,14.34,1.52,0.0
20220731:1511,43.58,34.52,14.04,1.24,0.0
20220731:1611,283.76,27.04,13.47,1.1,0.0
20220731:1711,192.29,19.26,13.55,1.17,0.0
20220731:1811,93.92,11.59,13.16,1.38,0.0
20220731:1911,21.11,4.38,12.64,2.0,0.0
20220731:2011,0.0,0.0,11.08,2.14,0.0
20220731:2111,0.0,0.0,9.9,2.07,0.0
20220731:2211,0.0,0.0,9.06,2.07,0.0
20220731:2311,0.0,0.0,8.01,2.21,0.0
20220801:0011,0.0,0.0,7.41,2.48,0.0
20220801:0111,0.0,0.0,6.95,2.76,0.0
20220801:0211,0.0,0.0,6.56,2.9,0.0
20220801:0311,0.0,0.0,6.33,2.9,0.0
20220801:0411,16.04,4.49,6.27,2.83,0.0
20220801:0511,56.56,11.73,6.79,3.03,0.0
20220801:0611,74.29,19.41,7.85,3.03,0.0
20220801:0711,325.71,27.19,9.43,3.86,0.0
20220801:0811,540.41,34.64,10.49,4.21,0.0
20220801:0911,737.97,41.23,11.56,4.34,0.0
20220801:1011,916.45,46.3,12.43,4.34,0.0
20220801:1111,998.42,49.08,13.03,4.34,0.0
20220801:1211,1024.38,49.01,13.45,4.41,0.0
20220801:1311,987.75,46.11,13.82,4.34,0.0
20220801:1411,903.71,40.95,13.9,4.21,0.0
20220801:1511,741.04,34.3,13.65,4.07,0.0
20220801:1611,530.92,26.82,13.14,3.79,0.0
20220801:1711,322.54,19.04,12.5,3.38,0.0
20220801:1811,112.58,11.37,11.69,2.62,0.0
20220801:1911,18.57,4.16,10.27,2.14,0.0
20220801:2011,0.0,0.0,9.0,1.52,0.0
20220801:2111,0.0,0.0,7.82,1.1,0.0
20220801:2211,0.0,0.0,8.01,0.69,0.0
20220801:2311,0.0,0.0,8.2,0.48,0.0
20220802:0011,0.0,0.0,7.42,0.76,0.0
20220802:0111,0.0,0.0,6.88,0.83,0.0
20220802:0211,0.0,0.0,6.96,0.9,0.0
20220802:0311,0.0,0.0,7.05,1.1,0.0
20220802:0411,4.22,4.27,7.4,1.38,0.0
20220802:0511,11.82,11.52,8.48,1.79,0.0
20220802:0611,27.01,19.21,9.5,2.07,0.0
20220802:0711,49.02,26.98,9.9,3.66,0.0
20220802:0811,72.63,34.42,10.59,3.86,0.0
20220802:0911,89.88,41.01,10.9,3.86,0.0
20220802:1011,129.82,46.07,11.11,3.79,0.0
20220802:1111,137.08,48.83,11.57,4.14,0.0
20220802:1211,132.55,48.76,11.85,3.38,0.0
20220802:1311,81.71,45.86,12.16,2.55,0.0
20220802:1411,64.46,40.71,12.66,2.14,0.0
20220802:1511,129.82,34.07,13.25,1.66,0.0
20220802:1611,98.96,26.6,13.53,1.17,0.0
20220802:1711,92.89,18.82,14.19,1.93,0.0
20220802:1811,27.24,11.15,14.62,2.21,0.0
20220802:1911,12.66,3.93,14.28,1.93,0.0
20220802:2011,0.0,0.0,14.12,1.66,0.0
20220802:2111,0.0,0.0,13.86,1.66,0.0
20220802:2211,0.0,0.0,13.79,1.52,0.0
20220802:2311,0.0,0.0,13.68,1.52,0.0
20220803:0011,0.0,0.0,13.61,1.59,0.0
20220803:0111,0.0,0.0,13.78,1.72,0.0
20220803:0211,0.0,0.0,13.94,1.86,0.0
20220803:0311,0.0,0.0,13.8,1.59,0.0
20220803:0411,2.53,4.06,13.87,1.86,0.0
20220803:0511,40.52,11.31,14.05,2.41,0.0
20220803:0611,37.15,19.0,14.33,3.17,0.0
20220803:0711,81.71,26.78,15.44,1.93,0.0
20220803:0811,68.09,34.21,15.52,3.79,0.0
20220803:0911,115.3,40.78,15.24,2.97,0.0
20220803:1011,65.37,45.82,15.3,2.28,0.0
20220803:1111,104.4,48.58,16.32,2.34,0.0
20220803:1211,146.16,48.5,16.39,3.24,0.0
20220803:1311,257.94,45.61,16.07,2.76,0.0
20220803:1411,104.4,40.47,15.12,2.9,0.0
20220803:1511,89.88,33.84,15.29,2.97,0.0
20220803:1611,108.94,26.38,14.24,2.48,0.0
20220803:1711,84.72,18.6,13.81,2.28,0.0
20220803:1811,50.55,10.92,13.6,1.93,0.0
20220803:1911,5.07,3.7,12.53,2.9,0.0
20220803:2011,0.0,0.0,12.04,1.66,0.0
20220803:2111,0.0,0.0,11.98,1.52,0.0
20220803:2211,0.0,0.0,11.95,1.59,0.0
20220803:2311,0.0,0.0,11.84,1.59,0.0
20220804:0011,0.0,0.0,11.67,1.52,0.0
20220804:0111,0.0,0.0,11.84,1.59,0.0
20220804:0211,0.0,0.0,11.56,1.66,0.0
20220804:0311,0.0,0.0,11.52,1.66,0.0
20220804:0411,10.97,3.84,11.55,1.45,0.0
20220804:0511,47.28,11.1,11.91,1.59,0.0
20220804:0611,70.91,18.79,12.67,2.55,0.0
20220804:0711,118.02,26.56,13.06,2.14,0.0
20220804:0811,140.72,33.99,14.27,2.07,0.0
20220804:0911,350.7,40.55,15.43,2.21,0.0
20220804:1011,232.01,45.58,15.02,2.55,0.0
20220804:1111,467.57,48.32,15.88,2.55,0.0
20220804:1211,417.98,48.24,16.23,2.55,0.0
20220804:1311,190.65,45.35,15.72,2.41,0.0
20220804:1411,253.6,40.23,15.3,2.69,0.0
20220804:1511,300.02,33.6,14.3,2.55,0.0
20220804:1611,299.88,26.14,13.83,2.28,0.0
20220804:1711,145.69,18.37,12.71,2.14,0.0
20220804:1811,46.01,10.68,12.11,2.14,0.0
20220804:1911,16.88,3.46,11.38,2.0,0.0
20220804:2011,0.0,0.0,10.33,2.07,0.0
20220804:2111,0.0,0.0,9.42,2.21,0.0
20220804:2211,0.0,0.0,8.87,2.28,0.0
20220804:2311,0.0,0.0,8.53,2.28,0.0
20220805:0011,0.0,0.0,8.11,2.07,0.0
20220805:0111,0.0,0.0,7.67,1.93,0.0
20220805:0211,0.0,0.0,7.17,2.0,0.0
20220805:0311,0.0,0.0,6.54,2.0,0.0
20220805:0411,17.73,3.61,5.81,1.86,0.0
20220805:0511,62.47,10.88,6.78,1.66,0.0
20220805:0611,70.91,18.58,8.87,2.48,0.0
20220805:0711,317.76,26.35,9.95,2.76,0.0
20220805:0811,514.97,33.77,10.89,3.17,0.0
20220805:0911,479.45,40.32,11.92,3.66,0.0
20220805:1011,462.29,45.33,12.64,3.93,0.0
20220805:1111,643.47,48.06,13.03,4.14,0.0
20220805:1211,759.69,47.97,13.2,4.28,0.0
20220805:1311,300.84,45.09,13.1,4.28,0.0
20220805:1411,466.28,39.97,12.76,4.34,0.0
20220805:1511,349.29,33.36,12.46,4.28,0.0
20220805:1611,124.0,25.91,11.95,4.21,0.0
20220805:1711,110.62,18.13,11.26,3.86,0.0
20220805:1811,90.83,10.45,10.54,3.59,0.0
20220805:1911,15.2,3.21,9.61,3.17,0.0
20220805:2011,0.0,0.0,8.61,3.24,0.0
20220805:2111,0.0,0.0,7.87,2.97,0.0
20220805:2211,0.0,0.0,7.4,2.76,0.0
20220805:2311,0.0,0.0,7.1,2.69,0.0
20220806:0011,0.0,0.0,7.11,2.69,0.0
20220806:0111,0.0,0.0,7.0,2.55,0.0
20220806:0211,0.0,0.0,7.15,2.28,0.0
20220806:0311,0.0,0.0,7.49,2.21,0.0
20220806:0411,2.53,3.39,7.71,2.21,0.0
20220806:0511,20.26,10.66,8.08,3.24,0.0
20220806:0611,110.59,18.37,8.99,4.21,0.0
20220806:0711,151.72,26.14,9.12,4.07,0.0
20220806:0811,204.67,33.55,9.68,4.28,0.0
20220806:0911,219.31,40.08,10.07,4.21,0.0
20220806:1011,177.03,45.07,10.09,4.21,0.0
20220806:1111,247.77,47.79,10.82,4.14,0.0
20220806:1211,392.16,47.7,11.12,4.14,0.0
20220806:1311,412.32,44.83,11.92,4.76,0.0
20220806:1411,354.02,39.72,11.95,4.62,0.0
20220806:1511,329.7,33.11,11.73,4.55,0.0
20220806:1611,117.11,25.66,11.62,4.34,0.0
20220806:1711,92.36,17.89,11.37,3.86,0.0
20220806:1811,28.14,10.2,10.69,3.17,0.0
20220806:1911,12.66,2.96,10.15,2.34,0.0
20220806:2011,0.0,0.0,9.15,1.79,0.0
20220806:2111,0.0,0.0,8.26,1.31,0.0
20220806:2211,0.0,0.0,7.81,0.97,0.0
20220806:2311,0.0,0.0,7.9,0.9,0.0
20220807:0011,0.0,0.0,8.08,0.76,0.0
20220807:0111,0.0,0.0,7.84,0.9,0.0
20220807:0211,0.0,0.0,7.58,1.03,0.0
20220807:0311,0.0,0.0,7.48,0.97,0.0
20220807:0411,1.69,3.16,7.64,0.9,0.0
20220807:0511,40.52,10.44,8.49,1.03,0.0
20220807:0611,77.67,18.15,9.37,1.66,0.0
20220807:0711,108.03,25.92,10.02,1.79,0.0
20220807:0811,134.36,33.32,10.62,2.21,0.0
20220807:0911,84.43,39.84,10.45,2.0,0.0
20220807:1011,122.56,44.82,10.9,2.41,0.0
20220807:1111,125.28,47.52,11.36,2.48,0.0
20220807:1211,125.28,47.42,11.86,2.41,0.0
20220807:1311,156.15,44.55,12.15,2.34,0.0
20220807:1411,111.67,39.46,12.61,2.48,0.0
20220807:1511,166.53,32.86,12.44,2.28,0.0
20220807:1611,196.43,25.42,12.3,2.55,0.0
20220807:1711,126.45,17.64,12.21,2.14,0.0
20220807:1811,30.87,9.95,11.63,1.24,0.0
20220807:1911,4.22,2.71,11.36,1.24,0.0
20220807:2011,0.0,0.0,11.22,0.97,0.0
20220807:2111,0.0,0.0,10.8,0.83,0.0
20220807:2211,0.0,0.0,10.41,1.03,0.0
20220807:2311,0.0,0.0,9.91,1.1,0.0
20220808:0011,0.0,0.0,9.63,1.1,0.0
20220808:0111,0.0,0.0,9.31,1.03,0.0
20220808:0211,0.0,0.0,9.26,1.38,0.0
20220808:0311,0.0,0.0,8.87,1.31,0.0
20220808:0411,1.69,2.93,8.81,1.38,0.0
20220808:0511,40.52,10.22,8.93,1.45,0.0
20220808:0611,28.7,17.93,9.73,2.28,0.0
20220808:0711,158.43,25.69,10.76,2.69,0.0
20220808:0811,279.31,33.09,11.88,3.03,0.0
20220808:0911,427.98,39.6,12.73,3.1,0.0
20220808:1011,658.91,44.55,13.9,2.97,0.0
20220808:1111,966.43,47.24,14.91,2.83,0.0
20220808:1211,997.98,47.14,15.69,2.76,0.0
20220808:1311,972.59,44.28,16.1,2.62,0.0
20220808:1411,874.13,39.19,16.49,2.69,0.0
20220808:1511,692.45,32.6,16.46,2.76,0.0
20220808:1611,491.3,25.16,16.11,2.83,0.0
20220808:1711,288.52,17.39,15.36,2.69,0.0
20220808:1811,93.32,9.7,14.37,2.28,0.0
20220808:1911,5.91,2.45,13.12,1.93,0.0
20220808:2011,0.0,0.0,11.85,1.59,0.0
20220808:2111,0.0,0.0,10.79,1.59,0.0
20220808:2211,0.0,0.0,9.9,1.59,0.0
20220808:2311,0.0,0.0,9.24,1.59,0.0
20220809:0011,0.0,0.0,8.67,1.59,0.0
20220809:0111,0.0,0.0,8.44,1.45,0.0
20220809:0211,0.0,0.0,8.21,1.45,0.0
20220809:0311,0.0,0.0,8.11,1.38,0.0
20220809:0411,5.91,2.7,7.71,1.52,0.0
20220809:0511,54.03,9.99,8.85,1.17,0.0
20220809:0611,109.75,17.71,11.79,0.97,0.0
20220809:0711,296.38,25.47,13.48,1.17,0.0
20220809:0811,491.84,32.86,15.06,1.52,0.0
20220809:0911,671.49,39.35,16.4,1.93,0.0
20220809:1011,789.61,44.29,17.17,1.93,0.0
20220809:1111,698.86,46.96,17.73,1.79,0.0
20220809:1211,787.26,46.85,18.36,1.86,0.0
20220809:1311,774.88,43.99,18.46,2.28,0.0
20220809:1411,700.9,38.91,18.24,2.41,0.0
20220809:1511,589.09,32.34,18.11,2.48,0.0
20220809:1611,321.2,24.91,17.8,2.55,0.0
20220809:1711,150.21,17.13,17.02,2.21,0.0
20220809:1811,16.34,9.44,16.05,1.79,0.0
20220809:1911,5.07,2.18,14.62,1.45,0.0
20220809:2011,0.0,0.0,13.63,0.9,0.0
20220809:2111,0.0,0.0,12.89,0.9,0.0
20220809:2211,0.0,0.0,12.07,0.83,0.0
20220809:2311,0.0,0.0,11.69,0.83,0.0
20220810:0011,0.0,0.0,11.38,0.76,0.0
20220810:0111,0.0,0.0,10.27,0.76,0.0
20220810:0211,0.0,0.0,9.58,0.83,0.0
20220810:0311,0.0,0.0,9.49,0.83,0.0
20220810:0411,10.97,2.46,9.26,0.9,0.0
20220810:0511,46.43,9.77,10.03,0.76,0.0
20220810:0611,67.54,17.48,12.56,0.48,0.0
20220810:0711,306.24,25.24,14.68,0.62,0.0
20220810:0811,525.51,32.62,16.13,1.59,0.0
20220810:0911,727.99,39.1,17.47,2.34,0.0
20220810:1011,781.07,44.02,18.44,2.76,0.0
20220810:1111,858.45,46.67,18.96,2.83,0.0
20220810:1211,688.7,46.56,19.37,2.97,0.0
20220810:1311,671.65,43.71,19.34,3.17,0.0
20220810:1411,394.52,38.64,19.08,3.17,0.0
20220810:1511,426.04,32.07,18.65,3.03,0.0
20220810:1611,385.19,24.64,18.09,2.97,0.0
20220810:1711,277.09,16.87,17.33,2.76,0.0
20220810:1811,84.49,9.17,16.46,2.14,0.0
20220810:1911,6.75,1.91,15.14,1.45,0.0
20220810:2011,0.0,0.0,13.78,0.97,0.0
20220810:2111,0.0,0.0,13.07,0.62,0.0
20220810:2211,0.0,0.0,12.61,0.41,0.0
20220810:2311,0.0,0.0,12.27,0.48,0.0
20220811:0011,0.0,0.0,11.94,0.55,0.0
20220811:0111,0.0,0.0,11.32,0.69,0.0
20220811:0211,0.0,0.0,10.15,0.83,0.0
20220811:0311,0.0,0.0,9.81,0.76,0.0
20220811:0411,0.84,2.22,9.75,0.83,0.0
20220811:0511,53.19,9.54,10.64,0.69,0.0
20220811:0611,108.9,17.26,13.1,0.41,0.0
20220811:0711,280.97,25.01,14.18,0.28,0.0
20220811:0811,502.91,32.38,15.72,0.76,0.0
20220811:0911,724.85,38.85,17.34,1.52,0.0
20220811:1011,871.2,43.75,18.55,1.86,0.0
20220811:1111,970.36,46.39,19.47,2.21,0.0
20220811:1211,994.03,46.27,19.94,2.55,0.0
20220811:1311,968.87,43.41,20.03,2.76,0.0
20220811:1411,868.77,38.35,19.83,2.76,0.0
20220811:1511,700.38,31.79,19.38,2.76,0.0
20220811:1611,491.16,24.37,18.65,2.62,0.0
20220811:1711,279.86,16.61,17.71,2.21,0.0
20220811:1811,83.89,8.9,16.65,1.52,0.0
20220811:1911,3.38,1.64,15.32,1.1,0.0
20220811:2011,0.0,0.0,13.48,0.83,0.0
20220811:2111,0.0,0.0,12.17,0.97,0.0
20220811:2211,0.0,0.0,11.0,1.17,0.0
20220811:2311,0.0,0.0,9.98,1.31,0.0
20220812:0011,0.0,0.0,9.28,1.45,0.0
20220812:0111,0.0,0.0,8.89,1.52,0.0
20220812:0211,0.0,0.0,8.56,1.52,0.0
20220812:0311,0.0,0.0,8.36,1.59,0.0
20220812:0411,4.22,1.98,8.28,1.66,0.0
20220812:0511,42.21,9.3,8.96,1.45,0.0
20220812:0611,67.54,17.03,11.87,0.69,0.0
20220812:0711,310.48,24.78,14.53,0.62,0.0
20220812:0811,535.08,32.14,16.61,0.62,0.0
20220812:0911,724.46,38.59,18.28,1.03,0.0
20220812:1011,882.36,43.47,19.51,1.66,0.0
20220812:1111,981.28,46.09,20.34,1.93,0.0
20220812:1211,1007.03,45.97,20.9,2.07,0.0
20220812:1311,968.32,43.12,21.2,2.07,0.0
20220812:1411,873.55,38.07,21.3,1.86,0.0
20220812:1511,703.35,31.52,21.15,1.72,0.0
20220812:1611,492.08,24.1,20.75,1.66,0.0
20220812:1711,281.49,16.33,20.02,1.52,0.0
20220812:1811,81.94,8.63,18.98,1.1,0.0
20220812:1911,1.69,1.36,17.46,0.83,0.0
20220812:2011,0.0,0.0,15.67,0.83,0.0
20220812:2111,0.0,0.0,14.06,1.1,0.0
20220812:2211,0.0,0.0,12.96,1.24,0.0
20220812:2311,0.0,0.0,11.64,1.45,0.0
20220813:0011,0.0,0.0,10.45,1.59,0.0
20220813:0111,0.0,0.0,9.8,1.66,0.0
20220813:0211,0.0,0.0,9.31,1.66,0.0
20220813:0311,0.0,0.0,9.0,1.72,0.0
20220813:0411,2.53,1.74,8.82,1.72,0.0
20220813:0511,44.74,9.07,9.83,1.45,0.0
20220813:0611,69.23,16.8,13.37,0.83,0.0
20220813:0711,303.64,24.55,16.32,0.48,0.0
20220813:0811,525.37,31.9,18.76,0.69,0.0
20220813:0911,711.73,38.33,20.25,1.17,0.0
20220813:1011,871.7,43.19,21.25,1.59,0.0
20220813:1111,964.83,45.8,21.99,1.79,0.0
20220813:1211,1001.86,45.66,22.53,1.86,0.0
20220813:1311,961.71,42.82,22.79,1.86,0.0
20220813:1411,855.83,37.77,22.83,1.86,0.0
20220813:1511,692.41,31.23,22.59,1.86,0.0
20220813:1611,482.46,23.82,22.1,1.79,0.0
20220813:1711,270.8,16.06,21.35,1.45,0.0
20220813:1811,78.17,8.35,20.3,0.97,0.0
20220813:1911,0.0,0.0,18.91,0.69,0.0
20220813:2011,0.0,0.0,16.88,1.1,0.0
20220813:2111,0.0,0.0,14.99,1.52,0.0
20220813:2211,0.0,0.0,13.95,1.59,0.0
20220813:2311,0.0,0.0,13.64,1.52,0.0
20220814:0011,0.0,0.0,14.04,1.45,0.0
20220814:0111,0.0,0.0,14.92,1.31,0.0
20220814:0211,0.0,0.0,15.21,1.24,0.0
20220814:0311,0.0,0.0,14.18,1.38,0.0
20220814:0411,0.84,1.49,12.73,1.59,0.0
20220814:0511,43.9,8.83,12.03,1.72,0.0
20220814:0611,72.6,16.57,14.74,0.83,0.0
20220814:0711,298.68,24.31,17.7,0.55,0.0
20220814:0811,517.65,31.65,19.75,0.83,0.0
20220814:0911,702.44,38.07,21.06,1.38,0.0
20220814:1011,866.25,42.91,22.11,1.72,0.0
20220814:1111,957.81,45.5,22.97,1.93,0.0
20220814:1211,912.79,45.36,23.55,2.14,0.0
20220814:1311,703.6,42.51,23.76,2.21,0.0
20220814:1411,622.74,37.48,23.74,2.14,0.0
20220814:1511,300.51,30.94,23.56,2.07,0.0
20220814:1611,113.21,23.54,23.15,1.72,0.0
20220814:1711,64.46,15.78,22.28,1.52,0.0
20220814:1811,39.47,8.07,20.82,1.52,0.0
20220814:1911,0.0,0.0,18.39,1.59,0.0
20220814:2011,0.0,0.0,17.2,1.72,0.0
20220814:2111,0.0,0.0,15.96,1.59,0.0
20220814:2211,0.0,0.0,15.29,1.66,0.0
20220814:2311,0.0,0.0,14.8,1.59,0.0
20220815:0011,0.0,0.0,14.46,1.86,0.0
20220815:0111,0.0,0.0,14.31,2.21,0.0
20220815:0211,0.0,0.0,14.03,2.14,0.0
20220815:0311,0.0,0.0,13.79,1.86,0.0
20220815:0411,0.0,0.0,14.07,1.93,0.0
20220815:0511,12.66,8.59,14.28,1.93,0.0
20220815:0611,100.46,16.33,15.52,2.07,0.0
20220815:0711,146.21,24.08,16.5,2.69,0.0
20220815:0811,267.88,31.41,17.74,2.9,0.0
20220815:0911,337.55,37.8,18.06,3.03,0.0
20220815:1011,499.86,42.62,19.08,2.97,0.0
20220815:1111,687.13,45.19,19.44,3.17,0.0
20220815:1211,876.68,45.04,20.67,3.24,0.0
20220815:1311,754.11,42.2,21.24,3.17,0.0
20220815:1411,641.24,37.18,22.26,3.66,0.0
20220815:1511,516.19,30.65,22.28,3.17,0.0
20220815:1611,415.21,23.25,22.06,2.55,0.0
20220815:1711,204.4,15.49,21.6,2.69,0.0
20220815:1811,66.32,7.78,20.69,2.28,0.0
20220815:1911,0.0,0.0,19.11,2.41,0.0
20220815:2011,0.0,0.0,17.98,2.48,0.0
20220815:2111,0.0,0.0,17.18,2.14,0.0
20220815:2211,0.0,0.0,16.35,1.93,0.0
20220815:2311,0.0,0.0,15.86,1.79,0.0
20220816:0011,0.0,0.0,15.58,1.86,0.0
20220816:0111,0.0,0.0,15.3,2.07,0.0
20220816:0211,0.0,0.0,15.26,1.93,0.0
20220816:0311,0.0,0.0,15.1,2.0,0.0
20220816:0411,0.0,0.0,15.34,2.07,0.0
20220816:0511,15.2,8.35,15.53,1.93,0.0
20220816:0611,62.47,16.09,16.38,1.79,0.0
20220816:0711,136.58,23.83,17.28,1.93,0.0
20220816:0811,228.08,31.15,18.12,2.76,0.0
20220816:0911,290.25,37.53,18.54,2.41,0.0
20220816:1011,53.56,42.34,19.38,1.45,0.0
20220816:1111,90.78,44.89,19.58,1.72,0.0
20220816:1211,102.59,44.73,18.81,1.79,0.0
20220816:1311,52.66,41.89,18.6,1.93,0.0
20220816:1411,150.7,36.87,18.29,1.79,0.0
20220816:1511,38.13,30.35,18.32,1.31,0.0
20220816:1611,28.14,22.96,18.46,1.38,0.0
20220816:1711,118.01,15.2,17.51,1.66,0.0
20220816:1811,7.26,7.48,16.84,1.17,0.0
20220816:1911,0.0,0.0,16.05,0.97,0.0
20220816:2011,0.0,0.0,15.65,0.76,0.0
20220816:2111,0.0,0.0,15.28,0.41,0.0
20220816:2211,0.0,0.0,14.86,0.69,0.0
20220816:2311,0.0,0.0,14.53,0.76,0.0
20220817:0011,0.0,0.0,14.28,0.69,0.0
20220817:0111,0.0,0.0,14.04,0.69,0.0
20220817:0211,0.0,0.0,13.76,0.69,0.0
20220817:0311,0.0,0.0,13.45,0.69,0.0
20220817:0411,0.0,0.0,13.3,0.76,0.0
20220817:0511,31.24,8.11,13.22,0.9,0.0
20220817:0611,81.89,15.85,13.07,0.97,0.0
20220817:0711,178.41,23.59,13.41,1.45,0.0
20220817:0811,276.7,30.9,13.37,1.72,0.0
20220817:0911,386.88,37.26,13.89,2.55,0.0
20220817:1011,602.88,42.04,14.5,2.76,0.0
20220817:1111,922.85,44.58,15.56,2.83,0.0
20220817:1211,958.64,44.41,16.45,2.97,0.0
20220817:1311,808.27,41.57,16.07,2.83,0.0
20220817:1411,733.89,36.56,16.11,3.03,0.0
20220817:1511,399.47,30.05,15.65,3.1,0.0
20220817:1611,263.9,22.66,15.14,3.1,0.0
20220817:1711,250.56,14.9,14.58,2.97,0.0
20220817:1811,64.59,7.19,13.67,2.55,0.0
20220817:1911,0.0,0.0,11.87,2.07,0.0
20220817:2011,0.0,0.0,10.53,1.86,0.0
20220817:2111,0.0,0.0,9.49,1.66,0.0
20220817:2211,0.0,0.0,8.3,1.59,0.0
20220817:2311,0.0,0.0,7.47,1.59,0.0
20220818:0011,0.0,0.0,7.07,1.59,0.0
20220818:0111,0.0,0.0,6.81,1.52,0.0
20220818:0211,0.0,0.0,6.75,1.45,0.0
20220818:0311,0.0,0.0,6.36,1.45,0.0
20220818:0411,0.0,0.0,6.43,1.45,0.0
20220818:0511,41.37,7.87,7.04,1.38,0.0
20220818:0611,64.16,15.61,9.5,1.17,0.0
20220818:0711,301.72,23.35,12.57,0.55,0.0
20220818:0811,516.55,30.65,13.66,0.41,0.0
20220818:0911,684.27,36.99,14.8,0.83,0.0
20220818:1011,845.18,41.75,15.62,1.79,0.0
20220818:1111,946.82,44.26,16.15,2.28,0.0
20220818:1211,687.23,44.08,16.26,2.48,0.0
20220818:1311,771.08,41.25,16.29,2.97,0.0
20220818:1411,440.39,36.24,15.04,2.34,0.0
20220818:1511,170.21,29.74,14.7,1.86,0.0
20220818:1611,151.05,22.36,14.24,1.93,0.0
20220818:1711,217.61,14.6,13.38,1.86,0.0
20220818:1811,56.26,6.88,12.37,1.66,0.0
20220818:1911,0.0,0.0,11.63,1.17,0.0
20220818:2011,0.0,0.0,10.54,0.83,0.0
20220818:2111,0.0,0.0,10.49,0.48,0.0
20220818:2211,0.0,0.0,9.91,0.69,0.0
20220818:2311,0.0,0.0,9.79,0.55,0.0
20220819:0011,0.0,0.0,8.56,0.97,0.0
20220819:0111,0.0,0.0,8.04,1.31,0.0
20220819:0211,0.0,0.0,8.36,1.31,0.0
20220819:0311,0.0,0.0,8.85,1.24,0.0
20220819:0411,0.0,0.0,9.24,1.31,0.0
20220819:0511,8.44,7.62,9.75,1.59,0.0
20220819:0611,35.46,15.37,10.55,1.66,0.0
20220819:0711,94.42,23.1,10.86,2.41,0.0
20220819:0811,105.31,30.39,11.9,2.9,0.0
20220819:0911,112.57,36.71,12.38,2.28,0.0
20220819:1011,74.44,41.45,12.73,2.41,0.0
20220819:1111,88.97,43.94,12.84,2.14,0.0
20220819:1211,73.54,43.75,13.39,2.14,0.0
20220819:1311,73.54,40.92,13.11,1.93,0.0
20220819:1411,78.07,35.93,13.2,1.59,0.0
20220819:1511,44.48,29.43,13.27,2.07,0.0
20220819:1611,68.09,22.06,13.14,2.28,0.0
20220819:1711,53.56,14.3,13.23,1.72,0.0
20220819:1811,6.35,6.58,13.09,1.38,0.0
20220819:1911,0.0,0.0,12.32,1.72,0.0
20220819:2011,0.0,0.0,12.21,0.9,0.0
20220819:2111,0.0,0.0,12.06,0.34,0.0
20220819:2211,0.0,0.0,11.91,0.48,0.0
20220819:2311,0.0,0.0,11.66,0.9,0.0
20220820:0011,0.0,0.0,11.11,1.03,0.0
20220820:0111,0.0,0.0,10.34,0.97,0.0
20220820:0211,0.0,0.0,10.09,0.83,0.0
20220820:0311,0.0,0.0,9.99,0.69,0.0
20220820:0411,0.0,0.0,9.58,0.48,0.0
20220820:0511,41.37,7.37,9.33,0.34,0.0
20220820:0611,94.55,15.12,9.99,0.28,0.0
20220820:0711,213.81,22.85,11.77,1.38,0.0
20220820:0811,286.04,30.13,12.87,1.86,0.0
20220820:0911,382.17,36.43,13.84,2.62,0.0
20220820:1011,203.04,41.15,14.55,3.1,0.0
20220820:1111,187.02,43.62,15.07,3.59,0.0
20220820:1211,699.94,43.42,15.46,3.86,0.0
20220820:1311,230.11,40.59,15.69,3.24,0.0
20220820:1411,83.52,35.6,15.6,3.38,0.0
20220820:1511,106.22,29.12,15.04,3.24,0.0
20220820:1611,55.38,21.75,14.1,2.97,0.0
20220820:1711,66.82,13.99,13.32,2.55,0.0
20220820:1811,41.36,6.27,12.67,2.83,0.0
20220820:1911,0.0,0.0,11.85,2.21,0.0
20220820:2011,0.0,0.0,11.71,2.14,0.0
20220820:2111,0.0,0.0,11.47,2.21,0.0
20220820:2211,0.0,0.0,11.5,1.93,0.0
20220820:2311,0.0,0.0,11.63,2.0,0.0
20220821:0011,0.0,0.0,11.52,2.21,0.0
20220821:0111,0.0,0.0,11.98,1.93,0.0
20220821:0211,0.0,0.0,11.82,3.1,0.0
20220821:0311,0.0,0.0,11.99,2.62,0.0
20220821:0411,0.0,0.0,11.7,3.79,0.0
20220821:0511,39.68,7.12,10.73,3.52,0.0
20220821:0611,86.95,14.88,11.26,1.59,0.0
20220821:0711,133.15,22.6,11.74,2.83,0.0
20220821:0811,78.07,29.86,12.75,1.79,0.0
20220821:0911,137.08,36.15,13.26,1.93,0.0
20220821:1011,229.13,40.84,14.09,2.14,0.0
20220821:1111,216.55,43.3,14.21,2.41,0.0
20220821:1211,811.3,43.09,13.62,2.62,0.0
20220821:1311,360.85,40.26,13.05,3.1,0.0
20220821:1411,693.75,35.28,12.23,2.9,0.0
20220821:1511,527.69,28.8,12.13,2.97,0.0
20220821:1611,177.05,21.43,11.26,2.69,0.0
20220821:1711,199.67,13.68,11.33,2.07,0.0
20220821:1811,32.92,5.95,10.66,1.79,0.0
20220821:1911,0.0,0.0,10.01,2.21,0.0
20220821:2011,0.0,0.0,9.33,1.79,0.0
20220821:2111,0.0,0.0,8.95,1.38,0.0
20220821:2211,0.0,0.0,8.78,1.38,0.0
20220821:2311,0.0,0.0,8.01,1.17,0.0
20220822:0011,0.0,0.0,7.77,1.1,0.0
20220822:0111,0.0,0.0,7.79,0.9,0.0
20220822:0211,0.0,0.0,8.16,0.55,0.0
20220822:0311,0.0,0.0,8.39,0.41,0.0
20220822:0411,0.0,0.0,8.3,0.21,0.0
20220822:0511,37.99,6.87,8.12,0.28,0.0
20220822:0611,89.49,14.63,8.61,0.21,0.0
20220822:0711,204.5,22.35,10.72,1.38,0.0
20220822:0811,368.98,29.6,11.58,1.59,0.0
20220822:0911,386.51,35.87,12.49,1.38,0.0
20220822:1011,608.98,40.54,13.58,1.59,0.0
20220822:1111,676.05,42.97,14.25,1.66,0.0
20220822:1211,696.87,42.75,14.56,1.59,0.0
20220822:1311,429.7,39.92,14.82,1.45,0.0
20220822:1411,466.19,34.94,15.3,1.38,0.0
20220822:1511,293.45,28.48,15.03,1.45,0.0
20220822:1611,362.86,21.12,14.72,1.66,0.0
20220822:1711,125.82,13.36,14.3,1.1,0.0
20220822:1811,31.24,5.64,13.4,1.31,0.0
20220822:1911,0.0,0.0,12.37,1.03,0.0
20220822:2011,0.0,0.0,11.65,0.41,0.0
20220822:2111,0.0,0.0,11.02,0.62,0.0
20220822:2211,0.0,0.0,9.11,1.24,0.0
20220822:2311,0.0,0.0,8.46,1.31,0.0
20220823:0011,0.0,0.0,8.6,1.24,0.0
20220823:0111,0.0,0.0,8.29,1.31,0.0
20220823:0211,0.0,0.0,7.88,1.45,0.0
20220823:0311,0.0,0.0,7.37,1.59,0.0
20220823:0411,0.0,0.0,7.21,1.59,0.0
20220823:0511,20.26,6.62,7.11,1.66,0.0
20220823:0611,77.67,14.38,8.74,1.52,0.0
20220823:0711,273.1,22.09,12.49,2.14,0.0
20220823:0811,315.23,29.33,13.79,3.1,0.0
20220823:0911,308.64,35.58,15.24,4.48,0.0
20220823:1011,155.24,40.23,16.28,4.69,0.0
20220823:1111,277.4,42.64,16.8,4.69,0.0
20220823:1211,121.65,42.41,16.78,4.76,0.0
20220823:1311,149.79,39.58,16.43,4.41,0.0
20220823:1411,214.02,34.61,15.82,3.66,0.0
20220823:1511,86.25,28.15,15.55,3.45,0.0
20220823:1611,182.23,20.79,15.08,3.17,0.0
20220823:1711,119.55,13.04,14.75,2.97,0.0
20220823:1811,26.17,5.31,14.16,3.45,0.0
20220823:1911,0.0,0.0,13.77,3.31,0.0
20220823:2011,0.0,0.0,13.09,3.24,0.0
20220823:2111,0.0,0.0,12.73,3.1,0.0
20220823:2211,0.0,0.0,12.3,2.97,0.0
20220823:2311,0.0,0.0,12.41,2.76,0.0
20220824:0011,0.0,0.0,12.22,2.97,0.0
20220824:0111,0.0,0.0,12.0,2.83,0.0
20220824:0211,0.0,0.0,11.89,2.62,0.0
20220824:0311,0.0,0.0,11.92,2.62,0.0
20220824:0411,0.0,0.0,11.99,2.69,0.0
20220824:0511,22.79,6.36,12.35,2.9,0.0
20220824:0611,70.07,14.13,13.09,3.03,0.0
20220824:0711,208.7,21.84,14.52,3.45,0.0
20220824:0811,347.15,29.06,15.43,4.0,0.0
20220824:0911,513.02,35.29,16.19,4.41,0.0
20220824:1011,263.23,39.92,16.54,4.48,0.0
20220824:1111,645.34,42.31,17.07,4.69,0.0
20220824:1211,575.33,42.06,17.8,4.9,0.0
20220824:1311,354.18,39.23,17.83,4.34,0.0
20220824:1411,339.51,34.27,18.05,4.76,0.0
20220824:1511,350.21,27.82,17.9,4.97,0.0
20220824:1611,130.28,20.47,17.74,4.14,0.0
20220824:1711,106.49,12.72,17.33,3.59,0.0
20220824:1811,21.95,4.99,16.82,3.52,0.0
20220824:1911,0.0,0.0,16.83,3.66,0.0
20220824:2011,0.0,0.0,16.44,3.45,0.0
20220824:2111,0.0,0.0,16.07,3.31,0.0
20220824:2211,0.0,0.0,15.76,3.17,0.0
20220824:2311,0.0,0.0,15.39,2.83,0.0
20220825:0011,0.0,0.0,15.28,2.55,0.0
20220825:0111,0.0,0.0,15.3,2.55,0.0
20220825:0211,0.0,0.0,15.25,2.48,0.0
20220825:0311,0.0,0.0,14.93,2.21,0.0
20220825:0411,0.0,0.0,14.86,2.0,0.0
20220825:0511,5.07,6.11,14.93,1.86,0.0
20220825:0611,42.21,13.87,15.07,1.86,0.0
20220825:0711,80.8,21.58,15.98,2.62,0.0
20220825:0811,97.14,28.79,16.02,2.76,0.0
20220825:0911,135.27,35.0,15.54,3.03,0.0
20220825:1011,91.69,39.6,15.58,3.17,0.0
20220825:1111,147.07,41.97,16.24,3.17,0.0
20220825:1211,105.31,41.72,17.23,3.72,0.0
20220825:1311,63.55,38.88,17.59,3.66,0.0
20220825:1411,42.67,33.93,18.03,3.45,0.0
20220825:1511,135.23,27.48,18.38,3.72,0.0
20220825:1611,115.06,20.14,18.01,3.1,0.0
20220825:1711,100.0,12.39,17.82,3.17,0.0
20220825:1811,7.6,4.66,17.13,3.31,0.0
20220825:1911,0.0,0.0,16.39,3.45,0.0
20220825:2011,0.0,0.0,15.31,3.45,0.0
20220825:2111,0.0,0.0,14.46,3.1,0.0
20220825:2211,0.0,0.0,13.79,2.76,0.0
20220825:2311,0.0,0.0,13.15,2.62,0.0
20220826:0011,0.0,0.0,12.91,2.69,0.0
20220826:0111,0.0,0.0,12.97,2.48,0.0
20220826:0211,0.0,0.0,13.34,2.21,0.0
20220826:0311,0.0,0.0,13.82,2.48,0.0
20220826:0411,0.0,0.0,13.91,3.1,0.0
20220826:0511,4.22,5.85,13.96,2.55,0.0
20220826:0611,13.51,13.62,14.19,1.17,0.0
20220826:0711,25.42,21.32,14.54,2.0,0.0
20220826:0811,35.41,28.52,14.87,1.38,0.0
20220826:0911,43.58,34.71,15.12,1.66,0.0
20220826:1011,96.23,39.28,15.44,1.86,0.0
20220826:1111,107.13,41.63,15.77,1.72,0.0
20220826:1211,123.47,41.37,16.07,1.79,0.0
20220826:1311,49.02,38.53,16.18,1.79,0.0
20220826:1411,109.85,33.58,16.18,1.86,0.0
20220826:1511,59.01,27.15,16.03,1.24,0.0
20220826:1611,29.05,19.81,15.53,0.83,0.0
20220826:1711,12.71,12.06,14.68,1.72,0.0
20220826:1811,20.26,4.33,13.7,2.28,0.0
20220826:1911,0.0,0.0,13.09,1.52,0.0
20220826:2011,0.0,0.0,12.3,1.86,0.0
20220826:2111,0.0,0.0,11.77,1.93,0.0
20220826:2211,0.0,0.0,11.3,2.14,0.0
20220826:2311,0.0,0.0,10.9,2.21,0.0
20220827:0011,0.0,0.0,10.54,2.21,0.0
20220827:0111,0.0,0.0,10.29,2.28,0.0
20220827:0211,0.0,0.0,9.95,2.41,0.0
20220827:0311,0.0,0.0,9.63,2.48,0.0
20220827:0411,0.0,0.0,9.19,2.55,0.0
20220827:0511,27.86,5.59,9.03,2.62,0.0
20220827:0611,59.09,13.36,9.37,2.83,0.0
20220827:0711,289.15,21.06,10.77,2.69,0.0
20220827:0811,516.65,28.24,12.06,2.83,0.0
20220827:0911,716.08,34.41,13.25,3.1,0.0
20220827:1011,868.15,38.96,14.44,3.31,0.0
20220827:1111,965.98,41.29,15.33,3.17,0.0
20220827:1211,978.65,41.01,16.15,3.1,0.0
20220827:1311,933.67,38.18,16.65,3.1,0.0
20220827:1411,820.81,33.23,16.7,3.31,0.0
20220827:1511,644.81,26.8,16.31,3.52,0.0
20220827:1611,436.99,19.47,15.52,3.52,0.0
20220827:1711,212.92,11.73,14.49,3.03,0.0
20220827:1811,21.11,3.99,13.09,2.83,0.0
20220827:1911,0.0,0.0,11.63,2.41,0.0
20220827:2011,0.0,0.0,10.45,2.28,0.0
20220827:2111,0.0,0.0,9.52,2.14,0.0
20220827:2211,0.0,0.0,8.81,2.07,0.0
20220827:2311,0.0,0.0,8.21,2.0,0.0
20220828:0011,0.0,0.0,7.7,2.0,0.0
20220828:0111,0.0,0.0,7.37,1.93,0.0
20220828:0211,0.0,0.0,6.97,2.0,0.0
20220828:0311,0.0,0.0,6.66,1.93,0.0
20220828:0411,0.0,0.0,6.45,1.93,0.0
20220828:0511,27.86,5.33,6.59,1.93,0.0
20220828:0611,55.72,13.1,8.59,1.52,0.0
20220828:0711,280.22,20.79,12.33,1.17,0.0
20220828:0811,494.72,27.97,15.15,0.76,0.0
20220828:0911,525.62,34.11,16.77,0.14,0.0
20220828:1011,638.48,38.64,17.9,0.34,0.0
20220828:1111,618.53,40.95,18.27,1.03,0.0
20220828:1211,741.0,40.65,18.61,1.52,0.0
20220828:1311,864.28,37.82,18.77,1.79,0.0
20220828:1411,592.96,32.88,18.4,1.79,0.0
20220828:1511,356.18,26.46,17.84,1.66,0.0
20220828:1611,362.91,19.13,17.3,1.45,0.0
20220828:1711,194.08,11.39,16.47,1.17,0.0
20220828:1811,18.57,3.65,15.37,0.9,0.0
20220828:1911,0.0,0.0,13.55,1.31,0.0
20220828:2011,0.0,0.0,11.68,1.38,0.0
20220828:2111,0.0,0.0,10.63,1.31,0.0
20220828:2211,0.0,0.0,10.11,1.38,0.0
20220828:2311,0.0,0.0,9.73,1.45,0.0
20220829:0011,0.0,0.0,9.88,1.38,0.0
20220829:0111,0.0,0.0,10.37,1.17,0.0
20220829:0211,0.0,0.0,10.22,1.24,0.0
20220829:0311,0.0,0.0,9.79,1.17,0.0
20220829:0411,0.0,0.0,8.88,1.17,0.0
20220829:0511,7.6,5.07,8.5,1.1,0.0
20220829:0611,44.74,12.84,10.59,0.69,0.0
20220829:0711,132.54,20.53,13.02,0.62,0.0
20220829:0811,263.77,27.69,14.26,1.59,0.0
20220829:0911,372.06,33.81,15.44,2.41,0.0
20220829:1011,417.98,38.31,15.8,2.07,0.0
20220829:1111,368.48,40.6,16.03,2.28,0.0
20220829:1211,411.08,40.29,15.85,2.48,0.0
20220829:1311,512.78,37.46,15.21,2.62,0.0
20220829:1411,376.26,32.53,14.84,2.14,0.0
20220829:1511,506.95,26.11,15.14,2.14,0.0
20220829:1611,331.8,18.79,14.97,2.0,0.0
20220829:1711,170.58,11.05,14.47,1.59,0.0
20220829:1811,16.04,3.31,13.81,1.03,0.0
20220829:1911,0.0,0.0,12.84,1.03,0.0
20220829:2011,0.0,0.0,11.64,0.9,0.0
20220829:2111,0.0,0.0,10.84,1.03,0.0
20220829:2211,0.0,0.0,10.27,1.17,0.0
20220829:2311,0.0,0.0,9.04,1.31,0.0
20220830:0011,0.0,0.0,8.9,1.31,0.0
20220830:0111,0.0,0.0,9.23,1.24,0.0
20220830:0211,0.0,0.0,9.24,1.17,0.0
20220830:0311,0.0,0.0,9.39,1.17,0.0
20220830:0411,0.0,0.0,9.48,1.24,0.0
20220830:0511,24.48,4.81,9.3,1.24,0.0
20220830:0611,65.0,12.58,10.36,0.97,0.0
20220830:0711,130.85,20.26,12.22,0.97,0.0
20220830:0811,249.87,27.41,13.84,1.17,0.0
20220830:0911,303.88,33.51,14.99,1.72,0.0
20220830:1011,497.44,37.99,15.87,1.59,0.0
20220830:1111,542.73,40.25,16.37,1.1,0.0
20220830:1211,691.76,39.93,16.46,0.97,0.0
20220830:1311,653.76,37.09,17.05,1.24,0.0
20220830:1411,717.17,32.17,16.75,1.38,0.0
20220830:1511,552.24,25.76,16.41,1.59,0.0
20220830:1611,369.65,18.44,15.75,1.59,0.0
20220830:1711,179.19,10.71,15.0,1.17,0.0
20220830:1811,9.29,2.96,14.13,1.03,0.0
20220830:1911,0.0,0.0,12.58,0.9,0.0
20220830:2011,0.0,0.0,11.99,0.76,0.0
20220830:2111,0.0,0.0,11.98,0.69,0.0
20220830:2211,0.0,0.0,11.72,0.76,0.0
20220830:2311,0.0,0.0,10.81,1.1,0.0
20220831:0011,0.0,0.0,10.07,1.24,0.0
20220831:0111,0.0,0.0,9.62,1.1,0.0
20220831:0211,0.0,0.0,9.89,0.9,0.0
20220831:0311,0.0,0.0,9.63,0.83,0.0
20220831:0411,0.0,0.0,9.51,0.83,0.0
20220831:0511,23.64,4.54,9.58,0.83,0.0
20220831:0611,62.47,12.32,10.63,0.48,0.0
20220831:0711,78.51,19.99,11.92,0.28,0.0
20220831:0811,495.12,27.12,12.59,0.41,0.0
20220831:0911,684.95,33.21,13.61,0.83,0.0
20220831:1011,831.37,37.66,15.29,0.9,0.0
20220831:1111,909.57,39.9,16.24,1.52,0.0
20220831:1211,847.51,39.57,16.69,1.86,0.0
20220831:1311,601.33,36.72,16.63,2.34,0.0
20220831:1411,693.6,31.81,16.38,2.48,0.0
20220831:1511,547.18,25.41,16.19,2.41,0.0
20220831:1611,389.14,18.09,15.99,2.34,0.0
20220831:1711,172.27,10.36,15.16,2.07,0.0
20220831:1811,10.97,2.61,13.82,1.86,0.0
20220831:1911,0.0,0.0,12.32,1.72,0.0
20220831:2011,0.0,0.0,11.18,1.59,0.0
20220831:2111,0.0,0.0,10.13,1.66,0.0
20220831:2211,0.0,0.0,9.21,1.59,0.0
20220831:2311,0.0,0.0,8.75,1.59,0.0
20220901:0011,0.0,0.0,8.43,1.59,0.0
20220901:0111,0.0,0.0,8.69,1.59,0.0
20220901:0211,0.0,0.0,8.65,1.52,0.0
20220901:0311,0.0,0.0,8.65,1.52,0.0
20220901:0411,0.0,0.0,8.29,1.45,0.0
20220901:0511,21.11,4.28,7.8,1.45,0.0
20220901:0611,58.25,12.06,9.07,0.97,0.0
20220901:0711,78.51,19.72,11.68,0.76,0.0
20220901:0811,490.13,26.84,13.83,0.69,0.0
20220901:0911,668.18,32.9,15.47,1.17,0.0
20220901:1011,757.81,37.32,16.53,1.59,0.0
20220901:1111,752.8,39.54,17.27,1.79,0.0
20220901:1211,716.31,39.2,17.63,1.93,0.0
20220901:1311,705.59,36.36,17.7,2.0,0.0
20220901:1411,529.27,31.44,17.44,2.0,0.0
20220901:1511,511.74,25.05,17.32,1.86,0.0
20220901:1611,385.32,17.74,16.74,1.72,0.0
20220901:1711,172.89,10.01,15.87,1.52,0.0
20220901:1811,9.29,2.26,14.41,1.24,0.0
20220901:1911,0.0,0.0,12.65,1.1,0.0
20220901:2011,0.0,0.0,11.11,1.1,0.0
20220901:2111,0.0,0.0,10.16,1.24,0.0
20220901:2211,0.0,0.0,9.44,1.31,0.0
20220901:2311,0.0,0.0,8.82,1.45,0.0
20220902:0011,0.0,0.0,7.81,1.24,0.0
20220902:0111,0.0,0.0,7.16,1.31,0.0
20220902:0211,0.0,0.0,6.99,1.24,0.0
20220902:0311,0.0,0.0,7.2,1.24,0.0
20220902:0411,0.0,0.0,6.87,1.38,0.0
20220902:0511,18.57,4.01,6.9,1.24,0.0
20220902:0611,66.69,11.79,7.95,0.97,0.0
20220902:0711,81.89,19.45,11.35,0.69,0.0
20220902:0811,489.29,26.55,13.93,0.9,0.0
20220902:0911,681.78,32.59,14.98,1.66,0.0
20220902:1011,795.72,36.99,15.81,1.93,0.0
20220902:1111,859.8,39.18,16.45,2.07,0.0
20220902:1211,774.86,38.83,16.76,2.07,0.0
20220902:1311,739.18,35.98,17.01,2.0,0.0
20220902:1411,647.34,31.07,16.98,1.93,0.0
20220902:1511,451.14,24.69,16.75,1.66,0.0
20220902:1611,327.81,17.39,16.3,1.45,0.0
20220902:1711,129.09,9.66,15.62,0.97,0.0
20220902:1811,5.91,1.91,14.52,0.48,0.0
20220902:1911,0.0,0.0,13.84,0.21,0.0
20220902:2011,0.0,0.0,12.97,0.55,0.0
20220902:2111,0.0,0.0,11.38,1.17,0.0
20220902:2211,0.0,0.0,10.15,1.38,0.0
20220902:2311,0.0,0.0,9.48,1.38,0.0
20220903:0011,0.0,0.0,8.81,1.45,0.0
20220903:0111,0.0,0.0,8.08,1.59,0.0
20220903:0211,0.0,0.0,7.61,1.66,0.0
20220903:0311,0.0,0.0,7.33,1.66,0.0
20220903:0411,0.0,0.0,6.86,1.66,0.0
20220903:0511,11.82,3.74,7.04,1.66,0.0
20220903:0611,69.23,11.52,8.29,1.38,0.0
20220903:0711,91.17,19.18,11.04,1.45,0.0
20220903:0811,471.17,26.26,12.9,2.0,0.0
20220903:0911,559.18,32.28,14.28,2.34,0.0
20220903:1011,524.09,36.65,15.4,2.62,0.0
20220903:1111,542.07,38.83,15.94,2.69,0.0
20220903:1211,381.02,38.46,16.28,2.69,0.0
20220903:1311,730.35,35.61,16.37,2.62,0.0
20220903:1411,483.7,30.71,16.31,2.34,0.0
20220903:1511,89.88,24.33,16.04,2.14,0.0
20220903:1611,34.5,17.03,15.72,1.79,0.0
20220903:1711,85.12,9.3,14.43,0.76,0.0
20220903:1811,3.38,1.55,13.75,1.24,0.0
20220903:1911,0.0,0.0,12.65,1.31,0.0
20220903:2011,0.0,0.0,11.59,1.59,0.0
20220903:2111,0.0,0.0,11.25,1.66,0.0
20220903:2211,0.0,0.0,10.68,1.66,0.0
20220903:2311,0.0,0.0,10.16,1.59,0.0
20220904:0011,0.0,0.0,9.61,1.59,0.0
20220904:0111,0.0,0.0,9.41,1.45,0.0
20220904:0211,0.0,0.0,9.26,1.59,0.0
20220904:0311,0.0,0.0,9.28,1.66,0.0
20220904:0411,0.0,0.0,9.07,1.66,0.0
20220904:0511,16.04,3.47,9.27,1.79,0.0
20220904:0611,61.63,11.26,10.3,2.34,0.0
20220904:0711,121.57,18.9,11.61,2.97,0.0
20220904:0811,309.96,25.97,12.71,3.24,0.0
20220904:0911,340.64,31.97,13.62,3.45,0.0
20220904:1011,161.6,36.32,14.34,3.59,0.0
20220904:1111,544.97,38.46,14.85,3.72,0.0
20220904:1211,486.73,38.08,15.12,3.86,0.0
20220904:1311,517.78,35.23,15.08,3.66,0.0
20220904:1411,552.18,30.33,14.85,3.31,0.0
20220904:1511,329.13,23.96,14.94,3.45,0.0
20220904:1611,288.65,16.67,14.44,2.9,0.0
20220904:1711,85.19,8.94,13.81,2.48,0.0
20220904:1811,0.84,1.19,12.9,2.28,0.0
20220904:1911,0.0,0.0,12.02,2.48,0.0
20220904:2011,0.0,0.0,11.38,2.55,0.0
20220904:2111,0.0,0.0,10.88,2.62,0.0
20220904:2211,0.0,0.0,10.78,2.76,0.0
20220904:2311,0.0,0.0,10.67,2.76,0.0
20220905:0011,0.0,0.0,10.51,2.69,0.0
20220905:0111,0.0,0.0,10.59,2.83,0.0
20220905:0211,0.0,0.0,10.73,2.9,0.0
20220905:0311,0.0,0.0,10.82,2.9,0.0
20220905:0411,0.0,0.0,10.85,3.03,0.0
20220905:0511,1.69,3.2,10.99,3.38,0.0
20220905:0611,46.43,10.99,11.23,3.72,0.0
20220905:0711,77.67,18.62,12.43,4.69,0.0
20220905:0811,203.55,25.68,13.09,4.62,0.0
20220905:0911,204.58,31.65,13.58,4.55,0.0
20220905:1011,306.9,35.98,14.58,4.9,0.0
20220905:1111,352.98,38.1,14.52,4.83,0.0
20220905:1211,314.71,37.71,14.65,4.69,0.0
20220905:1311,154.33,34.85,14.74,4.41,0.0
20220905:1411,80.8,29.96,14.64,3.86,0.0
20220905:1511,91.69,23.59,14.7,3.31,0.0
20220905:1611,52.66,16.31,14.26,3.1,0.0
20220905:1711,22.7,8.58,13.63,3.03,0.0
20220905:1811,0.0,0.0,12.81,3.17,0.0
20220905:1911,0.0,0.0,12.08,2.9,0.0
20220905:2011,0.0,0.0,11.58,3.1,0.0
20220905:2111,0.0,0.0,11.08,2.97,0.0
20220905:2211,0.0,0.0,10.78,2.69,0.0
20220905:2311,0.0,0.0,10.74,2.55,0.0
20220906:0011,0.0,0.0,10.64,2.55,0.0
20220906:0111,0.0,0.0,10.45,2.55,0.0
20220906:0211,0.0,0.0,10.5,2.62,0.0
20220906:0311,0.0,0.0,10.58,2.62,0.0
20220906:0411,0.0,0.0,10.78,2.62,0.0
20220906:0511,3.38,2.93,10.9,2.76,0.0
20220906:0611,48.96,10.72,11.04,2.76,0.0
20220906:0711,0.0,0.0,12.2,2.48,0.0
20220906:0811,369.88,25.39,13.53,3.66,0.0
20220906:0911,505.24,31.34,14.41,4.0,0.0
20220906:1011,605.26,35.63,15.18,4.21,0.0
20220906:1111,531.68,37.74,15.7,4.21,0.0
20220906:1211,754.2,37.33,15.86,4.21,0.0
20220906:1311,587.86,34.47,15.79,3.93,0.0
20220906:1411,517.88,29.58,15.36,3.66,0.0
20220906:1511,367.34,23.22,15.01,3.52,0.0
20220906:1611,214.71,15.94,14.58,3.17,0.0
20220906:1711,63.35,8.22,13.77,2.83,0.0
20220906:1811,0.0,0.0,12.52,2.69,0.0
20220906:1911,0.0,0.0,11.42,2.55,0.0
20220906:2011,0.0,0.0,10.61,2.48,0.0
20220906:2111,0.0,0.0,9.74,2.28,0.0
20220906:2211,0.0,0.0,9.12,2.48,0.0
20220906:2311,0.0,0.0,8.33,2.41,0.0
20220907:0011,0.0,0.0,7.61,2.28,0.0
20220907:0111,0.0,0.0,7.47,2.55,0.0
20220907:0211,0.0,0.0,7.53,2.62,0.0
20220907:0311,0.0,0.0,7.52,2.62,0.0
20220907:0411,0.0,0.0,7.58,2.69,0.0
20220907:0511,3.38,2.66,7.6,2.76,0.0
20220907:0611,42.21,10.45,8.63,2.97,0.0
20220907:0711,33.77,18.07,10.1,2.9,0.0
20220907:0811,64.46,25.09,11.34,3.59,0.0
20220907:0911,129.82,31.02,12.29,4.21,0.0
20220907:1011,131.64,35.29,13.18,4.28,0.0
20220907:1111,113.48,37.37,13.37,4.0,0.0
20220907:1211,149.79,36.95,14.29,4.21,0.0
20220907:1311,65.37,34.09,14.75,4.07,0.0
20220907:1411,77.17,29.2,14.9,4.0,0.0
20220907:1511,69.9,22.85,14.66,3.72,0.0
20220907:1611,29.96,15.58,13.97,3.45,0.0
20220907:1711,22.7,7.86,13.2,3.38,0.0
20220907:1811,0.0,0.0,12.3,3.38,0.0
20220907:1911,0.0,0.0,11.71,3.52,0.0
20220907:2011,0.0,0.0,11.31,3.45,0.0
20220907:2111,0.0,0.0,11.14,3.45,0.0
20220907:2211,0.0,0.0,11.05,3.59,0.0
20220907:2311,0.0,0.0,11.01,3.66,0.0
20220908:0011,0.0,0.0,10.77,3.72,0.0
20220908:0111,0.0,0.0,10.5,3.66,0.0
20220908:0211,0.0,0.0,10.04,3.66,0.0
20220908:0311,0.0,0.0,10.04,3.79,0.0
20220908:0411,0.0,0.0,10.05,3.79,0.0
20220908:0511,1.69,2.38,10.3,4.14,0.0
20220908:0611,26.17,10.17,10.6,4.28,0.0
20220908:0711,43.9,17.79,10.99,4.69,0.0
20220908:0811,142.71,24.79,11.05,5.03,0.0
20220908:0911,152.28,30.7,11.81,5.59,0.0
20220908:1011,99.86,34.94,12.84,5.86,0.0
20220908:1111,326.97,37.0,13.34,6.14,0.0
20220908:1211,228.73,36.56,13.42,5.86,0.0
20220908:1311,671.44,33.7,13.53,5.59,0.0
20220908:1411,594.6,28.82,13.36,5.38,0.0
20220908:1511,427.75,22.48,13.12,5.03,0.0
20220908:1611,72.93,15.21,12.62,4.62,0.0
20220908:1711,23.6,7.49,12.02,4.34,0.0
20220908:1811,0.0,0.0,11.24,4.21,0.0
20220908:1911,0.0,0.0,10.57,4.48,0.0
20220908:2011,0.0,0.0,10.26,4.55,0.0
20220908:2111,0.0,0.0,9.94,4.48,0.0
20220908:2211,0.0,0.0,9.58,4.48,0.0
20220908:2311,0.0,0.0,9.4,4.55,0.0
20220909:0011,0.0,0.0,9.3,4.55,0.0
20220909:0111,0.0,0.0,9.12,4.48,0.0
20220909:0211,0.0,0.0,8.93,4.34,0.0
20220909:0311,0.0,0.0,8.76,4.28,0.0
20220909:0411,0.0,0.0,8.67,4.55,0.0
20220909:0511,0.84,2.11,8.52,4.62,0.0
20220909:0611,40.52,9.9,8.76,4.48,0.0
20220909:0711,62.47,17.5,9.45,4.14,0.0
20220909:0811,49.93,24.49,10.0,5.24,0.0
20220909:0911,158.45,30.38,9.57,3.93,0.0
20220909:1011,145.26,34.59,9.23,4.34,0.0
20220909:1111,147.98,36.63,9.18,4.48,0.0
20220909:1211,126.19,36.18,9.99,4.48,0.0
20220909:1311,142.53,33.32,11.19,4.55,0.0
20220909:1411,91.69,28.44,12.12,4.97,0.0
20220909:1511,58.1,22.1,12.13,4.83,0.0
20220909:1611,45.39,14.84,11.61,4.34,0.0
20220909:1711,32.28,7.12,11.18,4.62,0.0
20220909:1811,0.0,0.0,10.76,4.55,0.0
20220909:1911,0.0,0.0,10.7,4.21,0.0
20220909:2011,0.0,0.0,10.52,4.14,0.0
20220909:2111,0.0,0.0,10.53,4.14,0.0
20220909:2211,0.0,0.0,10.5,4.07,0.0
20220909:2311,0.0,0.0,10.32,3.79,0.0
20220910:0011,0.0,0.0,10.28,3.59,0.0
20220910:0111,0.0,0.0,10.0,3.38,0.0
20220910:0211,0.0,0.0,9.77,3.31,0.0
20220910:0311,0.0,0.0,9.83,3.17,0.0
20220910:0411,0.0,0.0,9.66,2.9,0.0
20220910:0511,0.84,1.83,9.41,2.48,0.0
20220910:0611,49.81,9.62,9.67,2.21,0.0
20220910:0711,106.37,17.22,10.01,1.59,0.0
20220910:0811,187.68,24.19,10.5,1.52,0.0
20220910:0911,164.66,30.05,11.32,1.79,0.0
20220910:1011,309.72,34.24,11.87,1.52,0.0
20220910:1111,127.1,36.26,12.25,1.31,0.0
20220910:1211,130.73,35.79,12.7,1.52,0.0
20220910:1311,143.44,32.93,13.14,1.52,0.0
20220910:1411,167.44,28.06,13.13,0.97,0.0
20220910:1511,104.69,21.72,12.88,0.41,0.0
20220910:1611,84.81,14.47,12.67,0.34,0.0
20220910:1711,25.42,6.75,12.48,0.28,0.0
20220910:1811,0.0,0.0,12.07,0.28,0.0
20220910:1911,0.0,0.0,11.49,0.34,0.0
20220910:2011,0.0,0.0,11.16,0.48,0.0
20220910:2111,0.0,0.0,11.06,0.41,0.0
20220910:2211,0.0,0.0,10.83,0.62,0.0
20220910:2311,0.0,0.0,10.83,0.48,0.0
20220911:0011,0.0,0.0,10.78,0.48,0.0
20220911:0111,0.0,0.0,10.95,0.41,0.0
20220911:0211,0.0,0.0,11.0,0.34,0.0
20220911:0311,0.0,0.0,10.92,0.41,0.0
20220911:0411,0.0,0.0,10.67,0.55,0.0
20220911:0511,0.84,1.56,10.57,0.55,0.0
20220911:0611,48.12,9.35,10.87,0.41,0.0
20220911:0711,100.46,16.94,10.5,0.34,0.0
20220911:0811,138.37,23.89,11.62,0.48,0.0
20220911:0911,133.45,29.73,13.23,1.52,0.0
20220911:1011,176.92,33.89,14.13,2.14,0.0
20220911:1111,511.64,35.88,14.54,2.07,0.0
20220911:1211,306.03,35.41,14.62,1.79,0.0
20220911:1311,424.97,32.54,15.19,1.93,0.0
20220911:1411,259.69,27.67,15.19,2.28,0.0
20220911:1511,420.74,21.35,14.62,2.34,0.0
20220911:1611,248.08,14.09,13.79,2.0,0.0
20220911:1711,44.96,6.38,12.91,1.38,0.0
20220911:1811,0.0,0.0,11.69,1.03,0.0
20220911:1911,0.0,0.0,10.99,0.55,0.0
20220911:2011,0.0,0.0,10.64,0.55,0.0
20220911:2111,0.0,0.0,10.21,0.69,0.0
20220911:2211,0.0,0.0,10.13,0.62,0.0
20220911:2311,0.0,0.0,10.08,0.62,0.0
20220912:0011,0.0,0.0,9.1,1.1,0.0
20220912:0111,0.0,0.0,9.5,0.97,0.0
20220912:0211,0.0,0.0,9.5,1.1,0.0
20220912:0311,0.0,0.0,10.02,1.79,0.0
20220912:0411,0.0,0.0,10.2,2.21,0.0
20220912:0511,0.0,0.0,10.31,2.34,0.0
20220912:0611,18.57,9.07,10.63,2.55,0.0
20220912:0711,37.15,16.65,11.49,2.21,0.0
20220912:0811,154.09,23.59,11.54,2.41,0.0
20220912:0911,59.01,29.4,11.78,3.66,0.0
20220912:1011,82.61,33.54,11.76,3.79,0.0
20220912:1111,62.64,35.51,12.19,4.41,0.0
20220912:1211,63.55,35.02,12.29,4.41,0.0
20220912:1311,68.09,32.15,12.63,3.03,0.0
20220912:1411,80.8,27.28,13.04,2.41,0.0
20220912:1511,56.29,20.96,13.47,2.0,0.0
20220912:1611,34.5,13.72,13.61,1.93,0.0
20220912:1711,5.45,6.01,13.55,1.72,0.0
20220912:1811,0.0,0.0,13.33,1.93,0.0
20220912:1911,0.0,0.0,12.85,1.79,0.0
20220912:2011,0.0,0.0,11.91,2.07,0.0
20220912:2111,0.0,0.0,11.15,1.66,0.0
20220912:2211,0.0,0.0,10.56,1.52,0.0
20220912:2311,0.0,0.0,9.91,1.24,0.0
20220913:0011,0.0,0.0,9.42,1.24,0.0
20220913:0111,0.0,0.0,8.69,1.72,0.0
20220913:0211,0.0,0.0,8.15,2.28,0.0
20220913:0311,0.0,0.0,8.01,3.03,0.0
20220913:0411,0.0,0.0,7.51,2.48,0.0
20220913:0511,0.0,0.0,7.25,2.55,0.0
20220913:0611,16.04,8.79,7.36,2.21,0.0
20220913:0711,104.68,16.36,8.14,1.86,0.0
20220913:0811,242.99,23.29,8.98,1.45,0.0
20220913:0911,177.17,29.07,10.23,2.34,0.0
20220913:1011,137.99,33.19,10.45,3.1,0.0
20220913:1111,116.2,35.13,10.53,3.66,0.0
20220913:1211,153.43,34.63,11.06,4.07,0.0
20220913:1311,281.79,31.75,11.35,4.41,0.0
20220913:1411,137.38,26.89,11.5,4.21,0.0
20220913:1511,142.48,20.58,11.55,4.41,0.0
20220913:1611,84.96,13.34,11.54,3.72,0.0
20220913:1711,26.24,5.63,10.92,4.28,0.0
20220913:1811,0.0,0.0,9.96,4.07,0.0
20220913:1911,0.0,0.0,9.8,3.45,0.0
20220913:2011,0.0,0.0,9.59,3.38,0.0
20220913:2111,0.0,0.0,9.32,3.24,0.0
20220913:2211,0.0,0.0,9.15,3.1,0.0
20220913:2311,0.0,0.0,8.96,2.97,0.0
20220914:0011,0.0,0.0,8.96,2.83,0.0
20220914:0111,0.0,0.0,8.69,2.69,0.0
20220914:0211,0.0,0.0,8.56,2.83,0.0
20220914:0311,0.0,0.0,8.39,2.76,0.0
20220914:0411,0.0,0.0,8.2,2.76,0.0
20220914:0511,0.0,0.0,7.95,2.69,0.0
20220914:0611,49.81,8.51,7.95,3.17,0.0
20220914:0711,89.49,16.07,8.66,3.52,0.0
20220914:0811,255.58,22.98,9.2,3.59,0.0
20220914:0911,183.58,28.74,9.86,3.79,0.0
20220914:1011,220.05,32.83,10.24,3.72,0.0
20220914:1111,246.2,34.75,10.98,3.79,0.0
20220914:1211,248.57,34.24,11.19,3.79,0.0
20220914:1311,268.22,31.36,11.2,3.79,0.0
20220914:1411,398.91,26.5,11.02,3.79,0.0
20220914:1511,350.88,20.2,10.54,3.31,0.0
20220914:1611,304.99,12.96,9.89,2.97,0.0
20220914:1711,35.69,5.26,9.16,2.76,0.0
20220914:1811,0.0,0.0,8.25,2.48,0.0
20220914:1911,0.0,0.0,7.44,2.0,0.0
20220914:2011,0.0,0.0,7.33,2.21,0.0
20220914:2111,0.0,0.0,6.94,2.28,0.0
20220914:2211,0.0,0.0,6.61,2.34,0.0
20220914:2311,0.0,0.0,6.36,2.48,0.0
20220915:0011,0.0,0.0,6.04,2.48,0.0
20220915:0111,0.0,0.0,6.12,3.59,0.0
20220915:0211,0.0,0.0,6.37,3.66,0.0
20220915:0311,0.0,0.0,6.31,3.31,0.0
20220915:0411,0.0,0.0,5.92,3.17,0.0
20220915:0511,0.0,0.0,5.8,3.17,0.0
20220915:0611,44.74,8.23,6.02,3.31,0.0
20220915:0711,72.6,15.78,7.08,4.83,0.0
20220915:0811,311.28,22.67,8.14,4.97,0.0
20220915:0911,389.62,28.41,8.93,4.97,0.0
20220915:1011,212.86,32.47,9.7,5.17,0.0
20220915:1111,672.69,34.37,10.01,5.17,0.0
20220915:1211,457.85,33.84,10.16,5.52,0.0
20220915:1311,378.39,30.96,10.25,6.14,0.0
20220915:1411,331.18,26.11,9.84,6.07,0.0
20220915:1511,162.86,19.81,9.04,5.1,0.0
20220915:1611,70.33,12.58,8.23,5.52,0.0
20220915:1711,43.14,4.88,7.35,4.34,0.0
20220915:1811,0.0,0.0,6.85,4.34,0.0
20220915:1911,0.0,0.0,6.61,4.21,0.0
20220915:2011,0.0,0.0,6.71,3.86,0.0
20220915:2111,0.0,0.0,6.86,3.17,0.0
20220915:2211,0.0,0.0,7.06,2.07,0.0
20220915:2311,0.0,0.0,7.28,1.59,0.0
20220916:0011,0.0,0.0,7.37,1.38,0.0
20220916:0111,0.0,0.0,6.97,1.79,0.0
20220916:0211,0.0,0.0,6.14,2.0,0.0
20220916:0311,0.0,0.0,5.28,2.14,0.0
20220916:0411,0.0,0.0,4.54,2.07,0.0
20220916:0511,0.0,0.0,4.11,2.07,0.0
20220916:0611,42.21,7.95,4.3,1.93,0.0
20220916:0711,84.42,15.49,7.0,1.86,0.0
20220916:0811,438.24,22.37,9.0,2.14,0.0
20220916:0911,615.59,28.08,10.07,2.55,0.0
20220916:1011,712.01,32.12,10.94,2.83,0.0
20220916:1111,818.69,33.99,11.94,3.31,0.0
20220916:1211,935.09,33.45,12.42,3.86,0.0
20220916:1311,800.49,30.57,12.54,4.14,0.0
20220916:1411,427.1,25.72,12.57,4.28,0.0
20220916:1511,234.11,19.43,12.08,4.14,0.0
20220916:1611,224.99,12.2,11.14,3.86,0.0
20220916:1711,43.52,4.5,9.8,4.07,0.0
20220916:1811,0.0,0.0,8.52,3.72,0.0
20220916:1911,0.0,0.0,7.72,3.31,0.0
20220916:2011,0.0,0.0,7.04,3.17,0.0
20220916:2111,0.0,0.0,6.54,3.1,0.0
20220916:2211,0.0,0.0,6.2,3.03,0.0
20220916:2311,0.0,0.0,5.94,2.83,0.0
20220917:0011,0.0,0.0,5.67,2.83,0.0
20220917:0111,0.0,0.0,5.2,2.76,0.0
20220917:0211,0.0,0.0,4.86,2.76,0.0
20220917:0311,0.0,0.0,4.58,2.83,0.0
20220917:0411,0.0,0.0,4.51,2.83,0.0
20220917:0511,0.0,0.0,4.32,2.9,0.0
20220917:0611,43.9,7.67,4.55,3.1,0.0
20220917:0711,64.16,15.2,6.28,3.17,0.0
20220917:0811,423.8,22.06,7.73,4.07,0.0
20220917:0911,528.42,27.75,8.9,4.69,0.0
20220917:1011,680.36,31.76,9.88,5.38,0.0
20220917:1111,827.64,33.61,10.31,5.45,0.0
20220917:1211,900.98,33.06,10.73,5.52,0.0
20220917:1311,623.18,30.17,10.62,5.17,0.0
20220917:1411,697.71,25.33,10.46,4.76,0.0
20220917:1511,546.35,19.04,9.93,4.69,0.0
20220917:1611,313.98,11.82,9.1,4.14,0.0
20220917:1711,54.18,4.12,8.16,3.79,0.0
20220917:1811,0.0,0.0,6.97,3.52,0.0
20220917:1911,0.0,0.0,6.28,3.45,0.0
20220917:2011,0.0,0.0,5.66,3.31,0.0
20220917:2111,0.0,0.0,5.16,3.31,0.0
20220917:2211,0.0,0.0,4.96,3.31,0.0
20220917:2311,0.0,0.0,4.93,3.38,0.0
20220918:0011,0.0,0.0,5.06,3.38,0.0
20220918:0111,0.0,0.0,5.09,3.24,0.0
20220918:0211,0.0,0.0,4.82,2.9,0.0
20220918:0311,0.0,0.0,4.42,2.62,0.0
20220918:0411,0.0,0.0,3.87,2.41,0.0
20220918:0511,0.0,0.0,3.39,2.14,0.0
20220918:0611,37.15,7.38,3.3,2.14,0.0
20220918:0711,65.85,14.91,5.18,1.86,0.0
20220918:0811,87.8,21.74,6.95,2.07,0.0
20220918:0911,631.0,27.41,7.98,2.28,0.0
20220918:1011,805.06,31.4,8.97,2.69,0.0
20220918:1111,885.21,33.23,9.76,2.9,0.0
20220918:1211,952.44,32.66,10.91,3.03,0.0
20220918:1311,837.66,29.77,11.8,3.03,0.0
20220918:1411,764.16,24.94,12.35,2.97,0.0
20220918:1511,560.8,18.66,12.47,2.69,0.0
20220918:1611,318.23,11.44,11.99,2.21,0.0
20220918:1711,19.42,3.74,10.56,2.14,0.0
20220918:1811,0.0,0.0,8.8,2.07,0.0
20220918:1911,0.0,0.0,7.57,1.93,0.0
20220918:2011,0.0,0.0,6.04,1.72,0.0
20220918:2111,0.0,0.0,5.35,1.66,0.0
20220918:2211,0.0,0.0,4.85,1.59,0.0
20220918:2311,0.0,0.0,4.3,1.66,0.0
20220919:0011,0.0,0.0,3.92,1.66,0.0
20220919:0111,0.0,0.0,3.99,1.59,0.0
20220919:0211,0.0,0.0,4.29,1.52,0.0
20220919:0311,0.0,0.0,4.18,1.52,0.0
20220919:0411,0.0,0.0,3.83,1.52,0.0
20220919:0511,0.0,0.0,3.21,1.59,0.0
20220919:0611,37.99,7.1,3.45,1.45,0.0
20220919:0711,65.85,14.61,5.65,0.9,0.0
20220919:0811,87.8,21.43,8.51,0.83,0.0
20220919:0911,627.58,27.08,10.18,0.69,0.0
20220919:1011,717.0,31.04,11.27,0.55,0.0
20220919:1111,865.83,32.85,12.09,1.1,0.0
20220919:1211,853.49,32.27,12.57,1.59,0.0
20220919:1311,814.87,29.37,12.73,1.79,0.0
20220919:1411,737.77,24.54,12.38,2.41,0.0
20220919:1511,564.93,18.27,11.76,2.62,0.0
20220919:1611,302.42,11.06,10.88,2.28,0.0
20220919:1711,16.88,3.37,9.57,2.07,0.0
20220919:1811,0.0,0.0,7.87,1.79,0.0
20220919:1911,0.0,0.0,6.41,1.79,0.0
20220919:2011,0.0,0.0,4.88,1.79,0.0
20220919:2111,0.0,0.0,4.07,1.79,0.0
20220919:2211,0.0,0.0,3.61,1.79,0.0
20220919:2311,0.0,0.0,3.22,1.79,0.0
20220920:0011,0.0,0.0,2.82,1.72,0.0
20220920:0111,0.0,0.0,2.6,1.66,0.0
20220920:0211,0.0,0.0,2.56,1.66,0.0
20220920:0311,0.0,0.0,3.05,1.59,0.0
20220920:0411,0.0,0.0,4.31,1.38,0.0
20220920:0511,0.0,0.0,5.54,1.24,0.0
20220920:0611,36.3,6.82,5.66,1.24,0.0
20220920:0711,70.07,14.32,6.29,0.83,0.0
20220920:0811,140.98,21.12,8.63,0.76,0.0
20220920:0911,468.36,26.74,10.0,1.86,0.0
20220920:1011,340.77,30.67,10.75,2.41,0.0
20220920:1111,580.38,32.46,11.4,2.55,0.0
20220920:1211,468.5,31.87,11.24,2.48,0.0
20220920:1311,492.62,28.98,11.5,2.55,0.0
20220920:1411,439.15,24.15,10.88,2.34,0.0
20220920:1511,291.68,17.88,10.71,2.07,0.0
20220920:1611,211.05,10.68,10.22,1.72,0.0
20220920:1711,15.2,2.99,9.12,1.38,0.0
20220920:1811,0.0,0.0,7.73,1.17,0.0
20220920:1911,0.0,0.0,7.3,0.76,0.0
20220920:2011,0.0,0.0,6.8,0.69,0.0
20220920:2111,0.0,0.0,6.32,0.83,0.0
20220920:2211,0.0,0.0,5.96,0.83,0.0
20220920:2311,0.0,0.0,3.81,1.17,0.0
20220921:0011,0.0,0.0,2.57,1.38,0.0
20220921:0111,0.0,0.0,2.13,1.31,0.0
20220921:0211,0.0,0.0,2.72,1.24,0.0
20220921:0311,0.0,0.0,2.51,1.45,0.0
20220921:0411,0.0,0.0,2.39,1.52,0.0
20220921:0511,0.0,0.0,2.89,1.52,0.0
20220921:0611,34.61,6.53,3.24,1.52,0.0
20220921:0711,77.67,14.02,4.66,1.45,0.0
20220921:0811,81.04,20.81,6.37,1.31,0.0
20220921:0911,627.03,26.4,8.76,1.38,0.0
20220921:1011,698.7,30.31,10.46,1.66,0.0
20220921:1111,707.02,32.08,11.75,1.72,0.0
20220921:1211,881.12,31.47,12.55,1.79,0.0
20220921:1311,692.24,28.58,12.97,1.93,0.0
20220921:1411,486.85,23.75,12.74,2.14,0.0
20220921:1511,104.73,17.49,11.87,2.21,0.0
20220921:1611,223.61,10.29,11.14,1.86,0.0
20220921:1711,10.97,2.61,10.31,1.45,0.0
20220921:1811,0.0,0.0,9.25,0.76,0.0
20220921:1911,0.0,0.0,9.05,0.69,0.0
20220921:2011,0.0,0.0,8.5,0.55,0.0
20220921:2111,0.0,0.0,8.47,0.62,0.0
20220921:2211,0.0,0.0,8.13,0.76,0.0
20220921:2311,0.0,0.0,8.08,0.83,0.0
20220922:0011,0.0,0.0,8.33,0.97,0.0
20220922:0111,0.0,0.0,8.15,1.1,0.0
20220922:0211,0.0,0.0,8.63,1.17,0.0
20220922:0311,0.0,0.0,8.85,1.24,0.0
20220922:0411,0.0,0.0,9.15,1.24,0.0
20220922:0511,0.0,0.0,9.34,1.52,0.0
20220922:0611,13.51,6.24,9.61,1.86,0.0
20220922:0711,24.48,13.73,9.89,2.41,0.0
20220922:0811,37.99,20.49,10.76,2.69,0.0
20220922:0911,67.18,26.06,10.83,3.24,0.0
20220922:1011,97.14,29.95,11.29,3.38,0.0
20220922:1111,78.98,31.69,11.41,3.45,0.0
20220922:1211,74.44,31.08,11.9,4.07,0.0
20220922:1311,62.64,28.18,11.0,3.93,0.0
20220922:1411,63.55,23.36,10.95,3.79,0.0
20220922:1511,39.04,17.1,10.97,4.07,0.0
20220922:1611,39.04,9.91,10.53,4.55,0.0
20220922:1711,3.38,2.23,10.43,2.76,0.0
20220922:1811,0.0,0.0,10.59,2.76,0.0
20220922:1911,0.0,0.0,10.18,4.07,0.0
20220922:2011,0.0,0.0,10.21,3.66,0.0
20220922:2111,0.0,0.0,10.37,3.1,0.0
20220922:2211,0.0,0.0,10.36,3.59,0.0
20220922:2311,0.0,0.0,10.45,4.0,0.0
20220923:0011,0.0,0.0,10.29,3.66,0.0
20220923:0111,0.0,0.0,10.08,3.45,0.0
20220923:0211,0.0,0.0,10.14,3.17,0.0
20220923:0311,0.0,0.0,10.04,3.45,0.0
20220923:0411,0.0,0.0,10.07,3.31,0.0
20220923:0511,0.0,0.0,9.93,2.21,0.0
20220923:0611,16.04,5.96,9.89,1.59,0.0
20220923:0711,61.63,13.43,9.98,0.69,0.0
20220923:0811,130.01,20.17,9.91,0.69,0.0
20220923:0911,245.35,25.73,10.3,1.17,0.0
20220923:1011,289.05,29.58,11.01,0.97,0.0
20220923:1111,409.29,31.31,11.7,1.59,0.0
20220923:1211,672.2,30.68,11.83,2.07,0.0
20220923:1311,571.57,27.78,11.75,2.28,0.0
20220923:1411,455.53,22.96,12.28,2.55,0.0
20220923:1511,474.14,16.72,12.07,2.55,0.0
20220923:1611,246.37,9.53,11.44,2.34,0.0
20220923:1711,6.75,1.85,10.2,2.21,0.0
20220923:1811,0.0,0.0,9.01,2.0,0.0
20220923:1911,0.0,0.0,7.66,1.86,0.0
20220923:2011,0.0,0.0,6.52,1.79,0.0
20220923:2111,0.0,0.0,5.53,1.79,0.0
20220923:2211,0.0,0.0,4.82,1.79,0.0
20220923:2311,0.0,0.0,4.39,1.86,0.0
20220924:0011,0.0,0.0,3.97,2.0,0.0
20220924:0111,0.0,0.0,3.87,2.14,0.0
20220924:0211,0.0,0.0,3.93,2.14,0.0
20220924:0311,0.0,0.0,3.73,2.14,0.0
20220924:0411,0.0,0.0,3.53,2.21,0.0
20220924:0511,0.0,0.0,3.47,2.07,0.0
20220924:0611,30.39,5.67,3.46,2.0,0.0
20220924:0711,64.16,13.13,5.21,1.45,0.0
20220924:0811,88.64,19.86,8.35,1.66,0.0
20220924:0911,605.9,25.38,10.08,1.79,0.0
20220924:1011,731.55,29.22,11.34,1.79,0.0
20220924:1111,804.83,30.92,12.17,1.93,0.0
20220924:1211,891.02,30.28,12.47,1.93,0.0
20220924:1311,797.22,27.38,12.68,1.93,0.0
20220924:1411,674.54,22.57,12.53,2.0,0.0
20220924:1511,499.29,16.33,12.18,2.07,0.0
20220924:1611,256.33,9.15,11.45,1.79,0.0
20220924:1711,3.38,1.47,10.18,1.79,0.0
20220924:1811,0.0,0.0,8.38,1.66,0.0
20220924:1911,0.0,0.0,6.7,1.59,0.0
20220924:2011,0.0,0.0,5.59,1.52,0.0
20220924:2111,0.0,0.0,4.99,1.52,0.0
20220924:2211,0.0,0.0,4.41,1.52,0.0
20220924:2311,0.0,0.0,4.15,1.45,0.0
20220925:0011,0.0,0.0,3.81,1.31,0.0
20220925:0111,0.0,0.0,3.45,1.24,0.0
20220925:0211,0.0,0.0,3.34,1.17,0.0
20220925:0311,0.0,0.0,3.78,1.17,0.0
20220925:0411,0.0,0.0,3.42,1.31,0.0
20220925:0511,0.0,0.0,3.2,1.31,0.0
20220925:0611,23.64,5.38,3.79,1.03,0.0
20220925:0711,65.0,12.83,5.3,0.62,0.0
20220925:0811,102.15,19.54,7.17,0.69,0.0
20220925:0911,125.35,25.04,8.56,1.03,0.0
20220925:1011,101.68,28.85,9.35,1.66,0.0
20220925:1111,188.93,30.54,9.91,2.0,0.0
20220925:1211,87.15,29.88,9.88,2.21,0.0
20220925:1311,113.48,26.98,9.67,2.41,0.0
20220925:1411,115.01,22.17,9.19,2.55,0.0
20220925:1511,157.66,15.94,8.4,2.48,0.0
20220925:1611,115.82,8.76,7.61,2.28,0.0
20220925:1711,0.0,0.0,6.99,1.79,0.0
20220925:1811,0.0,0.0,6.57,1.72,0.0
20220925:1911,0.0,0.0,6.7,2.62,0.0
20220925:2011,0.0,0.0,6.92,2.76,0.0
20220925:2111,0.0,0.0,7.17,2.97,0.0
20220925:2211,0.0,0.0,7.38,2.83,0.0
20220925:2311,0.0,0.0,7.46,2.55,0.0
20220926:0011,0.0,0.0,7.72,2.9,0.0
20220926:0111,0.0,0.0,7.79,2.76,0.0
20220926:0211,0.0,0.0,7.9,2.62,0.0
20220926:0311,0.0,0.0,7.97,2.41,0.0
20220926:0411,0.0,0.0,7.93,2.14,0.0
20220926:0511,0.0,0.0,7.9,1.72,0.0
20220926:0611,27.01,5.09,8.04,1.24,0.0
20220926:0711,77.67,12.53,8.59,0.48,0.0
20220926:0811,98.77,19.22,9.01,0.62,0.0
20220926:0911,68.09,24.7,9.27,0.62,0.0
20220926:1011,102.59,28.48,10.26,0.69,0.0
20220926:1111,64.46,30.15,10.44,1.1,0.0
20220926:1211,166.48,29.48,10.64,1.1,0.0
20220926:1311,171.31,26.58,10.59,1.24,0.0
20220926:1411,357.72,21.78,10.15,1.79,0.0
20220926:1511,237.61,15.55,9.92,2.0,0.0
20220926:1611,75.58,8.38,8.86,1.86,0.0
20220926:1711,0.0,0.0,7.98,1.72,0.0
20220926:1811,0.0,0.0,7.3,1.31,0.0
20220926:1911,0.0,0.0,6.37,1.79,0.0
20220926:2011,0.0,0.0,6.03,1.52,0.0
20220926:2111,0.0,0.0,5.44,1.59,0.0
20220926:2211,0.0,0.0,4.82,1.45,0.0
20220926:2311,0.0,0.0,4.64,1.24,0.0
20220927:0011,0.0,0.0,4.12,1.31,0.0
20220927:0111,0.0,0.0,4.17,1.79,0.0
20220927:0211,0.0,0.0,4.59,1.59,0.0
20220927:0311,0.0,0.0,4.7,1.52,0.0
20220927:0411,0.0,0.0,4.83,1.45,0.0
20220927:0511,0.0,0.0,4.67,1.03,0.0
20220927:0611,6.75,4.8,5.19,0.76,0.0
20220927:0711,70.07,12.23,5.34,0.9,0.0
20220927:0811,122.41,18.9,6.83,0.9,0.0
20220927:0911,107.13,24.36,8.28,1.38,0.0
20220927:1011,349.61,28.12,9.69,2.21,0.0
20220927:1111,344.81,29.76,10.28,2.41,0.0
20220927:1211,424.23,29.09,10.49,2.07,0.0
20220927:1311,226.14,26.18,10.4,1.93,0.0
20220927:1411,135.33,21.38,9.52,0.97,0.0
20220927:1511,55.38,15.16,8.98,1.1,0.0
20220927:1611,29.96,8.0,8.51,1.59,0.0
20220927:1711,0.0,0.0,7.88,2.07,0.0
20220927:1811,0.0,0.0,7.62,2.07,0.0
20220927:1911,0.0,0.0,7.94,2.48,0.0
20220927:2011,0.0,0.0,8.2,3.03,0.0
20220927:2111,0.0,0.0,8.5,4.55,0.0
20220927:2211,0.0,0.0,8.5,4.62,0.0
20220927:2311,0.0,0.0,8.46,4.62,0.0
20220928:0011,0.0,0.0,8.55,4.69,0.0
20220928:0111,0.0,0.0,8.37,4.62,0.0
20220928:0211,0.0,0.0,8.14,4.34,0.0
20220928:0311,0.0,0.0,8.15,4.21,0.0
20220928:0411,0.0,0.0,8.16,4.14,0.0
20220928:0511,0.0,0.0,8.2,4.28,0.0
20220928:0611,14.35,4.51,8.38,4.34,0.0
20220928:0711,11.82,11.93,9.29,3.86,0.0
20220928:0811,81.89,18.58,9.84,4.14,0.0
20220928:0911,30.87,24.02,10.72,4.0,0.0
20220928:1011,65.37,27.75,10.68,5.17,0.0
20220928:1111,38.13,29.38,10.6,4.55,0.0
20220928:1211,49.02,28.69,10.6,5.17,0.0
20220928:1311,108.03,25.78,9.88,4.97,0.0
20220928:1411,77.17,20.99,9.97,3.93,0.0
20220928:1511,36.31,14.78,10.17,3.52,0.0
20220928:1611,29.05,7.62,10.1,4.41,0.0
20220928:1711,0.0,0.0,9.65,4.41,0.0
20220928:1811,0.0,0.0,9.01,4.34,0.0
20220928:1911,0.0,0.0,8.71,4.07,0.0
20220928:2011,0.0,0.0,8.31,3.93,0.0
20220928:2111,0.0,0.0,7.94,3.86,0.0
20220928:2211,0.0,0.0,7.75,3.59,0.0
20220928:2311,0.0,0.0,7.43,3.31,0.0
20220929:0011,0.0,0.0,7.01,3.03,0.0
20220929:0111,0.0,0.0,6.73,2.97,0.0
20220929:0211,0.0,0.0,6.6,3.03,0.0
20220929:0311,0.0,0.0,6.41,3.17,0.0
20220929:0411,0.0,0.0,6.05,3.17,0.0
20220929:0511,0.0,0.0,5.65,2.97,0.0
20220929:0611,14.35,4.22,5.33,2.83,0.0
20220929:0711,66.69,11.62,6.05,2.0,0.0
20220929:0811,83.58,18.26,7.82,2.69,0.0
20220929:0911,591.34,23.67,8.87,3.17,0.0
20220929:1011,747.16,27.38,9.93,3.1,0.0
20220929:1111,690.05,28.99,10.7,2.97,0.0
20220929:1211,299.74,28.29,11.21,2.69,0.0
20220929:1311,260.84,25.38,11.28,2.28,0.0
20220929:1411,299.24,20.6,11.25,1.72,0.0
20220929:1511,366.64,14.39,11.06,0.76,0.0
20220929:1611,167.42,7.24,10.53,0.55,0.0
20220929:1711,0.0,0.0,9.09,0.62,0.0
20220929:1811,0.0,0.0,8.12,0.83,0.0
20220929:1911,0.0,0.0,7.91,0.07,0.0
20220929:2011,0.0,0.0,7.19,0.76,0.0
20220929:2111,0.0,0.0,6.6,0.97,0.0
20220929:2211,0.0,0.0,4.52,1.31,0.0
20220929:2311,0.0,0.0,3.03,1.24,0.0
20220930:0011,0.0,0.0,2.43,1.03,0.0
20220930:0111,0.0,0.0,2.33,0.97,0.0
20220930:0211,0.0,0.0,2.32,1.03,0.0
20220930:0311,0.0,0.0,2.11,1.17,0.0
20220930:0411,0.0,0.0,1.57,1.31,0.0
20220930:0511,0.0,0.0,1.12,1.38,0.0
20220930:0611,19.42,3.93,0.75,1.38,0.0
20220930:0711,56.56,11.32,2.33,1.17,0.0
20220930:0811,79.36,17.94,5.74,1.24,0.0
20220930:0911,396.92,23.33,7.44,2.76,0.0
20220930:1011,106.22,27.01,8.52,4.21,0.0
20220930:1111,53.56,28.6,9.2,4.62,0.0
20220930:1211,62.64,27.9,9.46,4.83,0.0
20220930:1311,78.07,24.98,9.32,4.83,0.0
20220930:1411,41.76,20.2,8.84,4.55,0.0
20220930:1511,39.04,14.01,8.17,4.34,0.0
20220930:1611,102.76,6.86,7.56,3.66,0.0
20220930:1711,0.0,0.0,7.13,3.45,0.0
20220930:1811,0.0,0.0,7.05,3.03,0.0
20220930:1911,0.0,0.0,7.08,3.72,0.0
20220930:2011,0.0,0.0,6.89,3.66,0.0
20220930:2111,0.0,0.0,6.8,3.79,0.0
20220930:2211,0.0,0.0,6.85,3.52,0.0
20220930:2311,0.0,0.0,7.0,3.1,0.0
20221001:0011,0.0,0.0,7.26,2.76,0.0
20221001:0111,0.0,0.0,7.33,2.9,0.0
20221001:0211,0.0,0.0,7.82,3.31,0.0
20221001:0311,0.0,0.0,8.06,3.45,0.0
20221001:0411,0.0,0.0,8.2,3.59,0.0
20221001:0511,0.0,0.0,8.46,2.9,0.0
20221001:0611,15.2,3.63,8.49,1.17,0.0
20221001:0711,65.85,11.02,8.75,0.9,0.0
20221001:0811,114.81,17.62,9.13,1.1,0.0
20221001:0911,485.81,22.98,9.69,0.76,0.0
20221001:1011,441.78,26.65,10.55,0.97,0.0
20221001:1111,273.76,28.22,11.19,1.1,0.0
20221001:1211,534.04,27.5,11.65,1.59,0.0
20221001:1311,640.73,24.59,11.53,2.0,0.0
20221001:1411,550.06,19.81,11.49,2.14,0.0
20221001:1511,195.85,13.62,10.89,2.21,0.0
20221001:1611,21.79,6.48,10.27,1.86,0.0
20221001:1711,0.0,0.0,9.0,1.38,0.0
20221001:1811,0.0,0.0,7.47,1.03,0.0
20221001:1911,0.0,0.0,6.42,1.45,0.0
20221001:2011,0.0,0.0,6.15,1.31,0.0
20221001:2111,0.0,0.0,6.03,1.24,0.0
20221001:2211,0.0,0.0,6.02,1.17,0.0
20221001:2311,0.0,0.0,5.83,1.17,0.0
20221002:0011,0.0,0.0,5.27,1.31,0.0
20221002:0111,0.0,0.0,5.2,1.31,0.0
20221002:0211,0.0,0.0,5.23,1.24,0.0
20221002:0311,0.0,0.0,5.24,1.24,0.0
20221002:0411,0.0,0.0,4.98,1.24,0.0
20221002:0511,0.0,0.0,4.89,1.31,0.0
20221002:0611,16.04,3.34,4.78,1.45,0.0
20221002:0711,48.96,10.71,5.73,1.38,0.0
20221002:0811,107.21,17.3,8.3,2.83,0.0
20221002:0911,86.25,22.64,9.27,3.1,0.0
20221002:1011,534.79,26.28,10.1,3.45,0.0
20221002:1111,451.24,27.83,10.63,3.24,0.0
20221002:1211,288.83,27.11,10.62,3.38,0.0
20221002:1311,419.73,24.19,10.41,3.24,0.0
20221002:1411,223.61,19.42,10.07,3.17,0.0
20221002:1511,166.08,13.24,9.7,3.1,0.0
20221002:1611,73.3,6.11,9.14,3.17,0.0
20221002:1711,0.0,0.0,8.27,2.9,0.0
20221002:1811,0.0,0.0,8.0,3.03,0.0
20221002:1911,0.0,0.0,7.81,2.9,0.0
20221002:2011,0.0,0.0,7.59,2.55,0.0
20221002:2111,0.0,0.0,7.47,2.0,0.0
20221002:2211,0.0,0.0,7.49,1.66,0.0
20221002:2311,0.0,0.0,7.46,1.66,0.0
20221003:0011,0.0,0.0,7.54,1.59,0.0
20221003:0111,0.0,0.0,7.6,2.0,0.0
20221003:0211,0.0,0.0,7.74,2.55,0.0
20221003:0311,0.0,0.0,7.66,2.69,0.0
20221003:0411,0.0,0.0,7.52,2.69,0.0
20221003:0511,0.0,0.0,7.35,2.48,0.0
20221003:0611,14.35,3.05,7.2,2.28,0.0
20221003:0711,61.63,10.41,7.71,2.0,0.0
20221003:0811,108.06,16.97,8.59,2.62,0.0
20221003:0911,453.6,22.29,9.39,2.9,0.0
20221003:1011,267.82,25.91,10.12,3.17,0.0
20221003:1111,280.04,27.45,10.83,3.45,0.0
20221003:1211,705.27,26.71,11.38,3.59,0.0
20221003:1311,775.48,23.8,11.53,3.66,0.0
20221003:1411,540.35,19.03,11.53,3.45,0.0
20221003:1511,299.8,12.86,11.06,2.69,0.0
20221003:1611,51.09,5.73,10.13,1.72,0.0
20221003:1711,0.0,0.0,8.91,1.24,0.0
20221003:1811,0.0,0.0,7.67,0.83,0.0
20221003:1911,0.0,0.0,7.92,0.48,0.0
20221003:2011,0.0,0.0,7.5,0.34,0.0
20221003:2111,0.0,0.0,7.4,0.41,0.0
20221003:2211,0.0,0.0,7.1,0.69,0.0
20221003:2311,0.0,0.0,6.22,0.9,0.0
20221004:0011,0.0,0.0,6.1,0.9,0.0
20221004:0111,0.0,0.0,6.35,0.83,0.0
20221004:0211,0.0,0.0,6.88,0.83,0.0
20221004:0311,0.0,0.0,7.26,1.03,0.0
20221004:0411,0.0,0.0,7.75,1.17,0.0
20221004:0511,0.0,0.0,8.1,1.38,0.0
20221004:0611,5.07,2.75,8.35,1.66,0.0
20221004:0711,16.88,10.1,8.62,1.72,0.0
20221004:0811,101.31,16.65,9.24,2.76,0.0
20221004:0911,45.39,21.95,10.1,3.45,0.0
20221004:1011,59.01,25.54,10.57,4.14,0.0
20221004:1111,78.98,27.06,10.85,4.21,0.0
20221004:1211,88.06,26.32,11.06,4.76,0.0
20221004:1311,43.58,23.4,10.83,3.52,0.0
20221004:1411,78.98,18.64,10.81,3.72,0.0
20221004:1511,25.42,12.48,10.77,3.31,0.0
20221004:1611,10.89,5.36,10.73,3.38,0.0
20221004:1711,0.0,0.0,10.57,3.52,0.0
20221004:1811,0.0,0.0,10.47,3.52,0.0
20221004:1911,0.0,0.0,10.7,2.97,0.0
20221004:2011,0.0,0.0,10.73,3.1,0.0
20221004:2111,0.0,0.0,10.91,2.9,0.0
20221004:2211,0.0,0.0,10.98,2.34,0.0
20221004:2311,0.0,0.0,10.95,1.79,0.0
20221005:0011,0.0,0.0,10.76,1.17,0.0
20221005:0111,0.0,0.0,10.68,0.9,0.0
20221005:0211,0.0,0.0,10.48,1.03,0.0
20221005:0311,0.0,0.0,10.31,0.97,0.0
20221005:0411,0.0,0.0,10.15,1.38,0.0
20221005:0511,0.0,0.0,10.18,1.86,0.0
20221005:0611,1.69,2.46,10.47,2.55,0.0
20221005:0711,17.73,9.8,10.73,1.86,0.0
20221005:0811,21.95,16.33,11.33,2.83,0.0
20221005:0911,48.12,21.6,11.61,3.31,0.0
20221005:1011,63.55,25.18,11.8,3.24,0.0
20221005:1111,34.5,26.68,11.78,4.21,0.0
20221005:1211,41.76,25.93,12.03,3.24,0.0
20221005:1311,39.95,23.01,11.86,2.48,0.0
20221005:1411,32.68,18.26,11.88,3.86,0.0
20221005:1511,43.58,12.1,11.49,4.07,0.0
20221005:1611,14.53,4.98,10.5,2.34,0.0
20221005:1711,0.0,0.0,9.49,2.28,0.0
20221005:1811,0.0,0.0,8.63,2.62,0.0
20221005:1911,0.0,0.0,8.48,2.9,0.0
20221005:2011,0.0,0.0,8.02,2.55,0.0
20221005:2111,0.0,0.0,7.62,2.28,0.0
20221005:2211,0.0,0.0,6.89,2.34,0.0
20221005:2311,0.0,0.0,6.54,1.93,0.0
20221006:0011,0.0,0.0,6.68,1.66,0.0
20221006:0111,0.0,0.0,6.94,2.34,0.0
20221006:0211,0.0,0.0,7.09,2.28,0.0
20221006:0311,0.0,0.0,6.89,2.83,0.0
20221006:0411,0.0,0.0,6.76,3.24,0.0
20221006:0511,0.0,0.0,6.51,3.38,0.0
20221006:0611,1.69,2.17,6.67,2.83,0.0
20221006:0711,56.56,9.49,7.32,3.24,0.0
20221006:0811,55.72,16.0,8.12,2.62,0.0
20221006:0911,85.34,21.26,8.12,3.45,0.0
20221006:1011,32.68,24.81,8.71,3.17,0.0
20221006:1111,34.5,26.29,8.74,4.55,0.0
20221006:1211,49.93,25.53,8.61,5.17,0.0
20221006:1311,29.05,22.62,8.67,5.59,0.0
20221006:1411,29.05,17.87,8.75,3.79,0.0
20221006:1511,43.58,11.72,8.55,3.38,0.0
20221006:1611,34.44,4.61,8.11,5.03,0.0
20221006:1711,0.0,0.0,7.68,3.66,0.0
20221006:1811,0.0,0.0,7.97,3.66,0.0
20221006:1911,0.0,0.0,8.63,4.62,0.0
20221006:2011,0.0,0.0,8.66,3.66,0.0
20221006:2111,0.0,0.0,8.56,3.17,0.0
20221006:2211,0.0,0.0,8.4,2.97,0.0
20221006:2311,0.0,0.0,8.36,2.69,0.0
20221007:0011,0.0,0.0,8.8,2.83,0.0
20221007:0111,0.0,0.0,8.96,2.9,0.0
20221007:0211,0.0,0.0,9.3,3.17,0.0
20221007:0311,0.0,0.0,9.9,3.66,0.0
20221007:0411,0.0,0.0,9.93,5.45,0.0
20221007:0511,0.0,0.0,9.82,5.38,0.0
20221007:0611,0.84,1.87,9.61,6.0,0.0
20221007:0711,11.82,9.19,9.5,5.24,0.0
20221007:0811,78.51,15.68,9.29,4.97,0.0
20221007:0911,31.77,20.91,9.52,5.1,0.0
20221007:1011,59.92,24.45,9.5,5.31,0.0
20221007:1111,36.31,25.91,9.3,5.45,0.0
20221007:1211,38.13,25.14,9.13,4.97,0.0
20221007:1311,89.88,22.23,9.08,2.97,0.0
20221007:1411,39.04,17.49,8.72,2.83,0.0
20221007:1511,28.14,11.35,8.1,2.48,0.0
20221007:1611,13.62,4.25,7.84,2.69,0.0
20221007:1711,0.0,0.0,7.28,2.62,0.0
20221007:1811,0.0,0.0,6.75,2.62,0.0
20221007:1911,0.0,0.0,6.39,1.17,0.0
20221007:2011,0.0,0.0,5.97,2.0,0.0
20221007:2111,0.0,0.0,5.56,1.66,0.0
20221007:2211,0.0,0.0,5.09,1.31,0.0
20221007:2311,0.0,0.0,4.69,1.45,0.0
20221008:0011,0.0,0.0,4.58,1.45,0.0
20221008:0111,0.0,0.0,4.79,1.17,0.0
20221008:0211,0.0,0.0,4.54,1.24,0.0
20221008:0311,0.0,0.0,4.89,1.52,0.0
20221008:0411,0.0,0.0,4.62,1.17,0.0
20221008:0511,0.0,0.0,4.6,1.38,0.0
20221008:0611,0.84,1.58,4.57,1.31,0.0
20221008:0711,50.65,8.88,4.37,1.31,0.0
20221008:0811,99.62,15.36,5.84,2.34,0.0
20221008:0911,510.44,20.57,6.68,3.03,0.0
20221008:1011,629.24,24.08,7.13,3.24,0.0
20221008:1111,339.42,25.53,7.57,3.66,0.0
20221008:1211,554.42,24.76,8.17,3.79,0.0
20221008:1311,500.65,21.84,8.29,3.86,0.0
20221008:1411,233.23,17.11,8.09,3.79,0.0
20221008:1511,166.14,10.97,7.3,3.45,0.0
20221008:1611,46.93,3.88,6.48,2.83,0.0
20221008:1711,0.0,0.0,5.32,2.55,0.0
20221008:1811,0.0,0.0,4.59,2.21,0.0
20221008:1911,0.0,0.0,4.18,1.79,0.0
20221008:2011,0.0,0.0,3.39,1.45,0.0
20221008:2111,0.0,0.0,4.12,0.97,0.0
20221008:2211,0.0,0.0,4.35,0.55,0.0
20221008:2311,0.0,0.0,4.59,0.48,0.0
20221009:0011,0.0,0.0,4.88,0.62,0.0
20221009:0111,0.0,0.0,5.17,0.97,0.0
20221009:0211,0.0,0.0,4.49,1.24,0.0
20221009:0311,0.0,0.0,4.42,1.52,0.0
20221009:0411,0.0,0.0,4.91,1.45,0.0
20221009:0511,0.0,0.0,4.8,1.52,0.0
20221009:0611,0.0,0.0,4.43,1.52,0.0
20221009:0711,28.7,8.57,4.57,1.72,0.0
20221009:0811,75.13,15.03,7.34,2.41,0.0
20221009:0911,69.9,20.22,8.27,3.45,0.0
20221009:1011,95.32,23.72,8.66,4.21,0.0
20221009:1111,57.19,25.15,9.42,4.83,0.0
20221009:1211,87.15,24.37,9.48,4.97,0.0
20221009:1311,139.23,21.46,9.71,4.83,0.0
20221009:1411,41.76,16.73,9.33,3.72,0.0
20221009:1511,153.18,10.6,9.03,3.45,0.0
20221009:1611,10.89,3.52,8.61,3.24,0.0
20221009:1711,0.0,0.0,7.92,3.1,0.0
20221009:1811,0.0,0.0,7.77,3.17,0.0
20221009:1911,0.0,0.0,8.08,3.38,0.0
20221009:2011,0.0,0.0,7.92,3.24,0.0
20221009:2111,0.0,0.0,8.03,4.0,0.0
20221009:2211,0.0,0.0,7.96,4.83,0.0
20221009:2311,0.0,0.0,7.8,4.97,0.0
20221010:0011,0.0,0.0,7.71,4.83,0.0
20221010:0111,0.0,0.0,7.77,4.07,0.0
20221010:0211,0.0,0.0,7.93,4.0,0.0
20221010:0311,0.0,0.0,8.04,4.62,0.0
20221010:0411,0.0,0.0,8.1,4.69,0.0
20221010:0511,0.0,0.0,8.3,4.83,0.0
20221010:0611,0.0,0.0,8.25,4.83,0.0
20221010:0711,18.57,8.27,8.55,4.21,0.0
20221010:0811,37.99,14.71,8.66,4.55,0.0
20221010:0911,38.13,19.88,8.15,3.72,0.0
20221010:1011,96.23,23.35,7.97,2.48,0.0
20221010:1111,132.29,24.77,7.56,2.41,0.0
20221010:1211,59.92,23.98,7.84,2.41,0.0
20221010:1311,50.84,21.08,8.01,2.41,0.0
20221010:1411,318.79,16.35,7.85,2.69,0.0
20221010:1511,365.55,10.23,7.03,2.83,0.0
20221010:1611,10.13,3.15,6.29,2.9,0.0
20221010:1711,0.0,0.0,5.27,2.69,0.0
20221010:1811,0.0,0.0,5.27,2.34,0.0
20221010:1911,0.0,0.0,4.89,2.9,0.0
20221010:2011,0.0,0.0,5.33,2.28,0.0
20221010:2111,0.0,0.0,5.13,3.66,0.0
20221010:2211,0.0,0.0,4.77,3.24,0.0
20221010:2311,0.0,0.0,4.56,3.38,0.0
20221011:0011,0.0,0.0,4.3,3.52,0.0
20221011:0111,0.0,0.0,3.98,3.45,0.0
20221011:0211,0.0,0.0,3.89,3.45,0.0
20221011:0311,0.0,0.0,3.66,3.38,0.0
20221011:0411,0.0,0.0,3.8,3.52,0.0
20221011:0511,0.0,0.0,3.57,3.38,0.0
20221011:0611,0.0,0.0,3.68,3.45,0.0
20221011:0711,47.28,7.96,4.24,3.17,0.0
20221011:0811,90.33,14.38,5.04,3.17,0.0
20221011:0911,176.17,19.54,5.75,3.79,0.0
20221011:1011,303.39,22.99,6.33,4.0,0.0
20221011:1111,0.0,0.0,6.61,4.14,0.0
20221011:1211,359.62,23.6,6.68,4.0,0.0
20221011:1311,290.92,20.69,6.94,4.14,0.0
20221011:1411,264.77,15.98,6.89,3.86,0.0
20221011:1511,88.61,9.87,6.6,2.76,0.0
20221011:1611,13.51,2.79,6.09,2.48,0.0
20221011:1711,0.0,0.0,5.38,1.93,0.0
20221011:1811,0.0,0.0,4.9,1.52,0.0
20221011:1911,0.0,0.0,4.98,1.31,0.0
20221011:2011,0.0,0.0,4.86,0.97,0.0
20221011:2111,0.0,0.0,5.33,0.69,0.0
20221011:2211,0.0,0.0,5.34,0.41,0.0
20221011:2311,0.0,0.0,5.32,0.34,0.0
20221012:0011,0.0,0.0,5.48,0.41,0.0
20221012:0111,0.0,0.0,5.53,0.76,0.0
20221012:0211,0.0,0.0,5.28,0.9,0.0
20221012:0311,0.0,0.0,5.62,0.97,0.0
20221012:0411,0.0,0.0,6.1,1.1,0.0
20221012:0511,0.0,0.0,6.47,1.24,0.0
20221012:0611,0.0,0.0,6.69,1.52,0.0
20221012:0711,33.77,7.65,6.64,1.45,0.0
20221012:0811,38.83,14.06,7.26,1.93,0.0
20221012:0911,32.92,19.19,7.61,2.9,0.0
20221012:1011,65.37,22.63,8.1,3.38,0.0
20221012:1111,0.0,0.0,8.74,3.59,0.0
20221012:1211,85.34,23.22,8.96,3.86,0.0
20221012:1311,44.48,20.31,8.84,3.38,0.0
20221012:1411,19.06,15.6,8.2,3.38,0.0
20221012:1511,26.33,9.5,7.98,3.24,0.0
20221012:1611,1.69,2.44,7.6,2.62,0.0
20221012:1711,0.0,0.0,7.48,2.41,0.0
20221012:1811,0.0,0.0,7.72,2.55,0.0
20221012:1911,0.0,0.0,7.71,3.24,0.0
20221012:2011,0.0,0.0,7.74,3.03,0.0
20221012:2111,0.0,0.0,7.82,3.1,0.0
20221012:2211,0.0,0.0,7.88,3.03,0.0
20221012:2311,0.0,0.0,7.95,2.14,0.0
20221013:0011,0.0,0.0,8.17,2.28,0.0
20221013:0111,0.0,0.0,8.05,2.07,0.0
20221013:0211,0.0,0.0,8.01,1.52,0.0
20221013:0311,0.0,0.0,8.05,1.31,0.0
20221013:0411,0.0,0.0,7.98,0.9,0.0
20221013:0511,0.0,0.0,7.99,0.9,0.0
20221013:0611,0.0,0.0,7.99,0.76,0.0
20221013:0711,42.21,7.35,7.84,0.76,0.0
20221013:0811,87.8,13.74,7.82,1.1,0.0
20221013:0911,101.31,18.85,8.18,1.66,0.0
20221013:1011,494.15,22.27,8.33,2.48,0.0
20221013:1111,446.29,23.65,8.8,2.69,0.0
20221013:1211,217.19,22.84,9.2,2.34,0.0
20221013:1311,461.49,19.94,9.24,2.21,0.0
20221013:1411,550.06,15.23,8.94,2.14,0.0
20221013:1511,302.29,9.14,8.45,1.93,0.0
20221013:1611,7.6,2.08,7.34,1.66,0.0
20221013:1711,0.0,0.0,5.63,1.59,0.0
20221013:1811,0.0,0.0,4.03,1.38,0.0
20221013:1911,0.0,0.0,3.0,1.52,0.0
20221013:2011,0.0,0.0,3.48,1.1,0.0
20221013:2111,0.0,0.0,3.24,1.1,0.0
20221013:2211,0.0,0.0,2.92,1.17,0.0
20221013:2311,0.0,0.0,1.73,1.1,0.0
20221014:0011,0.0,0.0,0.22,1.1,0.0
20221014:0111,0.0,0.0,-0.02,0.97,0.0
20221014:0211,0.0,0.0,0.53,1.1,0.0
20221014:0311,0.0,0.0,0.79,1.24,0.0
20221014:0411,0.0,0.0,1.66,1.17,0.0
20221014:0511,0.0,0.0,2.63,1.31,0.0
20221014:0611,0.0,0.0,2.84,1.38,0.0
20221014:0711,40.52,7.04,2.43,1.52,0.0
20221014:0811,79.36,13.42,4.12,1.38,0.0
20221014:0911,30.39,18.51,5.99,1.66,0.0
20221014:1011,45.39,21.91,7.17,3.31,0.0
20221014:1111,49.02,23.27,7.21,3.38,0.0
20221014:1211,34.5,22.46,7.49,3.1,0.0
20221014:1311,25.42,19.56,7.46,2.34,0.0
20221014:1411,62.64,14.87,7.68,2.34,0.0
20221014:1511,25.42,8.78,7.69,2.21,0.0
20221014:1611,4.22,1.73,7.23,1.79,0.0
20221014:1711,0.0,0.0,7.01,1.66,0.0
20221014:1811,0.0,0.0,6.7,1.59,0.0
20221014:1911,0.0,0.0,7.47,2.07,0.0
20221014:2011,0.0,0.0,7.67,2.55,0.0
20221014:2111,0.0,0.0,7.99,2.9,0.0
20221014:2211,0.0,0.0,8.06,3.03,0.0
20221014:2311,0.0,0.0,7.82,3.17,0.0
20221015:0011,0.0,0.0,7.49,2.97,0.0
20221015:0111,0.0,0.0,6.49,2.69,0.0
20221015:0211,0.0,0.0,5.83,1.86,0.0
20221015:0311,0.0,0.0,4.89,1.66,0.0
20221015:0411,0.0,0.0,4.38,1.31,0.0
20221015:0511,0.0,0.0,4.04,1.1,0.0
20221015:0611,0.0,0.0,3.69,0.9,0.0
20221015:0711,37.99,6.74,4.06,0.69,0.0
20221015:0811,79.36,13.09,4.42,1.1,0.0
20221015:0911,119.03,18.17,5.57,0.55,0.0
20221015:1011,130.24,21.55,6.49,1.45,0.0
20221015:1111,93.51,22.9,7.38,2.0,0.0
20221015:1211,64.46,22.09,7.53,3.45,0.0
20221015:1311,49.02,19.19,7.12,3.38,0.0
20221015:1411,45.39,14.5,6.39,3.31,0.0
20221015:1511,11.8,8.43,4.24,3.45,0.0
20221015:1611,0.84,1.38,3.41,2.9,0.0
20221015:1711,0.0,0.0,4.45,2.69,0.0
20221015:1811,0.0,0.0,5.68,2.14,0.0
20221015:1911,0.0,0.0,6.42,1.79,0.0
20221015:2011,0.0,0.0,6.81,2.0,0.0
20221015:2111,0.0,0.0,6.65,1.66,0.0
20221015:2211,0.0,0.0,6.45,1.79,0.0
20221015:2311,0.0,0.0,6.03,2.14,0.0
20221016:0011,0.0,0.0,5.39,1.79,0.0
20221016:0111,0.0,0.0,5.71,1.79,0.0
20221016:0211,0.0,0.0,6.02,1.79,0.0
20221016:0311,0.0,0.0,6.31,2.0,0.0
20221016:0411,0.0,0.0,6.21,2.62,0.0
20221016:0511,0.0,0.0,6.32,2.55,0.0
20221016:0611,0.0,0.0,6.52,2.69,0.0
20221016:0711,6.75,6.43,6.78,2.83,0.0
20221016:0811,26.17,12.77,6.52,3.79,0.0
20221016:0911,30.39,17.83,6.42,3.66,0.0
20221016:1011,96.23,21.19,5.95,3.45,0.0
20221016:1111,58.1,22.53,6.81,2.41,0.0
20221016:1211,57.19,21.71,6.52,2.9,0.0
20221016:1311,47.21,18.82,6.47,3.45,0.0
20221016:1411,38.13,14.14,6.25,2.34,0.0
20221016:1511,165.12,8.07,6.17,2.76,0.0
20221016:1611,0.0,0.0,5.81,2.41,0.0
20221016:1711,0.0,0.0,5.79,2.41,0.0
20221016:1811,0.0,0.0,5.66,2.62,0.0
20221016:1911,0.0,0.0,5.48,2.83,0.0
20221016:2011,0.0,0.0,5.06,2.34,0.0
20221016:2111,0.0,0.0,5.2,2.0,0.0
20221016:2211,0.0,0.0,4.67,1.66,0.0
20221016:2311,0.0,0.0,4.84,1.1,0.0
20221017:0011,0.0,0.0,5.49,0.83,0.0
20221017:0111,0.0,0.0,5.11,0.9,0.0
20221017:0211,0.0,0.0,5.51,0.41,0.0
20221017:0311,0.0,0.0,5.39,0.76,0.0
20221017:0411,0.0,0.0,5.02,0.9,0.0
20221017:0511,0.0,0.0,3.79,1.24,0.0
20221017:0611,0.0,0.0,2.87,1.59,0.0
20221017:0711,7.6,6.13,4.04,1.66,0.0
20221017:0811,32.08,12.45,5.18,1.38,0.0
20221017:0911,28.7,17.49,5.76,2.83,0.0
20221017:1011,52.66,20.83,6.08,3.72,0.0
20221017:1111,42.67,22.17,5.94,4.34,0.0
20221017:1211,33.59,21.34,5.87,4.21,0.0
20221017:1311,23.6,18.45,5.94,3.72,0.0
20221017:1411,16.34,13.78,5.7,3.45,0.0
20221017:1511,8.17,7.72,5.67,2.76,0.0
20221017:1611,0.0,0.0,5.79,1.72,0.0
20221017:1711,0.0,0.0,5.71,1.17,0.0
20221017:1811,0.0,0.0,5.36,1.1,0.0
20221017:1911,0.0,0.0,4.94,1.03,0.0
20221017:2011,0.0,0.0,4.88,1.1,0.0
20221017:2111,0.0,0.0,4.81,1.31,0.0
20221017:2211,0.0,0.0,5.28,1.86,0.0
20221017:2311,0.0,0.0,5.92,1.79,0.0
20221018:0011,0.0,0.0,6.42,1.79,0.0
20221018:0111,0.0,0.0,6.92,1.86,0.0
20221018:0211,0.0,0.0,7.12,1.79,0.0
20221018:0311,0.0,0.0,7.23,1.86,0.0
20221018:0411,0.0,0.0,7.5,1.72,0.0
20221018:0511,0.0,0.0,7.61,1.38,0.0
20221018:0611,0.0,0.0,7.57,1.31,0.0
20221018:0711,17.73,5.82,7.55,1.52,0.0
20221018:0811,44.74,12.13,7.91,2.34,0.0
20221018:0911,75.13,17.15,8.34,2.97,0.0
20221018:1011,561.3,20.48,8.89,2.76,0.0
20221018:1111,429.11,21.8,9.19,2.97,0.0
20221018:1211,554.68,20.97,9.64,2.97,0.0
20221018:1311,293.21,18.09,9.78,2.83,0.0
20221018:1411,45.39,13.42,9.45,2.76,0.0
20221018:1511,127.3,7.38,8.63,2.9,0.0
20221018:1611,0.0,0.0,7.39,2.48,0.0
20221018:1711,0.0,0.0,6.27,2.21,0.0
20221018:1811,0.0,0.0,5.12,2.07,0.0
20221018:1911,0.0,0.0,4.42,1.86,0.0
20221018:2011,0.0,0.0,3.42,1.72,0.0
20221018:2111,0.0,0.0,2.74,1.72,0.0
20221018:2211,0.0,0.0,2.49,1.66,0.0
20221018:2311,0.0,0.0,2.29,1.52,0.0
20221019:0011,0.0,0.0,2.25,1.52,0.0
20221019:0111,0.0,0.0,2.26,1.66,0.0
20221019:0211,0.0,0.0,2.54,1.86,0.0
20221019:0311,0.0,0.0,2.35,1.59,0.0
20221019:0411,0.0,0.0,2.27,1.59,0.0
20221019:0511,0.0,0.0,2.11,1.38,0.0
20221019:0611,0.0,0.0,2.35,1.17,0.0
20221019:0711,31.24,5.52,2.25,1.1,0.0
20221019:0811,63.32,11.81,3.75,1.24,0.0
20221019:0911,58.25,16.81,4.67,1.1,0.0
20221019:1011,115.22,20.13,5.57,0.55,0.0
20221019:1111,223.23,21.44,6.42,1.03,0.0
20221019:1211,235.16,20.61,6.93,0.97,0.0
20221019:1311,440.39,17.72,7.08,0.83,0.0
20221019:1411,129.99,13.07,7.04,0.9,0.0
20221019:1511,204.12,7.03,6.59,0.83,0.0
20221019:1611,0.0,0.0,5.71,0.48,0.0
20221019:1711,0.0,0.0,4.89,0.41,0.0
20221019:1811,0.0,0.0,4.12,0.34,0.0
20221019:1911,0.0,0.0,4.13,0.41,0.0
20221019:2011,0.0,0.0,2.62,1.03,0.0
20221019:2111,0.0,0.0,-0.18,1.45,0.0
20221019:2211,0.0,0.0,0.01,1.1,0.0
20221019:2311,0.0,0.0,0.85,1.1,0.0
20221020:0011,0.0,0.0,1.46,1.1,0.0
20221020:0111,0.0,0.0,1.77,1.24,0.0
20221020:0211,0.0,0.0,1.98,1.03,0.0
20221020:0311,0.0,0.0,1.78,0.9,0.0
20221020:0411,0.0,0.0,1.74,0.97,0.0
20221020:0511,0.0,0.0,1.66,1.17,0.0
20221020:0611,0.0,0.0,1.48,1.1,0.0
20221020:0711,13.51,5.22,1.58,1.17,0.0
20221020:0811,38.83,11.49,2.15,1.24,0.0
20221020:0911,54.87,16.48,3.68,1.24,0.0
20221020:1011,253.04,19.78,5.49,1.66,0.0
20221020:1111,267.85,21.08,6.23,2.48,0.0
20221020:1211,322.41,20.25,6.65,2.69,0.0
20221020:1311,440.08,17.37,6.73,2.9,0.0
20221020:1411,132.2,12.72,6.41,2.97,0.0
20221020:1511,81.27,6.69,5.81,3.03,0.0
20221020:1611,0.0,0.0,5.15,3.17,0.0
20221020:1711,0.0,0.0,4.38,3.59,0.0
20221020:1811,0.0,0.0,4.12,3.86,0.0
20221020:1911,0.0,0.0,3.67,4.0,0.0
20221020:2011,0.0,0.0,3.75,4.28,0.0
20221020:2111,0.0,0.0,3.81,4.28,0.0
20221020:2211,0.0,0.0,3.92,4.48,0.0
20221020:2311,0.0,0.0,4.2,4.69,0.0
20221021:0011,0.0,0.0,4.34,4.55,0.0
20221021:0111,0.0,0.0,4.41,4.55,0.0
20221021:0211,0.0,0.0,4.4,4.76,0.0
20221021:0311,0.0,0.0,4.42,4.83,0.0
20221021:0411,0.0,0.0,4.3,4.83,0.0
20221021:0511,0.0,0.0,3.87,4.83,0.0
20221021:0611,0.0,0.0,3.59,4.76,0.0
20221021:0711,27.01,4.91,3.85,4.62,0.0
20221021:0811,64.16,11.18,3.81,4.69,0.0
20221021:0911,57.41,16.15,4.25,4.14,0.0
20221021:1011,41.76,19.43,4.83,4.14,0.0
20221021:1111,32.68,20.72,5.47,4.69,0.0
20221021:1211,41.76,19.89,5.72,4.34,0.0
20221021:1311,29.96,17.01,5.77,4.34,0.0
20221021:1411,14.53,12.37,5.55,4.0,0.0
20221021:1511,15.43,6.36,5.16,3.59,0.0
20221021:1611,0.0,0.0,4.66,3.66,0.0
20221021:1711,0.0,0.0,4.33,3.38,0.0
20221021:1811,0.0,0.0,4.26,3.45,0.0
20221021:1911,0.0,0.0,4.7,3.24,0.0
20221021:2011,0.0,0.0,4.68,3.31,0.0
20221021:2111,0.0,0.0,4.61,3.24,0.0
20221021:2211,0.0,0.0,4.52,3.24,0.0
20221021:2311,0.0,0.0,4.44,2.97,0.0
20221022:0011,0.0,0.0,4.22,2.76,0.0
20221022:0111,0.0,0.0,4.42,2.48,0.0
20221022:0211,0.0,0.0,4.65,2.21,0.0
20221022:0311,0.0,0.0,4.9,2.0,0.0
20221022:0411,0.0,0.0,4.96,1.86,0.0
20221022:0511,0.0,0.0,5.08,1.72,0.0
20221022:0611,0.0,0.0,5.17,1.66,0.0
20221022:0711,13.51,4.61,5.08,1.52,0.0
20221022:0811,39.68,10.86,5.48,1.59,0.0
20221022:0911,27.86,15.81,6.21,1.38,0.0
20221022:1011,24.51,19.08,6.95,1.45,0.0
20221022:1111,54.47,20.37,7.48,1.45,0.0
20221022:1211,51.75,19.53,8.16,1.72,0.0
20221022:1311,32.68,16.66,8.63,1.45,0.0
20221022:1411,78.38,12.03,8.66,1.24,0.0
20221022:1511,21.79,6.02,8.22,1.1,0.0
20221022:1611,0.0,0.0,7.38,1.31,0.0
20221022:1711,0.0,0.0,6.96,1.17,0.0
20221022:1811,0.0,0.0,6.36,1.38,0.0
20221022:1911,0.0,0.0,6.73,1.24,0.0
20221022:2011,0.0,0.0,6.98,1.17,0.0
20221022:2111,0.0,0.0,7.09,1.17,0.0
20221022:2211,0.0,0.0,7.09,1.17,0.0
20221022:2311,0.0,0.0,7.1,1.03,0.0
20221023:0011,0.0,0.0,7.07,0.9,0.0
20221023:0111,0.0,0.0,7.06,0.76,0.0
20221023:0211,0.0,0.0,7.06,0.62,0.0
20221023:0311,0.0,0.0,7.07,0.62,0.0
20221023:0411,0.0,0.0,7.1,0.62,0.0
20221023:0511,0.0,0.0,7.15,0.62,0.0
20221023:0611,0.0,0.0,7.26,0.76,0.0
20221023:0711,15.2,4.31,7.2,0.83,0.0
20221023:0811,42.21,10.55,7.58,0.76,0.0
20221023:0911,39.68,15.48,8.77,1.45,0.0
20221023:1011,45.39,18.74,9.34,1.24,0.0
20221023:1111,68.09,20.01,9.96,1.79,0.0
20221023:1211,54.47,19.17,10.35,1.93,0.0
20221023:1311,40.85,16.31,10.58,1.59,0.0
20221023:1411,49.93,11.69,10.42,1.52,0.0
20221023:1511,21.79,5.7,9.69,1.24,0.0
20221023:1611,0.0,0.0,8.66,1.1,0.0
20221023:1711,0.0,0.0,7.59,1.31,0.0
20221023:1811,0.0,0.0,6.48,1.52,0.0
20221023:1911,0.0,0.0,7.64,1.59,0.0
20221023:2011,0.0,0.0,7.61,2.0,0.0
20221023:2111,0.0,0.0,7.52,2.41,0.0
20221023:2211,0.0,0.0,7.32,2.83,0.0
20221023:2311,0.0,0.0,7.31,3.59,0.0
20221024:0011,0.0,0.0,7.2,4.07,0.0
20221024:0111,0.0,0.0,6.75,3.93,0.0
20221024:0211,0.0,0.0,6.47,4.55,0.0
20221024:0311,0.0,0.0,6.29,4.76,0.0
20221024:0411,0.0,0.0,6.22,4.9,0.0
20221024:0511,0.0,0.0,6.21,5.1,0.0
20221024:0611,0.0,0.0,6.19,5.45,0.0
20221024:0711,13.51,4.01,6.38,5.24,0.0
20221024:0811,17.73,10.23,6.39,5.17,0.0
20221024:0911,25.33,15.15,6.47,5.1,0.0
20221024:1011,65.37,18.4,6.62,4.76,0.0
20221024:1111,25.42,19.66,6.7,4.69,0.0
20221024:1211,23.6,18.82,6.77,4.07,0.0
20221024:1311,28.14,15.97,6.75,3.59,0.0
20221024:1411,12.71,11.36,6.46,3.66,0.0
20221024:1511,5.45,5.37,6.3,3.66,0.0
20221024:1611,0.0,0.0,6.27,4.48,0.0
20221024:1711,0.0,0.0,6.17,4.55,0.0
20221024:1811,0.0,0.0,6.12,4.41,0.0
20221024:1911,0.0,0.0,6.66,3.45,0.0
20221024:2011,0.0,0.0,6.63,3.59,0.0
20221024:2111,0.0,0.0,6.54,3.1,0.0
20221024:2211,0.0,0.0,6.52,2.62,0.0
20221024:2311,0.0,0.0,6.4,2.14,0.0
20221025:0011,0.0,0.0,6.22,1.59,0.0
20221025:0111,0.0,0.0,6.26,1.17,0.0
20221025:0211,0.0,0.0,6.52,0.83,0.0
20221025:0311,0.0,0.0,6.56,0.76,0.0
20221025:0411,0.0,0.0,6.67,0.48,0.0
20221025:0511,0.0,0.0,6.66,0.62,0.0
20221025:0611,0.0,0.0,6.65,0.69,0.0
20221025:0711,10.13,3.71,6.83,0.83,0.0
20221025:0811,23.64,9.92,7.04,0.97,0.0
20221025:0911,30.39,14.83,7.69,0.9,0.0
20221025:1011,232.06,18.06,8.17,0.97,0.0
20221025:1111,48.12,19.32,8.98,1.03,0.0
20221025:1211,54.47,18.48,9.36,1.59,0.0
20221025:1311,20.88,15.62,9.42,2.07,0.0
20221025:1411,15.43,11.03,9.51,2.14,0.0
20221025:1511,56.14,5.05,9.05,2.28,0.0
20221025:1611,0.0,0.0,8.55,1.38,0.0
20221025:1711,0.0,0.0,8.27,1.17,0.0
20221025:1811,0.0,0.0,8.24,0.97,0.0
20221025:1911,0.0,0.0,8.51,1.52,0.0
20221025:2011,0.0,0.0,8.17,1.31,0.0
20221025:2111,0.0,0.0,7.9,0.69,0.0
20221025:2211,0.0,0.0,7.85,0.28,0.0
20221025:2311,0.0,0.0,7.46,0.76,0.0
20221026:0011,0.0,0.0,7.28,0.48,0.0
20221026:0111,0.0,0.0,7.32,0.14,0.0
20221026:0211,0.0,0.0,7.34,0.28,0.0
20221026:0311,0.0,0.0,7.29,0.21,0.0
20221026:0411,0.0,0.0,6.67,0.48,0.0
20221026:0511,0.0,0.0,6.67,0.55,0.0
20221026:0611,0.0,0.0,6.56,0.69,0.0
20221026:0711,2.53,3.42,6.68,0.55,0.0
20221026:0811,26.17,9.61,6.78,0.97,0.0
20221026:0911,58.25,14.5,6.81,1.1,0.0
20221026:1011,119.44,17.72,7.55,1.45,0.0
20221026:1111,131.16,18.97,8.18,1.52,0.0
20221026:1211,64.46,18.13,8.62,1.52,0.0
20221026:1311,19.06,15.29,8.77,1.66,0.0
20221026:1411,22.7,10.7,8.65,2.76,0.0
20221026:1511,6.35,4.73,8.51,2.62,0.0
20221026:1611,0.0,0.0,8.78,3.03,0.0
20221026:1711,0.0,0.0,9.06,3.17,0.0
20221026:1811,0.0,0.0,9.12,2.14,0.0
20221026:1911,0.0,0.0,9.02,2.41,0.0
20221026:2011,0.0,0.0,9.05,1.79,0.0
20221026:2111,0.0,0.0,8.94,1.66,0.0
20221026:2211,0.0,0.0,9.26,1.86,0.0
20221026:2311,0.0,0.0,9.64,1.79,0.0
20221027:0011,0.0,0.0,9.5,2.41,0.0
20221027:0111,0.0,0.0,9.53,2.48,0.0
20221027:0211,0.0,0.0,9.36,2.07,0.0
20221027:0311,0.0,0.0,9.05,1.86,0.0
20221027:0411,0.0,0.0,9.01,1.86,0.0
20221027:0511,0.0,0.0,8.73,1.59,0.0
20221027:0611,0.0,0.0,8.72,1.31,0.0
20221027:0711,5.91,3.12,7.87,1.72,0.0
20221027:0811,46.43,9.3,8.53,1.79,0.0
20221027:0911,73.45,14.18,9.27,2.48,0.0
20221027:1011,58.1,17.39,9.51,3.17,0.0
20221027:1111,221.37,18.63,10.44,2.76,0.0
20221027:1211,100.06,17.79,10.36,2.62,0.0
20221027:1311,65.37,14.95,10.17,2.28,0.0
20221027:1411,43.58,10.38,9.98,2.41,0.0
20221027:1511,12.71,4.42,9.54,1.52,0.0
20221027:1611,0.0,0.0,9.13,0.97,0.0
20221027:1711,0.0,0.0,8.53,1.24,0.0
20221027:1811,0.0,0.0,8.48,1.38,0.0
20221027:1911,0.0,0.0,9.17,1.24,0.0
20221027:2011,0.0,0.0,9.26,1.1,0.0
20221027:2111,0.0,0.0,9.52,1.31,0.0
20221027:2211,0.0,0.0,9.58,1.1,0.0
20221027:2311,0.0,0.0,9.6,0.9,0.0
20221028:0011,0.0,0.0,9.52,0.9,0.0
20221028:0111,0.0,0.0,9.57,0.97,0.0
20221028:0211,0.0,0.0,9.28,0.97,0.0
20221028:0311,0.0,0.0,9.32,0.83,0.0
20221028:0411,0.0,0.0,9.17,0.83,0.0
20221028:0511,0.0,0.0,9.24,0.9,0.0
20221028:0611,0.0,0.0,9.25,0.97,0.0
20221028:0711,4.22,2.83,9.61,0.9,0.0
20221028:0811,28.7,8.99,10.17,1.17,0.0
20221028:0911,49.81,13.86,10.74,2.28,0.0
20221028:1011,54.47,17.05,10.85,2.28,0.0
20221028:1111,24.51,18.29,11.15,2.21,0.0
20221028:1211,70.81,17.46,11.46,2.76,0.0
20221028:1311,27.24,14.62,11.43,2.21,0.0
20221028:1411,10.89,10.06,11.33,1.66,0.0
20221028:1511,9.99,4.11,11.25,1.52,0.0
20221028:1611,0.0,0.0,11.18,1.66,0.0
20221028:1711,0.0,0.0,11.11,1.86,0.0
20221028:1811,0.0,0.0,10.96,2.28,0.0
20221028:1911,0.0,0.0,11.01,2.21,0.0
20221028:2011,0.0,0.0,10.55,2.62,0.0
20221028:2111,0.0,0.0,9.18,3.72,0.0
20221028:2211,0.0,0.0,8.31,3.45,0.0
20221028:2311,0.0,0.0,7.77,3.17,0.0
20221029:0011,0.0,0.0,7.46,2.9,0.0
20221029:0111,0.0,0.0,7.45,2.48,0.0
20221029:0211,0.0,0.0,7.67,2.41,0.0
20221029:0311,0.0,0.0,7.95,2.14,0.0
20221029:0411,0.0,0.0,8.4,2.55,0.0
20221029:0511,0.0,0.0,8.3,1.93,0.0
20221029:0611,0.0,0.0,8.34,1.86,0.0
20221029:0711,1.69,2.53,8.75,2.14,0.0
20221029:0811,13.51,8.69,8.98,2.62,0.0
20221029:0911,24.48,13.54,9.39,2.76,0.0
20221029:1011,78.98,16.73,9.5,3.03,0.0
20221029:1111,197.52,17.96,9.95,2.76,0.0
20221029:1211,526.75,17.12,10.06,2.76,0.0
20221029:1311,294.27,14.3,9.8,1.86,0.0
20221029:1411,34.5,9.74,9.59,1.31,0.0
20221029:1511,46.11,3.81,8.82,1.24,0.0
20221029:1611,0.0,0.0,7.76,0.97,0.0
20221029:1711,0.0,0.0,6.48,0.97,0.0
20221029:1811,0.0,0.0,5.94,1.1,0.0
20221029:1911,0.0,0.0,6.01,1.24,0.0
20221029:2011,0.0,0.0,5.74,1.1,0.0
20221029:2111,0.0,0.0,4.91,1.03,0.0
20221029:2211,0.0,0.0,4.22,1.17,0.0
20221029:2311,0.0,0.0,3.44,1.31,0.0
20221030:0011,0.0,0.0,4.46,0.9,0.0
20221030:0111,0.0,0.0,5.01,0.83,0.0
20221030:0211,0.0,0.0,5.42,1.24,0.0
20221030:0311,0.0,0.0,5.87,1.31,0.0
20221030:0411,0.0,0.0,6.22,1.38,0.0
20221030:0511,0.0,0.0,6.56,1.24,0.0
20221030:0611,0.0,0.0,6.74,1.31,0.0
20221030:0711,2.53,2.24,7.36,1.38,0.0
20221030:0811,28.7,8.38,7.81,1.17,0.0
20221030:0911,19.42,13.22,9.1,1.31,0.0
20221030:1011,26.33,16.4,9.86,1.45,0.0
20221030:1111,21.79,17.63,10.73,1.59,0.0
20221030:1211,20.88,16.79,11.41,1.66,0.0
20221030:1311,16.34,13.98,11.51,2.14,0.0
20221030:1411,9.99,9.43,10.81,1.86,0.0
20221030:1511,25.56,3.51,10.23,1.66,0.0
20221030:1611,0.0,0.0,9.66,1.59,0.0
20221030:1711,0.0,0.0,9.38,1.38,0.0
20221030:1811,0.0,0.0,9.21,1.31,0.0
20221030:1911,0.0,0.0,8.93,1.45,0.0
20221030:2011,0.0,0.0,8.92,1.24,0.0
20221030:2111,0.0,0.0,8.85,1.79,0.0
20221030:2211,0.0,0.0,8.89,2.14,0.0
20221030:2311,0.0,0.0,8.49,3.03,0.0
20221031:0011,0.0,0.0,8.04,1.93,0.0
20221031:0111,0.0,0.0,8.01,1.52,0.0
20221031:0211,0.0,0.0,8.11,1.66,0.0
20221031:0311,0.0,0.0,8.03,1.66,0.0
20221031:0411,0.0,0.0,8.45,2.62,0.0
20221031:0511,0.0,0.0,8.48,2.14,0.0
20221031:0611,0.0,0.0,8.21,1.66,0.0
20221031:0711,0.84,1.95,8.49,2.48,0.0
20221031:0811,43.9,8.08,8.72,2.28,0.0
20221031:0911,21.95,12.91,9.13,2.28,0.0
20221031:1011,34.5,16.08,9.38,2.48,0.0
20221031:1111,58.1,17.3,9.82,2.55,0.0
20221031:1211,20.88,16.47,9.85,2.48,0.0
20221031:1311,19.06,13.66,10.12,2.83,0.0
20221031:1411,20.88,9.12,9.78,2.0,0.0
20221031:1511,5.45,3.21,9.28,2.07,0.0
20221031:1611,0.0,0.0,9.1,2.21,0.0
20221031:1711,0.0,0.0,8.89,1.38,0.0
20221031:1811,0.0,0.0,8.77,1.24,0.0
20221031:1911,0.0,0.0,8.18,1.38,0.0
20221031:2011,0.0,0.0,8.21,1.86,0.0
20221031:2111,0.0,0.0,8.41,2.28,0.0
20221031:2211,0.0,0.0,8.75,2.34,0.0
20221031:2311,0.0,0.0,8.82,2.34,0.0
20221101:0011,0.0,0.0,9.08,2.62,0.0
20221101:0111,0.0,0.0,9.02,2.14,0.0
20221101:0211,0.0,0.0,8.91,2.55,0.0
20221101:0311,0.0,0.0,8.55,3.86,0.0
20221101:0411,0.0,0.0,7.97,4.34,0.0
20221101:0511,0.0,0.0,7.7,4.83,0.0
20221101:0611,0.0,0.0,7.75,5.24,0.0
20221101:0711,0.84,1.66,8.51,5.59,0.0
20221101:0811,13.51,7.78,8.31,4.97,0.0
20221101:0911,57.41,12.6,8.21,4.97,0.0
20221101:1011,27.24,15.76,8.15,5.31,0.0
20221101:1111,36.31,16.98,8.26,4.9,0.0
20221101:1211,19.97,16.15,8.42,3.79,0.0
20221101:1311,19.97,13.35,8.76,3.24,0.0
20221101:1411,17.25,8.82,9.17,3.66,0.0
20221101:1511,2.53,2.93,9.33,5.59,0.0
20221101:1611,0.0,0.0,9.14,3.17,0.0
20221101:1711,0.0,0.0,8.63,4.21,0.0
20221101:1811,0.0,0.0,8.48,2.48,0.0
20221101:1911,0.0,0.0,8.5,3.52,0.0
20221101:2011,0.0,0.0,8.49,3.86,0.0
20221101:2111,0.0,0.0,8.26,3.38,0.0
20221101:2211,0.0,0.0,8.15,2.48,0.0
20221101:2311,0.0,0.0,8.31,2.28,0.0
20221102:0011,0.0,0.0,8.23,2.62,0.0
20221102:0111,0.0,0.0,7.98,2.34,0.0
20221102:0211,0.0,0.0,7.94,2.07,0.0
20221102:0311,0.0,0.0,7.69,1.59,0.0
20221102:0411,0.0,0.0,7.52,1.31,0.0
20221102:0511,0.0,0.0,7.37,1.24,0.0
20221102:0611,0.0,0.0,7.24,1.24,0.0
20221102:0711,0.84,1.38,6.77,0.97,0.0
20221102:0811,23.64,7.49,6.92,0.97,0.0
20221102:0911,43.9,12.29,6.86,0.48,0.0
20221102:1011,19.06,15.44,6.78,0.34,0.0
20221102:1111,25.42,16.66,7.02,0.76,0.0
20221102:1211,342.69,15.83,7.05,1.1,0.0
20221102:1311,388.9,13.04,7.47,1.24,0.0
20221102:1411,9.08,8.53,7.39,1.52,0.0
20221102:1511,8.44,2.64,6.73,1.52,0.0
20221102:1611,0.0,0.0,5.9,1.38,0.0
20221102:1711,0.0,0.0,5.84,1.1,0.0
20221102:1811,0.0,0.0,6.12,2.28,0.0
20221102:1911,0.0,0.0,5.86,2.0,0.0
20221102:2011,0.0,0.0,5.66,2.34,0.0
20221102:2111,0.0,0.0,5.7,2.62,0.0
20221102:2211,0.0,0.0,5.8,3.38,0.0
20221102:2311,0.0,0.0,6.08,2.76,0.0
20221103:0011,0.0,0.0,6.67,2.76,0.0
20221103:0111,0.0,0.0,7.0,2.83,0.0
20221103:0211,0.0,0.0,7.07,2.83,0.0
20221103:0311,0.0,0.0,7.44,2.83,0.0
20221103:0411,0.0,0.0,7.84,2.76,0.0
20221103:0511,0.0,0.0,8.15,2.83,0.0
20221103:0611,0.0,0.0,8.12,2.41,0.0
20221103:0711,0.0,0.0,7.46,2.14,0.0
20221103:0811,21.11,7.19,7.15,2.34,0.0
20221103:0911,21.11,11.99,7.49,1.66,0.0
20221103:1011,65.37,15.13,7.7,1.93,0.0
20221103:1111,28.14,16.34,7.75,1.93,0.0
20221103:1211,72.63,15.52,7.52,2.07,0.0
20221103:1311,91.48,12.74,7.1,2.07,0.0
20221103:1411,29.05,8.24,6.98,2.0,0.0
20221103:1511,2.53,2.36,6.71,1.93,0.0
20221103:1611,0.0,0.0,6.22,2.14,0.0
20221103:1711,0.0,0.0,5.76,2.0,0.0
20221103:1811,0.0,0.0,5.27,1.86,0.0
20221103:1911,0.0,0.0,5.83,2.41,0.0
20221103:2011,0.0,0.0,6.24,2.34,0.0
20221103:2111,0.0,0.0,7.04,2.14,0.0
20221103:2211,0.0,0.0,7.72,2.41,0.0
20221103:2311,0.0,0.0,7.95,2.62,0.0
20221104:0011,0.0,0.0,7.79,2.97,0.0
20221104:0111,0.0,0.0,7.56,2.9,0.0
20221104:0211,0.0,0.0,7.43,2.76,0.0
20221104:0311,0.0,0.0,7.38,3.1,0.0
20221104:0411,0.0,0.0,7.43,3.38,0.0
20221104:0511,0.0,0.0,7.45,3.17,0.0
20221104:0611,0.0,0.0,7.28,3.17,0.0
20221104:0711,0.0,0.0,7.41,2.28,0.0
20221104:0811,28.7,6.9,7.39,2.21,0.0
20221104:0911,20.26,11.69,7.42,2.07,0.0
20221104:1011,72.35,14.82,7.49,1.79,0.0
20221104:1111,49.02,16.03,7.52,2.62,0.0
20221104:1211,59.92,15.21,7.58,2.55,0.0
20221104:1311,56.29,12.44,7.54,1.86,0.0
20221104:1411,9.99,7.95,7.47,1.03,0.0
20221104:1511,1.69,2.09,7.39,1.59,0.0
20221104:1611,0.0,0.0,6.95,1.52,0.0
20221104:1711,0.0,0.0,6.76,1.24,0.0
20221104:1811,0.0,0.0,6.7,0.9,0.0
20221104:1911,0.0,0.0,6.15,1.66,0.0
20221104:2011,0.0,0.0,6.03,1.52,0.0
20221104:2111,0.0,0.0,5.94,1.38,0.0
20221104:2211,0.0,0.0,5.79,1.59,0.0
20221104:2311,0.0,0.0,5.56,2.07,0.0
20221105:0011,0.0,0.0,5.3,2.28,0.0
20221105:0111,0.0,0.0,4.92,2.48,0.0
20221105:0211,0.0,0.0,4.52,2.55,0.0
20221105:0311,0.0,0.0,4.0,2.41,0.0
20221105:0411,0.0,0.0,3.7,1.86,0.0
20221105:0511,0.0,0.0,3.54,1.45,0.0
20221105:0611,0.0,0.0,3.21,1.1,0.0
20221105:0711,0.0,0.0,3.96,1.52,0.0
20221105:0811,33.77,6.61,4.65,1.86,0.0
20221105:0911,58.25,11.39,5.19,2.83,0.0
20221105:1011,93.15,14.51,5.62,2.28,0.0
20221105:1111,112.44,15.72,6.5,2.07,0.0
20221105:1211,53.56,14.91,6.59,2.21,0.0
20221105:1311,144.38,12.14,5.84,2.07,0.0
20221105:1411,68.66,7.67,5.52,1.86,0.0
20221105:1511,5.07,1.82,4.98,1.72,0.0
20221105:1611,0.0,0.0,4.31,1.38,0.0
20221105:1711,0.0,0.0,4.05,1.17,0.0
20221105:1811,0.0,0.0,4.22,1.24,0.0
20221105:1911,0.0,0.0,4.52,1.24,0.0
20221105:2011,0.0,0.0,4.59,1.59,0.0
20221105:2111,0.0,0.0,4.64,1.31,0.0
20221105:2211,0.0,0.0,4.85,1.52,0.0
20221105:2311,0.0,0.0,5.19,2.07,0.0
20221106:0011,0.0,0.0,5.61,2.41,0.0
20221106:0111,0.0,0.0,5.85,1.72,0.0
20221106:0211,0.0,0.0,6.04,1.93,0.0
20221106:0311,0.0,0.0,6.1,1.52,0.0
20221106:0411,0.0,0.0,6.27,1.24,0.0
20221106:0511,0.0,0.0,6.48,1.17,0.0
20221106:0611,0.0,0.0,6.75,2.21,0.0
20221106:0711,0.0,0.0,6.68,2.41,0.0
20221106:0811,37.15,6.32,6.2,1.66,0.0
20221106:0911,38.83,11.09,6.68,2.48,0.0
20221106:1011,147.79,14.21,7.12,2.41,0.0
20221106:1111,345.23,15.42,7.46,2.14,0.0
20221106:1211,150.15,14.61,7.64,2.48,0.0
20221106:1311,149.61,11.85,7.57,1.31,0.0
20221106:1411,212.65,7.39,7.38,0.9,0.0
20221106:1511,0.84,1.55,6.66,1.17,0.0
20221106:1611,0.0,0.0,5.88,1.45,0.0
20221106:1711,0.0,0.0,5.44,1.59,0.0
20221106:1811,0.0,0.0,5.25,2.0,0.0
20221106:1911,0.0,0.0,5.12,2.48,0.0
20221106:2011,0.0,0.0,5.13,2.48,0.0
20221106:2111,0.0,0.0,5.34,2.83,0.0
20221106:2211,0.0,0.0,5.33,3.1,0.0
20221106:2311,0.0,0.0,5.02,3.38,0.0
20221107:0011,0.0,0.0,4.72,3.52,0.0
20221107:0111,0.0,0.0,4.48,3.45,0.0
20221107:0211,0.0,0.0,4.58,3.03,0.0
20221107:0311,0.0,0.0,4.89,2.28,0.0
20221107:0411,0.0,0.0,5.06,1.31,0.0
20221107:0511,0.0,0.0,5.23,1.1,0.0
20221107:0611,0.0,0.0,5.44,0.9,0.0
20221107:0711,0.0,0.0,5.61,0.62,0.0
20221107:0811,31.24,6.04,5.74,0.41,0.0
20221107:0911,30.39,10.8,6.24,1.24,0.0
20221107:1011,88.95,13.91,6.58,1.38,0.0
20221107:1111,159.64,15.12,6.92,1.59,0.0
20221107:1211,137.12,14.32,7.44,1.93,0.0
20221107:1311,36.31,11.57,7.28,2.34,0.0
20221107:1411,20.88,7.12,6.84,1.79,0.0
20221107:1511,0.84,1.29,6.5,1.17,0.0
20221107:1611,0.0,0.0,5.65,0.97,0.0
20221107:1711,0.0,0.0,5.28,0.9,0.0
20221107:1811,0.0,0.0,5.11,0.97,0.0
20221107:1911,0.0,0.0,5.38,0.9,0.0
20221107:2011,0.0,0.0,5.78,0.97,0.0
20221107:2111,0.0,0.0,5.91,1.24,0.0
20221107:2211,0.0,0.0,6.06,1.24,0.0
20221107:2311,0.0,0.0,6.38,1.52,0.0
20221108:0011,0.0,0.0,6.53,1.45,0.0
20221108:0111,0.0,0.0,6.77,1.59,0.0
20221108:0211,0.0,0.0,7.02,1.38,0.0
20221108:0311,0.0,0.0,7.24,1.38,0.0
20221108:0411,0.0,0.0,7.39,1.45,0.0
20221108:0511,0.0,0.0,7.5,1.59,0.0
20221108:0611,0.0,0.0,7.61,1.59,0.0
20221108:0711,0.0,0.0,8.14,2.0,0.0
20221108:0811,5.07,5.76,8.63,2.21,0.0
20221108:0911,22.79,10.51,9.03,2.48,0.0
20221108:1011,16.34,13.62,9.26,2.97,0.0
20221108:1111,62.64,14.83,9.42,2.83,0.0
20221108:1211,29.96,14.03,9.19,4.07,0.0
20221108:1311,113.82,11.29,8.84,2.62,0.0
20221108:1411,15.43,6.85,8.67,2.62,0.0
20221108:1511,0.0,0.0,8.74,2.55,0.0
20221108:1611,0.0,0.0,8.63,2.21,0.0
20221108:1711,0.0,0.0,8.53,2.0,0.0
20221108:1811,0.0,0.0,8.61,2.07,0.0
20221108:1911,0.0,0.0,8.08,2.0,0.0
20221108:2011,0.0,0.0,7.98,2.07,0.0
20221108:2111,0.0,0.0,8.03,1.86,0.0
20221108:2211,0.0,0.0,8.08,1.93,0.0
20221108:2311,0.0,0.0,7.91,2.21,0.0
20221109:0011,0.0,0.0,7.75,2.28,0.0
20221109:0111,0.0,0.0,7.91,2.48,0.0
20221109:0211,0.0,0.0,7.93,2.48,0.0
20221109:0311,0.0,0.0,7.24,2.28,0.0
20221109:0411,0.0,0.0,6.81,2.41,0.0
20221109:0511,0.0,0.0,6.84,1.93,0.0
20221109:0611,0.0,0.0,7.15,2.07,0.0
20221109:0711,0.0,0.0,7.06,2.14,0.0
20221109:0811,5.07,5.48,7.07,2.0,0.0
20221109:0911,10.97,10.22,7.42,2.0,0.0
20221109:1011,16.34,13.33,7.41,2.14,0.0
20221109:1111,18.16,14.54,7.92,2.14,0.0
20221109:1211,28.14,13.74,7.81,2.0,0.0
20221109:1311,12.71,11.02,7.93,2.07,0.0
20221109:1411,6.35,6.59,7.84,2.0,0.0
20221109:1511,0.0,0.0,7.07,2.14,0.0
20221109:1611,0.0,0.0,6.9,1.38,0.0
20221109:1711,0.0,0.0,7.08,1.59,0.0
20221109:1811,0.0,0.0,6.74,1.93,0.0
20221109:1911,0.0,0.0,6.47,1.31,0.0
20221109:2011,0.0,0.0,6.32,1.24,0.0
20221109:2111,0.0,0.0,6.31,1.1,0.0
20221109:2211,0.0,0.0,5.99,1.24,0.0
20221109:2311,0.0,0.0,5.84,1.38,0.0
20221110:0011,0.0,0.0,5.79,1.31,0.0
20221110:0111,0.0,0.0,5.93,1.45,0.0
20221110:0211,0.0,0.0,5.95,1.45,0.0
20221110:0311,0.0,0.0,6.36,2.0,0.0
20221110:0411,0.0,0.0,6.57,2.76,0.0
20221110:0511,0.0,0.0,6.45,2.62,0.0
20221110:0611,0.0,0.0,6.43,2.07,0.0
20221110:0711,0.0,0.0,6.42,1.79,0.0
20221110:0811,7.6,5.21,6.93,2.76,0.0
20221110:0911,37.15,9.94,7.46,3.24,0.0
20221110:1011,18.16,13.04,7.83,2.83,0.0
20221110:1111,46.3,14.25,8.39,3.17,0.0
20221110:1211,35.41,13.47,8.75,3.1,0.0
20221110:1311,22.7,10.75,9.14,3.79,0.0
20221110:1411,13.62,6.34,8.87,3.38,0.0
20221110:1511,0.0,0.0,8.86,3.52,0.0
20221110:1611,0.0,0.0,8.86,3.66,0.0
20221110:1711,0.0,0.0,8.94,3.79,0.0
20221110:1811,0.0,0.0,9.09,4.0,0.0
20221110:1911,0.0,0.0,9.67,4.28,0.0
20221110:2011,0.0,0.0,9.79,4.34,0.0
20221110:2111,0.0,0.0,9.8,4.28,0.0
20221110:2211,0.0,0.0,9.76,4.34,0.0
20221110:2311,0.0,0.0,9.63,4.07,0.0
20221111:0011,0.0,0.0,9.6,3.59,0.0
20221111:0111,0.0,0.0,9.36,3.79,0.0
20221111:0211,0.0,0.0,9.44,3.03,0.0
20221111:0311,0.0,0.0,9.53,3.38,0.0
20221111:0411,0.0,0.0,9.6,3.38,0.0
20221111:0511,0.0,0.0,9.64,3.31,0.0
20221111:0611,0.0,0.0,9.66,3.31,0.0
20221111:0711,0.0,0.0,9.73,3.45,0.0
20221111:0811,4.22,4.94,9.89,3.52,0.0
20221111:0911,10.13,9.66,9.86,3.52,0.0
20221111:1011,14.53,12.76,9.94,3.93,0.0
20221111:1111,16.34,13.97,9.93,3.93,0.0
20221111:1211,54.47,13.19,10.0,4.14,0.0
20221111:1311,12.71,10.49,9.93,4.0,0.0
20221111:1411,8.17,6.09,9.82,3.93,0.0
20221111:1511,0.0,0.0,9.62,3.86,0.0
20221111:1611,0.0,0.0,9.52,3.52,0.0
20221111:1711,0.0,0.0,9.43,3.38,0.0
20221111:1811,0.0,0.0,9.45,3.45,0.0
20221111:1911,0.0,0.0,9.64,2.97,0.0
20221111:2011,0.0,0.0,9.75,3.1,0.0
20221111:2111,0.0,0.0,9.95,3.24,0.0
20221111:2211,0.0,0.0,10.12,2.69,0.0
20221111:2311,0.0,0.0,10.45,2.76,0.0
20221112:0011,0.0,0.0,10.65,3.03,0.0
20221112:0111,0.0,0.0,10.83,3.1,0.0
20221112:0211,0.0,0.0,10.48,3.38,0.0
20221112:0311,0.0,0.0,9.55,3.17,0.0
20221112:0411,0.0,0.0,8.53,2.69,0.0
20221112:0511,0.0,0.0,7.9,2.34,0.0
20221112:0611,0.0,0.0,7.46,1.93,0.0
20221112:0711,0.0,0.0,6.72,1.45,0.0
20221112:0811,25.33,4.67,6.45,1.17,0.0
20221112:0911,41.37,9.39,7.11,0.83,0.0
20221112:1011,515.0,12.48,7.99,0.9,0.0
20221112:1111,598.23,13.7,8.8,0.83,0.0
20221112:1211,605.0,12.92,9.58,0.55,0.0
20221112:1311,531.4,10.23,9.78,0.34,0.0
20221112:1411,335.37,5.84,9.34,0.21,0.0
20221112:1511,0.0,0.0,8.52,0.34,0.0
20221112:1611,0.0,0.0,7.53,0.69,0.0
20221112:1711,0.0,0.0,6.56,0.97,0.0
20221112:1811,0.0,0.0,6.09,1.17,0.0
20221112:1911,0.0,0.0,5.57,1.31,0.0
20221112:2011,0.0,0.0,6.4,1.31,0.0
20221112:2111,0.0,0.0,7.22,1.17,0.0
20221112:2211,0.0,0.0,7.64,1.1,0.0
20221112:2311,0.0,0.0,7.9,1.1,0.0
20221113:0011,0.0,0.0,7.89,1.45,0.0
20221113:0111,0.0,0.0,7.67,1.72,0.0
20221113:0211,0.0,0.0,7.47,1.59,0.0
20221113:0311,0.0,0.0,7.3,1.52,0.0
20221113:0411,0.0,0.0,7.19,1.24,0.0
20221113:0511,0.0,0.0,7.11,1.1,0.0
20221113:0611,0.0,0.0,7.14,1.17,0.0
20221113:0711,0.0,0.0,7.04,1.1,0.0
20221113:0811,11.82,4.4,6.97,1.1,0.0
20221113:0911,12.66,9.12,7.33,1.1,0.0
20221113:1011,39.04,12.21,7.68,1.24,0.0
20221113:1111,30.87,13.43,8.07,1.45,0.0
20221113:1211,51.75,12.66,8.34,1.45,0.0
20221113:1311,53.2,9.98,8.44,1.38,0.0
20221113:1411,32.97,5.61,8.35,1.31,0.0
20221113:1511,0.0,0.0,8.1,1.24,0.0
20221113:1611,0.0,0.0,7.72,1.31,0.0
20221113:1711,0.0,0.0,7.38,1.38,0.0
20221113:1811,0.0,0.0,6.92,1.52,0.0
20221113:1911,0.0,0.0,6.83,1.72,0.0
20221113:2011,0.0,0.0,6.85,2.14,0.0
20221113:2111,0.0,0.0,6.76,2.41,0.0
20221113:2211,0.0,0.0,6.82,2.55,0.0
20221113:2311,0.0,0.0,6.71,2.55,0.0
20221114:0011,0.0,0.0,6.59,2.69,0.0
20221114:0111,0.0,0.0,6.48,2.97,0.0
20221114:0211,0.0,0.0,6.38,3.1,0.0
20221114:0311,0.0,0.0,6.2,3.31,0.0
20221114:0411,0.0,0.0,6.01,3.45,0.0
20221114:0511,0.0,0.0,5.7,3.52,0.0
20221114:0611,0.0,0.0,5.72,3.66,0.0
20221114:0711,0.0,0.0,6.07,3.66,0.0
20221114:0811,10.97,4.14,6.19,3.86,0.0
20221114:0911,10.97,8.85,6.48,4.07,0.0
20221114:1011,24.51,11.94,6.84,3.86,0.0
20221114:1111,52.66,13.16,7.1,3.79,0.0
20221114:1211,177.66,12.4,7.24,4.41,0.0
20221114:1311,38.13,9.73,7.15,3.72,0.0
20221114:1411,21.79,5.37,7.05,3.86,0.0
20221114:1511,0.0,0.0,6.76,3.79,0.0
20221114:1611,0.0,0.0,6.53,4.48,0.0
20221114:1711,0.0,0.0,6.43,3.86,0.0
20221114:1811,0.0,0.0,6.33,4.62,0.0
20221114:1911,0.0,0.0,6.52,3.93,0.0
20221114:2011,0.0,0.0,6.49,3.93,0.0
20221114:2111,0.0,0.0,6.25,3.72,0.0
20221114:2211,0.0,0.0,6.24,4.07,0.0
20221114:2311,0.0,0.0,6.04,4.14,0.0
20221115:0011,0.0,0.0,5.84,4.69,0.0
20221115:0111,0.0,0.0,5.6,4.14,0.0
20221115:0211,0.0,0.0,5.36,4.14,0.0
20221115:0311,0.0,0.0,5.19,4.34,0.0
20221115:0411,0.0,0.0,5.15,4.41,0.0
20221115:0511,0.0,0.0,4.99,4.41,0.0
20221115:0611,0.0,0.0,4.91,4.62,0.0
20221115:0711,0.0,0.0,5.17,4.83,0.0
20221115:0811,15.2,3.89,4.97,4.55,0.0
20221115:0911,18.57,8.59,5.06,4.48,0.0
20221115:1011,29.96,11.68,5.14,4.69,0.0
20221115:1111,15.43,12.9,5.21,4.97,0.0
20221115:1211,17.25,12.15,5.36,6.34,0.0
20221115:1311,33.59,9.49,5.55,6.9,0.0
20221115:1411,17.25,5.15,5.28,6.48,0.0
20221115:1511,0.0,0.0,5.22,6.14,0.0
20221115:1611,0.0,0.0,5.14,6.0,0.0
20221115:1711,0.0,0.0,4.74,6.41,0.0
20221115:1811,0.0,0.0,4.18,6.41,0.0
20221115:1911,0.0,0.0,3.41,5.45,0.0
20221115:2011,0.0,0.0,3.14,5.59,0.0
20221115:2111,0.0,0.0,2.74,5.52,0.0
20221115:2211,0.0,0.0,2.41,5.38,0.0
20221115:2311,0.0,0.0,2.26,6.34,0.0
20221116:0011,0.0,0.0,2.27,6.28,0.0
20221116:0111,0.0,0.0,2.35,6.21,0.0
20221116:0211,0.0,0.0,2.23,6.07,0.0
20221116:0311,0.0,0.0,2.16,6.21,0.0
20221116:0411,0.0,0.0,2.13,6.21,0.0
20221116:0511,0.0,0.0,2.07,6.21,0.0
20221116:0611,0.0,0.0,2.03,6.48,0.0
20221116:0711,0.0,0.0,1.89,6.34,0.0
20221116:0811,2.53,3.63,1.9,6.69,0.0
20221116:0911,10.97,8.34,2.08,6.76,0.0
20221116:1011,69.27,11.42,2.23,6.62,0.0
20221116:1111,74.68,12.65,2.71,7.24,0.0
20221116:1211,51.75,11.91,3.05,6.69,0.0
20221116:1311,28.14,9.26,3.02,7.03,0.0
20221116:1411,81.07,4.93,2.89,5.93,0.0
20221116:1511,0.0,0.0,2.65,6.69,0.0
20221116:1611,0.0,0.0,2.37,6.62,0.0
20221116:1711,0.0,0.0,2.22,6.55,0.0
20221116:1811,0.0,0.0,2.13,6.62,0.0
20221116:1911,0.0,0.0,2.13,6.69,0.0
20221116:2011,0.0,0.0,1.78,6.62,0.0
20221116:2111,0.0,0.0,1.76,6.69,0.0
20221116:2211,0.0,0.0,1.61,6.69,0.0
20221116:2311,0.0,0.0,1.56,6.69,0.0
20221117:0011,0.0,0.0,1.44,6.62,0.0
20221117:0111,0.0,0.0,1.45,6.48,0.0
20221117:0211,0.0,0.0,1.33,6.41,0.0
20221117:0311,0.0,0.0,1.28,6.21,0.0
20221117:0411,0.0,0.0,1.29,6.07,0.0
20221117:0511,0.0,0.0,1.11,4.69,0.0
20221117:0611,0.0,0.0,0.92,4.69,0.0
20221117:0711,0.0,0.0,0.34,4.34,0.0
20221117:0811,8.44,3.38,0.09,4.62,0.0
20221117:0911,17.73,8.08,0.09,5.03,0.0
20221117:1011,20.88,11.17,0.09,5.38,0.0
20221117:1111,23.6,12.4,0.23,5.52,0.0
20221117:1211,17.25,11.66,0.19,5.45,0.0
20221117:1311,12.71,9.03,0.21,5.45,0.0
20221117:1411,4.54,4.72,0.05,5.17,0.0
20221117:1511,0.0,0.0,-0.2,4.69,0.0
20221117:1611,0.0,0.0,-0.36,4.62,0.0
20221117:1711,0.0,0.0,-0.36,4.69,0.0
20221117:1811,0.0,0.0,-0.43,4.76,0.0
20221117:1911,0.0,0.0,-0.63,5.1,0.0
20221117:2011,0.0,0.0,-0.77,4.55,0.0
20221117:2111,0.0,0.0,-0.74,4.62,0.0
20221117:2211,0.0,0.0,-0.69,4.62,0.0
20221117:2311,0.0,0.0,-0.71,4.69,0.0
20221118:0011,0.0,0.0,-0.77,4.55,0.0
20221118:0111,0.0,0.0,-0.92,4.55,0.0
20221118:0211,0.0,0.0,-1.01,4.62,0.0
20221118:0311,0.0,0.0,-1.25,4.48,0.0
20221118:0411,0.0,0.0,-1.37,4.41,0.0
20221118:0511,0.0,0.0,-1.23,5.31,0.0
20221118:0611,0.0,0.0,-1.19,4.62,0.0
20221118:0711,0.0,0.0,-1.56,4.69,0.0
20221118:0811,15.2,3.14,-1.35,4.55,0.0
20221118:0911,33.77,7.84,-1.29,4.21,0.0
20221118:1011,36.31,10.92,-1.03,4.69,0.0
20221118:1111,25.42,12.15,-0.63,4.28,0.0
20221118:1211,24.51,11.43,-0.24,4.97,0.0
20221118:1311,103.96,8.81,-0.26,3.72,0.0
20221118:1411,6.35,4.51,-0.54,3.93,0.0
20221118:1511,0.0,0.0,-0.85,5.1,0.0
20221118:1611,0.0,0.0,-1.08,4.97,0.0
20221118:1711,0.0,0.0,-1.09,4.83,0.0
20221118:1811,0.0,0.0,-1.3,4.55,0.0
20221118:1911,0.0,0.0,-1.46,4.62,0.0
20221118:2011,0.0,0.0,-1.67,4.48,0.0
20221118:2111,0.0,0.0,-1.88,4.28,0.0
20221118:2211,0.0,0.0,-2.25,3.93,0.0
20221118:2311,0.0,0.0,-2.6,3.79,0.0
20221119:0011,0.0,0.0,-2.92,3.72,0.0
20221119:0111,0.0,0.0,-3.12,3.52,0.0
20221119:0211,0.0,0.0,-3.47,3.31,0.0
20221119:0311,0.0,0.0,-3.7,3.03,0.0
20221119:0411,0.0,0.0,-4.06,2.76,0.0
20221119:0511,0.0,0.0,-4.11,2.62,0.0
20221119:0611,0.0,0.0,-4.34,2.41,0.0
20221119:0711,0.0,0.0,-4.83,1.93,0.0
20221119:0811,14.35,2.9,-5.25,1.93,0.0
20221119:0911,37.15,7.59,-4.18,1.93,0.0
20221119:1011,490.38,10.68,-2.54,1.86,0.0
20221119:1111,572.52,11.92,-1.8,1.86,0.0
20221119:1211,559.73,11.2,-1.33,1.59,0.0
20221119:1311,469.82,8.6,-1.22,1.17,0.0
20221119:1411,197.39,4.31,-1.43,0.97,0.0
20221119:1511,0.0,0.0,-2.27,0.9,0.0
20221119:1611,0.0,0.0,-2.19,0.76,0.0
20221119:1711,0.0,0.0,-2.41,0.76,0.0
20221119:1811,0.0,0.0,-2.67,0.76,0.0
20221119:1911,0.0,0.0,-3.03,0.9,0.0
20221119:2011,0.0,0.0,-4.37,1.31,0.0
20221119:2111,0.0,0.0,-5.49,1.79,0.0
20221119:2211,0.0,0.0,-5.45,2.55,0.0
20221119:2311,0.0,0.0,-5.49,2.97,0.0
20221120:0011,0.0,0.0,-5.58,3.03,0.0
20221120:0111,0.0,0.0,-5.56,3.17,0.0
20221120:0211,0.0,0.0,-5.31,3.52,0.0
20221120:0311,0.0,0.0,-5.1,3.66,0.0
20221120:0411,0.0,0.0,-4.92,3.59,0.0
20221120:0511,0.0,0.0,-4.94,3.59,0.0
20221120:0611,0.0,0.0,-4.93,3.38,0.0
20221120:0711,0.0,0.0,-4.78,3.31,0.0
20221120:0811,13.51,2.66,-4.58,3.17,0.0
20221120:0911,41.37,7.35,-3.95,2.55,0.0
20221120:1011,279.62,10.44,-3.09,3.1,0.0
20221120:1111,294.47,11.68,-2.67,3.17,0.0
20221120:1211,333.08,10.98,-2.48,3.03,0.0
20221120:1311,164.48,8.39,-2.48,2.76,0.0
20221120:1411,123.45,4.11,-2.91,2.55,0.0
20221120:1511,0.0,0.0,-3.58,2.34,0.0
20221120:1611,0.0,0.0,-3.92,2.34,0.0
20221120:1711,0.0,0.0,-4.14,2.28,0.0
20221120:1811,0.0,0.0,-4.5,2.21,0.0
20221120:1911,0.0,0.0,-4.8,1.66,0.0
20221120:2011,0.0,0.0,-5.26,1.79,0.0
20221120:2111,0.0,0.0,-5.19,1.72,0.0
20221120:2211,0.0,0.0,-5.04,1.66,0.0
20221120:2311,0.0,0.0,-5.02,1.59,0.0
20221121:0011,0.0,0.0,-4.77,1.45,0.0
20221121:0111,0.0,0.0,-4.53,1.45,0.0
20221121:0211,0.0,0.0,-4.28,1.45,0.0
20221121:0311,0.0,0.0,-4.4,1.52,0.0
20221121:0411,0.0,0.0,-5.01,1.66,0.0
20221121:0511,0.0,0.0,-5.29,1.72,0.0
20221121:0611,0.0,0.0,-5.81,2.07,0.0
20221121:0711,0.0,0.0,-4.94,1.86,0.0
20221121:0811,6.75,2.43,-4.79,1.86,0.0
20221121:0911,14.35,7.12,-4.0,1.72,0.0
20221121:1011,44.48,10.21,-2.8,2.55,0.0
20221121:1111,63.56,11.46,-2.28,3.72,0.0
20221121:1211,174.63,10.76,-1.78,4.76,0.0
20221121:1311,80.46,8.18,-2.0,3.45,0.0
20221121:1411,105.78,3.92,-2.28,2.83,0.0
20221121:1511,0.0,0.0,-2.69,2.76,0.0
20221121:1611,0.0,0.0,-3.13,3.79,0.0
20221121:1711,0.0,0.0,-3.24,4.07,0.0
20221121:1811,0.0,0.0,-3.12,4.28,0.0
20221121:1911,0.0,0.0,-3.54,3.17,0.0
20221121:2011,0.0,0.0,-3.56,3.17,0.0
20221121:2111,0.0,0.0,-3.3,3.03,0.0
20221121:2211,0.0,0.0,-3.29,3.24,0.0
20221121:2311,0.0,0.0,-3.5,3.24,0.0
20221122:0011,0.0,0.0,-3.71,3.38,0.0
20221122:0111,0.0,0.0,-4.01,3.38,0.0
20221122:0211,0.0,0.0,-4.21,3.45,0.0
20221122:0311,0.0,0.0,-4.23,4.34,0.0
20221122:0411,0.0,0.0,-4.21,4.21,0.0
20221122:0511,0.0,0.0,-4.2,4.21,0.0
20221122:0611,0.0,0.0,-4.09,4.28,0.0
20221122:0711,0.0,0.0,-3.86,3.59,0.0
20221122:0811,4.22,2.2,-3.59,3.38,0.0
20221122:0911,39.68,6.89,-3.08,4.34,0.0
20221122:1011,255.52,9.98,-2.47,4.48,0.0
20221122:1111,62.73,11.24,-1.77,4.62,0.0
20221122:1211,206.25,10.55,-1.46,4.07,0.0
20221122:1311,31.77,7.99,-1.43,3.93,0.0
20221122:1411,14.53,3.74,-1.63,3.45,0.0
20221122:1511,0.0,0.0,-1.46,4.9,0.0
20221122:1611,0.0,0.0,-1.11,4.97,0.0
20221122:1711,0.0,0.0,-0.79,5.17,0.0
20221122:1811,0.0,0.0,-0.55,5.38,0.0
20221122:1911,0.0,0.0,-0.51,4.0,0.0
20221122:2011,0.0,0.0,-0.42,4.07,0.0
20221122:2111,0.0,0.0,-0.33,5.17,0.0
20221122:2211,0.0,0.0,-0.42,4.97,0.0
20221122:2311,0.0,0.0,-0.51,4.83,0.0
20221123:0011,0.0,0.0,-0.44,4.55,0.0
20221123:0111,0.0,0.0,-0.48,4.48,0.0
20221123:0211,0.0,0.0,-0.57,4.41,0.0
20221123:0311,0.0,0.0,-0.57,4.34,0.0
20221123:0411,0.0,0.0,-0.53,4.41,0.0
20221123:0511,0.0,0.0,-0.49,4.41,0.0
20221123:0611,0.0,0.0,-0.29,4.41,0.0
20221123:0711,0.0,0.0,-0.16,4.28,0.0
20221123:0811,0.84,1.98,0.01,4.28,0.0
20221123:0911,24.48,6.67,0.38,4.34,0.0
20221123:1011,16.34,9.76,0.76,3.79,0.0
20221123:1111,12.71,11.02,0.93,3.52,0.0
20221123:1211,45.39,10.35,1.05,3.59,0.0
20221123:1311,23.6,7.8,1.28,4.69,0.0
20221123:1411,3.63,3.57,1.45,4.83,0.0
20221123:1511,0.0,0.0,1.48,4.9,0.0
20221123:1611,0.0,0.0,1.39,4.97,0.0
20221123:1711,0.0,0.0,1.48,4.97,0.0
20221123:1811,0.0,0.0,1.33,4.9,0.0
20221123:1911,0.0,0.0,1.23,4.48,0.0
20221123:2011,0.0,0.0,1.2,4.48,0.0
20221123:2111,0.0,0.0,1.28,4.48,0.0
20221123:2211,0.0,0.0,1.32,4.48,0.0
20221123:2311,0.0,0.0,1.31,4.14,0.0
20221124:0011,0.0,0.0,1.37,4.07,0.0
20221124:0111,0.0,0.0,1.63,4.0,0.0
20221124:0211,0.0,0.0,1.82,3.93,0.0
20221124:0311,0.0,0.0,1.82,2.9,0.0
20221124:0411,0.0,0.0,1.91,2.76,0.0
20221124:0511,0.0,0.0,2.13,2.69,0.0
20221124:0611,0.0,0.0,2.14,3.03,0.0
20221124:0711,0.0,0.0,1.92,3.38,0.0
20221124:0811,0.84,1.76,2.02,3.45,0.0
20221124:0911,14.35,6.45,2.03,3.31,0.0
20221124:1011,50.2,9.55,2.07,2.62,0.0
20221124:1111,32.68,10.82,2.27,3.38,0.0
20221124:1211,11.8,10.15,2.33,2.76,0.0
20221124:1311,13.62,7.61,2.41,2.9,0.0
20221124:1411,2.72,3.4,2.5,2.55,0.0
20221124:1511,0.0,0.0,2.39,2.07,0.0
20221124:1611,0.0,0.0,2.33,1.86,0.0
20221124:1711,0.0,0.0,2.31,1.93,0.0
20221124:1811,0.0,0.0,2.3,1.93,0.0
20221124:1911,0.0,0.0,2.82,2.48,0.0
20221124:2011,0.0,0.0,3.02,2.69,0.0
20221124:2111,0.0,0.0,3.14,2.76,0.0
20221124:2211,0.0,0.0,3.25,3.03,0.0
20221124:2311,0.0,0.0,3.43,3.31,0.0
20221125:0011,0.0,0.0,3.4,2.62,0.0
20221125:0111,0.0,0.0,3.51,2.69,0.0
20221125:0211,0.0,0.0,3.59,2.9,0.0
20221125:0311,0.0,0.0,3.57,3.1,0.0
20221125:0411,0.0,0.0,3.67,3.1,0.0
20221125:0511,0.0,0.0,3.89,3.31,0.0
20221125:0611,0.0,0.0,3.59,3.24,0.0
20221125:0711,0.0,0.0,4.05,3.86,0.0
20221125:0811,0.84,1.55,4.06,3.86,0.0
20221125:0911,5.91,6.24,3.39,3.03,0.0
20221125:1011,19.97,9.34,3.61,3.86,0.0
20221125:1111,47.21,10.61,3.63,3.79,0.0
20221125:1211,64.19,9.96,3.42,3.72,0.0
20221125:1311,13.62,7.44,3.35,3.72,0.0
20221125:1411,4.54,3.24,3.11,3.45,0.0
20221125:1511,0.0,0.0,2.95,3.03,0.0
20221125:1611,0.0,0.0,3.02,2.9,0.0
20221125:1711,0.0,0.0,3.17,2.28,0.0
20221125:1811,0.0,0.0,3.41,2.48,0.0
20221125:1911,0.0,0.0,3.04,2.14,0.0
20221125:2011,0.0,0.0,3.19,1.93,0.0
20221125:2111,0.0,0.0,3.29,1.79,0.0
20221125:2211,0.0,0.0,3.4,1.66,0.0
20221125:2311,0.0,0.0,3.46,1.45,0.0
20221126:0011,0.0,0.0,3.45,1.24,0.0
20221126:0111,0.0,0.0,2.73,1.31,0.0
20221126:0211,0.0,0.0,2.4,1.38,0.0
20221126:0311,0.0,0.0,2.4,1.45,0.0
20221126:0411,0.0,0.0,2.82,1.31,0.0
20221126:0511,0.0,0.0,3.08,1.31,0.0
20221126:0611,0.0,0.0,2.35,1.45,0.0
20221126:0711,0.0,0.0,2.56,1.31,0.0
20221126:0811,0.84,1.34,2.8,1.24,0.0
20221126:0911,10.13,6.03,2.97,1.24,0.0
20221126:1011,51.34,9.13,3.47,1.17,0.0
20221126:1111,19.06,10.42,4.27,1.52,0.0
20221126:1211,11.8,9.78,4.91,1.79,0.0
20221126:1311,19.06,7.27,4.91,1.24,0.0
20221126:1411,104.66,3.08,4.91,1.59,0.0
20221126:1511,0.0,0.0,4.68,1.45,0.0
20221126:1611,0.0,0.0,4.31,1.59,0.0
20221126:1711,0.0,0.0,4.11,1.66,0.0
20221126:1811,0.0,0.0,4.0,1.59,0.0
20221126:1911,0.0,0.0,3.44,1.52,0.0
20221126:2011,0.0,0.0,3.58,1.66,0.0
20221126:2111,0.0,0.0,3.63,1.79,0.0
20221126:2211,0.0,0.0,3.82,1.86,0.0
20221126:2311,0.0,0.0,3.83,2.07,0.0
20221127:0011,0.0,0.0,4.06,2.48,0.0
20221127:0111,0.0,0.0,4.31,2.28,0.0
20221127:0211,0.0,0.0,4.51,2.28,0.0
20221127:0311,0.0,0.0,4.71,2.41,0.0
20221127:0411,0.0,0.0,4.85,2.62,0.0
20221127:0511,0.0,0.0,5.12,2.69,0.0
20221127:0611,0.0,0.0,5.36,2.76,0.0
20221127:0711,0.0,0.0,5.56,3.52,0.0
20221127:0811,0.0,0.0,5.43,4.48,0.0
20221127:0911,10.13,5.83,5.26,4.21,0.0
20221127:1011,19.06,8.94,5.24,4.14,0.0
20221127:1111,15.43,10.23,5.12,4.07,0.0
20221127:1211,16.34,9.6,5.02,3.59,0.0
20221127:1311,7.26,7.1,4.94,3.59,0.0
20221127:1411,1.82,2.93,4.82,3.24,0.0
20221127:1511,0.0,0.0,4.74,3.52,0.0
20221127:1611,0.0,0.0,4.7,3.38,0.0
20221127:1711,0.0,0.0,4.58,2.69,0.0
20221127:1811,0.0,0.0,4.43,2.62,0.0
20221127:1911,0.0,0.0,4.45,2.76,0.0
20221127:2011,0.0,0.0,4.33,2.76,0.0
20221127:2111,0.0,0.0,4.08,2.69,0.0
20221127:2211,0.0,0.0,3.85,2.69,0.0
20221127:2311,0.0,0.0,3.66,2.97,0.0
20221128:0011,0.0,0.0,3.51,3.31,0.0
20221128:0111,0.0,0.0,3.36,3.66,0.0
20221128:0211,0.0,0.0,3.3,4.55,0.0
20221128:0311,0.0,0.0,3.21,3.86,0.0
20221128:0411,0.0,0.0,3.16,3.86,0.0
20221128:0511,0.0,0.0,3.01,3.93,0.0
20221128:0611,0.0,0.0,2.56,3.66,0.0
20221128:0711,0.0,0.0,2.13,3.45,0.0
20221128:0811,0.0,0.0,1.99,4.21,0.0
20221128:0911,20.26,5.63,1.88,4.21,0.0
20221128:1011,24.48,8.75,1.8,4.21,0.0
20221128:1111,26.33,10.05,1.84,4.14,0.0
20221128:1211,21.79,9.43,1.86,3.93,0.0
20221128:1311,15.43,6.95,1.81,3.24,0.0
20221128:1411,2.72,2.79,1.73,3.52,0.0
20221128:1511,0.0,0.0,1.58,3.1,0.0
20221128:1611,0.0,0.0,1.45,3.1,0.0
20221128:1711,0.0,0.0,1.48,3.86,0.0
20221128:1811,0.0,0.0,1.34,4.14,0.0
20221128:1911,0.0,0.0,1.46,3.17,0.0
20221128:2011,0.0,0.0,1.38,3.1,0.0
20221128:2111,0.0,0.0,1.27,2.9,0.0
20221128:2211,0.0,0.0,1.21,2.97,0.0
20221128:2311,0.0,0.0,1.18,2.83,0.0
20221129:0011,0.0,0.0,1.23,3.45,0.0
20221129:0111,0.0,0.0,1.24,3.45,0.0
20221129:0211,0.0,0.0,1.27,3.38,0.0
20221129:0311,0.0,0.0,1.32,3.52,0.0
20221129:0411,0.0,0.0,1.34,3.52,0.0
20221129:0511,0.0,0.0,1.32,3.52,0.0
20221129:0611,0.0,0.0,1.28,3.45,0.0
20221129:0711,0.0,0.0,1.37,3.24,0.0
20221129:0811,0.0,0.0,1.28,3.38,0.0
20221129:0911,31.24,5.44,1.21,3.17,0.0
20221129:1011,13.51,8.56,1.14,3.17,0.0
20221129:1111,40.85,9.87,1.34,3.1,0.0
20221129:1211,90.97,9.27,1.34,3.38,0.0
20221129:1311,13.62,6.8,1.31,3.38,0.0
20221129:1411,1.82,2.66,1.26,2.69,0.0
20221129:1511,0.0,0.0,1.09,2.48,0.0
20221129:1611,0.0,0.0,1.0,2.55,0.0
20221129:1711,0.0,0.0,0.98,2.55,0.0
20221129:1811,0.0,0.0,0.88,2.41,0.0
20221129:1911,0.0,0.0,0.86,2.34,0.0
20221129:2011,0.0,0.0,0.5,2.41,0.0
20221129:2111,0.0,0.0,0.51,2.48,0.0
20221129:2211,0.0,0.0,0.34,2.41,0.0
20221129:2311,0.0,0.0,0.31,2.34,0.0
20221130:0011,0.0,0.0,0.28,2.34,0.0
20221130:0111,0.0,0.0,0.34,2.28,0.0
20221130:0211,0.0,0.0,0.23,2.21,0.0
20221130:0311,0.0,0.0,0.06,2.07,0.0
20221130:0411,0.0,0.0,-0.61,2.0,0.0
20221130:0511,0.0,0.0,-1.27,1.93,0.0
20221130:0611,0.0,0.0,-1.61,1.86,0.0
20221130:0711,0.0,0.0,-1.42,1.72,0.0
20221130:0811,0.0,0.0,-1.63,1.72,0.0
20221130:0911,26.17,5.26,-1.4,1.66,0.0
20221130:1011,21.95,8.38,-1.12,1.72,0.0
20221130:1111,25.42,9.7,-0.8,1.79,0.0
20221130:1211,18.16,9.11,-0.49,1.72,0.0
20221130:1311,12.71,6.66,-0.96,1.72,0.0
20221130:1411,1.82,2.53,-0.83,1.59,0.0
20221130:1511,0.0,0.0,-0.92,1.59,0.0
20221130:1611,0.0,0.0,-0.48,1.45,0.0
20221130:1711,0.0,0.0,-0.2,1.45,0.0
20221130:1811,0.0,0.0,-0.28,1.45,0.0
20221130:1911,0.0,0.0,-0.11,1.45,0.0
20221130:2011,0.0,0.0,-0.31,1.45,0.0
20221130:2111,0.0,0.0,-0.56,1.52,0.0
20221130:2211,0.0,0.0,-0.57,1.52,0.0
20221130:2311,0.0,0.0,-1.24,1.59,0.0
20221201:0011,0.0,0.0,-1.99,1.66,0.0
20221201:0111,0.0,0.0,-1.59,1.59,0.0
20221201:0211,0.0,0.0,-1.0,1.52,0.0
20221201:0311,0.0,0.0,-1.2,1.38,0.0
20221201:0411,0.0,0.0,-1.57,1.45,0.0
20221201:0511,0.0,0.0,-1.7,1.45,0.0
20221201:0611,0.0,0.0,-1.83,1.45,0.0
20221201:0711,0.0,0.0,-0.62,1.31,0.0
20221201:0811,0.0,0.0,-0.72,1.38,0.0
20221201:0911,12.66,5.08,-0.79,1.38,0.0
20221201:1011,43.05,8.21,-0.37,1.31,0.0
20221201:1111,25.42,9.54,-0.08,1.31,0.0
20221201:1211,29.05,8.96,-0.15,1.31,0.0
20221201:1311,15.43,6.52,0.13,1.24,0.0
20221201:1411,1.82,2.41,-0.26,1.31,0.0
20221201:1511,0.0,0.0,-1.88,1.59,0.0
20221201:1611,0.0,0.0,-2.31,1.72,0.0
20221201:1711,0.0,0.0,-1.85,1.66,0.0
20221201:1811,0.0,0.0,-1.82,1.66,0.0
20221201:1911,0.0,0.0,-1.12,1.45,0.0
20221201:2011,0.0,0.0,-1.46,1.59,0.0
20221201:2111,0.0,0.0,-2.08,1.72,0.0
20221201:2211,0.0,0.0,-3.2,1.86,0.0
20221201:2311,0.0,0.0,-4.22,2.0,0.0
20221202:0011,0.0,0.0,-4.48,2.0,0.0
20221202:0111,0.0,0.0,-4.95,2.07,0.0
20221202:0211,0.0,0.0,-5.09,2.14,0.0
20221202:0311,0.0,0.0,-5.19,2.14,0.0
20221202:0411,0.0,0.0,-5.48,2.21,0.0
20221202:0511,0.0,0.0,-5.99,2.28,0.0
20221202:0611,0.0,0.0,-5.76,2.21,0.0
20221202:0711,0.0,0.0,-5.95,2.28,0.0
20221202:0811,0.0,0.0,-5.97,2.28,0.0
20221202:0911,27.86,4.91,-5.78,2.28,0.0
20221202:1011,51.5,8.05,-4.54,2.07,0.0
20221202:1111,296.6,9.38,-4.52,2.21,0.0
20221202:1211,288.19,8.82,-4.45,2.28,0.0
20221202:1311,169.84,6.39,-4.73,2.34,0.0
20221202:1411,8.17,2.3,-4.6,2.21,0.0
20221202:1511,0.0,0.0,-4.71,2.14,0.0
20221202:1611,0.0,0.0,-4.81,2.14,0.0
20221202:1711,0.0,0.0,-4.75,2.07,0.0
20221202:1811,0.0,0.0,-4.86,2.07,0.0
20221202:1911,0.0,0.0,-4.44,2.07,0.0
20221202:2011,0.0,0.0,-4.78,2.14,0.0
20221202:2111,0.0,0.0,-5.04,2.28,0.0
20221202:2211,0.0,0.0,-5.02,2.28,0.0
20221202:2311,0.0,0.0,-5.27,2.28,0.0
20221203:0011,0.0,0.0,-5.59,2.34,0.0
20221203:0111,0.0,0.0,-5.98,2.41,0.0
20221203:0211,0.0,0.0,-6.05,2.41,0.0
20221203:0311,0.0,0.0,-6.1,2.48,0.0
20221203:0411,0.0,0.0,-6.34,2.69,0.0
20221203:0511,0.0,0.0,-6.23,2.69,0.0
20221203:0611,0.0,0.0,-6.02,2.62,0.0
20221203:0711,0.0,0.0,-5.48,2.76,0.0
20221203:0811,0.0,0.0,-5.31,2.62,0.0
20221203:0911,10.97,4.75,-5.48,2.9,0.0
20221203:1011,24.48,7.89,-4.18,2.41,0.0
20221203:1111,27.24,9.24,-4.49,2.83,0.0
20221203:1211,19.06,8.68,-3.24,3.03,0.0
20221203:1311,10.89,6.27,-2.86,2.69,0.0
20221203:1411,1.82,2.19,-3.05,2.83,0.0
20221203:1511,0.0,0.0,-3.62,2.83,0.0
20221203:1611,0.0,0.0,-4.37,2.83,0.0
20221203:1711,0.0,0.0,-5.31,2.83,0.0
20221203:1811,0.0,0.0,-5.96,2.9,0.0
20221203:1911,0.0,0.0,-5.88,3.17,0.0
20221203:2011,0.0,0.0,-6.09,3.03,0.0
20221203:2111,0.0,0.0,-6.46,2.97,0.0
20221203:2211,0.0,0.0,-6.93,2.83,0.0
20221203:2311,0.0,0.0,-7.19,2.83,0.0
20221204:0011,0.0,0.0,-7.32,2.83,0.0
20221204:0111,0.0,0.0,-7.43,2.9,0.0
20221204:0211,0.0,0.0,-7.36,2.9,0.0
20221204:0311,0.0,0.0,-7.3,2.83,0.0
20221204:0411,0.0,0.0,-7.35,2.69,0.0
20221204:0511,0.0,0.0,-7.25,2.62,0.0
20221204:0611,0.0,0.0,-7.0,2.48,0.0
20221204:0711,0.0,0.0,-6.65,2.34,0.0
20221204:0811,0.0,0.0,-6.5,2.34,0.0
20221204:0911,8.44,4.59,-6.33,2.34,0.0
20221204:1011,17.73,7.74,-6.26,2.41,0.0
20221204:1111,25.42,9.09,-6.06,2.55,0.0
20221204:1211,18.16,8.55,-5.4,2.34,0.0
20221204:1311,9.08,6.16,-5.07,2.21,0.0
20221204:1411,1.82,2.09,-4.64,1.72,0.0
20221204:1511,0.0,0.0,-5.05,1.79,0.0
20221204:1611,0.0,0.0,-5.05,1.72,0.0
20221204:1711,0.0,0.0,-4.58,1.66,0.0
20221204:1811,0.0,0.0,-4.56,1.66,0.0
20221204:1911,0.0,0.0,-4.21,1.52,0.0
20221204:2011,0.0,0.0,-4.0,1.52,0.0
20221204:2111,0.0,0.0,-3.99,1.38,0.0
20221204:2211,0.0,0.0,-4.17,1.45,0.0
20221204:2311,0.0,0.0,-4.29,1.45,0.0
20221205:0011,0.0,0.0,-4.38,1.38,0.0
20221205:0111,0.0,0.0,-4.22,1.31,0.0
20221205:0211,0.0,0.0,-4.15,1.17,0.0
20221205:0311,0.0,0.0,-4.21,1.1,0.0
20221205:0411,0.0,0.0,-4.29,0.97,0.0
20221205:0511,0.0,0.0,-4.26,1.03,0.0
20221205:0611,0.0,0.0,-4.27,1.03,0.0
20221205:0711,0.0,0.0,-3.95,1.03,0.0
20221205:0811,0.0,0.0,-3.79,0.97,0.0
20221205:0911,24.48,4.43,-3.66,0.9,0.0
20221205:1011,48.12,7.59,-3.41,0.69,0.0
20221205:1111,284.04,8.96,-3.0,0.41,0.0
20221205:1211,207.5,8.43,-2.8,0.55,0.0
20221205:1311,174.98,6.05,-2.77,0.62,0.0
20221205:1411,2.72,2.0,-2.82,0.9,0.0
20221205:1511,0.0,0.0,-2.99,1.1,0.0
20221205:1611,0.0,0.0,-3.0,1.17,0.0
20221205:1711,0.0,0.0,-2.84,1.38,0.0
20221205:1811,0.0,0.0,-2.88,1.52,0.0
20221205:1911,0.0,0.0,-3.89,1.72,0.0
20221205:2011,0.0,0.0,-3.6,1.79,0.0
20221205:2111,0.0,0.0,-3.46,1.86,0.0
20221205:2211,0.0,0.0,-3.08,1.86,0.0
20221205:2311,0.0,0.0,-2.84,1.79,0.0
20221206:0011,0.0,0.0,-2.38,1.66,0.0
20221206:0111,0.0,0.0,-1.76,1.59,0.0
20221206:0211,0.0,0.0,-1.66,1.45,0.0
20221206:0311,0.0,0.0,-2.24,1.45,0.0
20221206:0411,0.0,0.0,-2.75,1.52,0.0
20221206:0511,0.0,0.0,-3.3,1.52,0.0
20221206:0611,0.0,0.0,-3.87,1.59,0.0
20221206:0711,0.0,0.0,-4.69,1.66,0.0
20221206:0811,0.0,0.0,-4.78,1.59,0.0
20221206:0911,21.95,4.29,-4.31,1.38,0.0
20221206:1011,44.74,7.45,-2.62,1.1,0.0
20221206:1111,279.87,8.83,-1.79,0.76,0.0
20221206:1211,257.38,8.32,-1.21,0.55,0.0
20221206:1311,191.43,5.95,-0.86,0.9,0.0
20221206:1411,2.72,1.92,-0.96,1.03,0.0
20221206:1511,0.0,0.0,-1.52,1.1,0.0
20221206:1611,0.0,0.0,-2.13,1.31,0.0
20221206:1711,0.0,0.0,-3.96,1.79,0.0
20221206:1811,0.0,0.0,-6.18,2.14,0.0
20221206:1911,0.0,0.0,-6.81,2.21,0.0
20221206:2011,0.0,0.0,-7.56,2.34,0.0
20221206:2111,0.0,0.0,-7.63,2.34,0.0
20221206:2211,0.0,0.0,-7.56,2.28,0.0
20221206:2311,0.0,0.0,-7.88,2.28,0.0
20221207:0011,0.0,0.0,-7.74,2.21,0.0
20221207:0111,0.0,0.0,-7.68,2.07,0.0
20221207:0211,0.0,0.0,-7.74,2.07,0.0
20221207:0311,0.0,0.0,-7.32,1.93,0.0
20221207:0411,0.0,0.0,-7.42,1.93,0.0
20221207:0511,0.0,0.0,-7.12,1.79,0.0
20221207:0611,0.0,0.0,-6.38,1.72,0.0
20221207:0711,0.0,0.0,-6.3,1.59,0.0
20221207:0811,0.0,0.0,-6.31,1.52,0.0
20221207:0911,22.79,4.15,-6.02,1.45,0.0
20221207:1011,45.59,7.32,-5.27,1.17,0.0
20221207:1111,132.31,8.71,-4.33,0.9,0.0
20221207:1211,59.92,8.21,-3.68,0.9,0.0
20221207:1311,226.98,5.86,-3.51,0.97,0.0
20221207:1411,6.35,1.84,-3.65,1.1,0.0
20221207:1511,0.0,0.0,-3.83,1.17,0.0
20221207:1611,0.0,0.0,-4.06,1.38,0.0
20221207:1711,0.0,0.0,-4.59,1.45,0.0
20221207:1811,0.0,0.0,-5.09,1.52,0.0
20221207:1911,0.0,0.0,-5.38,1.59,0.0
20221207:2011,0.0,0.0,-6.09,1.72,0.0
20221207:2111,0.0,0.0,-6.85,1.72,0.0
20221207:2211,0.0,0.0,-7.28,1.66,0.0
20221207:2311,0.0,0.0,-7.27,1.66,0.0
20221208:0011,0.0,0.0,-7.26,1.72,0.0
20221208:0111,0.0,0.0,-6.99,1.59,0.0
20221208:0211,0.0,0.0,-6.87,1.59,0.0
20221208:0311,0.0,0.0,-6.82,1.66,0.0
20221208:0411,0.0,0.0,-6.25,1.59,0.0
20221208:0511,0.0,0.0,-5.05,1.38,0.0
20221208:0611,0.0,0.0,-4.42,0.97,0.0
20221208:0711,0.0,0.0,-3.95,0.83,0.0
20221208:0811,0.0,0.0,-6.05,1.86,0.0
20221208:0911,22.79,4.01,-4.62,1.66,0.0
20221208:1011,42.21,7.2,-2.25,0.83,0.0
20221208:1111,112.79,8.6,-1.79,0.62,0.0
20221208:1211,112.95,8.11,-3.1,1.38,0.0
20221208:1311,230.14,5.78,-3.34,1.38,0.0
20221208:1411,0.91,1.77,-2.93,1.24,0.0
20221208:1511,0.0,0.0,-3.47,1.17,0.0
20221208:1611,0.0,0.0,-3.66,1.03,0.0
20221208:1711,0.0,0.0,-4.19,1.17,0.0
20221208:1811,0.0,0.0,-4.89,1.24,0.0
20221208:1911,0.0,0.0,-5.45,1.38,0.0
20221208:2011,0.0,0.0,-5.66,1.24,0.0
20221208:2111,0.0,0.0,-5.63,1.17,0.0
20221208:2211,0.0,0.0,-5.0,1.17,0.0
20221208:2311,0.0,0.0,-4.95,1.24,0.0
20221209:0011,0.0,0.0,-5.39,1.38,0.0
20221209:0111,0.0,0.0,-6.48,1.52,0.0
20221209:0211,0.0,0.0,-7.12,1.59,0.0
20221209:0311,0.0,0.0,-8.48,2.07,0.0
20221209:0411,0.0,0.0,-9.29,2.48,0.0
20221209:0511,0.0,0.0,-8.96,2.76,0.0
20221209:0611,0.0,0.0,-8.5,2.97,0.0
20221209:0711,0.0,0.0,-7.65,3.1,0.0
20221209:0811,0.0,0.0,-7.03,3.17,0.0
20221209:0911,20.26,3.89,-6.91,2.76,0.0
20221209:1011,43.05,7.08,-6.37,3.1,0.0
20221209:1111,50.34,8.49,-5.78,3.38,0.0
20221209:1211,334.99,8.02,-5.45,3.59,0.0
20221209:1311,16.34,5.7,-5.4,3.66,0.0
20221209:1411,3.63,1.71,-5.71,3.24,0.0
20221209:1511,0.0,0.0,-5.98,2.97,0.0
20221209:1611,0.0,0.0,-6.2,3.59,0.0
20221209:1711,0.0,0.0,-6.43,3.66,0.0
20221209:1811,0.0,0.0,-6.89,3.59,0.0
20221209:1911,0.0,0.0,-7.19,3.59,0.0
20221209:2011,0.0,0.0,-7.47,3.59,0.0
20221209:2111,0.0,0.0,-7.76,3.45,0.0
20221209:2211,0.0,0.0,-7.94,3.38,0.0
20221209:2311,0.0,0.0,-8.3,3.31,0.0
20221210:0011,0.0,0.0,-8.7,3.31,0.0
20221210:0111,0.0,0.0,-8.91,3.38,0.0
20221210:0211,0.0,0.0,-9.33,3.31,0.0
20221210:0311,0.0,0.0,-9.85,3.1,0.0
20221210:0411,0.0,0.0,-10.75,2.9,0.0
20221210:0511,0.0,0.0,-11.46,2.62,0.0
20221210:0611,0.0,0.0,-11.47,2.48,0.0
20221210:0711,0.0,0.0,-10.99,2.34,0.0
20221210:0811,0.0,0.0,-10.29,2.14,0.0
20221210:0911,12.66,3.77,-8.95,1.86,0.0
20221210:1011,28.7,6.97,-7.42,1.66,0.0
20221210:1111,36.31,8.39,-7.32,1.72,0.0
20221210:1211,88.86,7.94,-8.29,1.86,0.0
20221210:1311,86.52,5.63,-7.62,1.66,0.0
20221210:1411,0.91,1.65,-6.93,1.45,0.0
20221210:1511,0.0,0.0,-7.32,1.38,0.0
20221210:1611,0.0,0.0,-7.72,1.38,0.0
20221210:1711,0.0,0.0,-8.24,1.45,0.0
20221210:1811,0.0,0.0,-8.69,1.52,0.0
20221210:1911,0.0,0.0,-8.97,1.45,0.0
20221210:2011,0.0,0.0,-9.02,1.45,0.0
20221210:2111,0.0,0.0,-9.06,1.38,0.0
20221210:2211,0.0,0.0,-9.22,1.38,0.0
20221210:2311,0.0,0.0,-9.35,1.45,0.0
20221211:0011,0.0,0.0,-9.4,1.45,0.0
20221211:0111,0.0,0.0,-9.51,1.52,0.0
20221211:0211,0.0,0.0,-9.38,1.52,0.0
20221211:0311,0.0,0.0,-9.32,1.59,0.0
20221211:0411,0.0,0.0,-9.32,1.59,0.0
20221211:0511,0.0,0.0,-9.36,1.66,0.0
20221211:0611,0.0,0.0,-9.73,1.66,0.0
20221211:0711,0.0,0.0,-10.04,1.79,0.0
20221211:0811,0.0,0.0,-10.47,1.79,0.0
20221211:0911,5.91,3.65,-10.72,2.0,0.0
20221211:1011,14.35,6.86,-10.66,2.14,0.0
20221211:1111,17.25,8.3,-9.15,2.83,0.0
20221211:1211,19.06,7.86,-8.43,3.03,0.0
20221211:1311,7.26,5.57,-8.15,3.31,0.0
20221211:1411,0.91,1.6,-8.62,3.52,0.0
20221211:1511,0.0,0.0,-9.31,3.45,0.0
20221211:1611,0.0,0.0,-9.73,3.59,0.0
20221211:1711,0.0,0.0,-9.89,3.66,0.0
20221211:1811,0.0,0.0,-9.82,3.66,0.0
20221211:1911,0.0,0.0,-9.86,3.45,0.0
20221211:2011,0.0,0.0,-9.95,3.59,0.0
20221211:2111,0.0,0.0,-9.77,3.72,0.0
20221211:2211,0.0,0.0,-9.61,3.72,0.0
20221211:2311,0.0,0.0,-9.5,3.79,0.0
20221212:0011,0.0,0.0,-9.53,3.79,0.0
20221212:0111,0.0,0.0,-9.71,3.72,0.0
20221212:0211,0.0,0.0,-9.86,3.59,0.0
20221212:0311,0.0,0.0,-10.14,3.38,0.0
20221212:0411,0.0,0.0,-10.46,3.24,0.0
20221212:0511,0.0,0.0,-10.72,3.17,0.0
20221212:0611,0.0,0.0,-10.95,3.17,0.0
20221212:0711,0.0,0.0,-10.49,3.45,0.0
20221212:0811,0.0,0.0,-10.26,3.45,0.0
20221212:0911,2.53,3.55,-9.85,3.38,0.0
20221212:1011,20.26,6.77,-9.5,2.76,0.0
20221212:1111,36.31,8.22,-9.05,2.76,0.0
20221212:1211,36.31,7.79,-8.74,2.62,0.0
20221212:1311,19.06,5.51,-8.48,2.69,0.0
20221212:1411,0.91,1.56,-8.48,3.03,0.0
20221212:1511,0.0,0.0,-8.72,2.9,0.0
20221212:1611,0.0,0.0,-9.4,2.55,0.0
20221212:1711,0.0,0.0,-10.61,2.34,0.0
20221212:1811,0.0,0.0,-11.65,2.28,0.0
20221212:1911,0.0,0.0,-11.46,2.21,0.0
20221212:2011,0.0,0.0,-11.47,2.07,0.0
20221212:2111,0.0,0.0,-11.59,2.0,0.0
20221212:2211,0.0,0.0,-11.66,2.0,0.0
20221212:2311,0.0,0.0,-11.32,1.86,0.0
20221213:0011,0.0,0.0,-11.19,1.79,0.0
20221213:0111,0.0,0.0,-10.77,1.66,0.0
20221213:0211,0.0,0.0,-11.11,1.66,0.0
20221213:0311,0.0,0.0,-11.58,1.72,0.0
20221213:0411,0.0,0.0,-12.01,1.72,0.0
20221213:0511,0.0,0.0,-12.03,1.66,0.0
20221213:0611,0.0,0.0,-12.27,1.66,0.0
20221213:0711,0.0,0.0,-9.4,1.45,0.0
20221213:0811,0.0,0.0,-10.03,1.45,0.0
20221213:0911,4.22,3.45,-9.59,1.31,0.0
20221213:1011,21.95,6.68,-9.2,1.31,0.0
20221213:1111,16.34,8.14,-8.51,1.38,0.0
20221213:1211,141.51,7.73,-7.22,1.38,0.0
20221213:1311,19.06,5.47,-6.59,1.72,0.0
20221213:1411,0.91,1.53,-6.01,1.79,0.0
20221213:1511,0.0,0.0,-5.47,2.0,0.0
20221213:1611,0.0,0.0,-5.16,1.72,0.0
20221213:1711,0.0,0.0,-4.56,1.52,0.0
20221213:1811,0.0,0.0,-3.94,1.45,0.0
20221213:1911,0.0,0.0,-3.61,1.1,0.0
20221213:2011,0.0,0.0,-4.63,1.59,0.0
20221213:2111,0.0,0.0,-5.16,1.93,0.0
20221213:2211,0.0,0.0,-5.97,2.14,0.0
20221213:2311,0.0,0.0,-7.25,2.14,0.0
20221214:0011,0.0,0.0,-7.98,1.79,0.0
20221214:0111,0.0,0.0,-7.51,1.59,0.0
20221214:0211,0.0,0.0,-6.78,1.45,0.0
20221214:0311,0.0,0.0,-7.34,1.52,0.0
20221214:0411,0.0,0.0,-7.72,1.59,0.0
20221214:0511,0.0,0.0,-7.99,1.72,0.0
20221214:0611,0.0,0.0,-8.97,1.79,0.0
20221214:0711,0.0,0.0,-12.9,2.14,0.0
20221214:0811,0.0,0.0,-13.8,2.0,0.0
20221214:0911,16.88,3.36,-14.79,2.0,0.0
20221214:1011,40.52,6.6,-14.14,1.79,0.0
20221214:1111,19.06,8.08,-12.74,1.52,0.0
20221214:1211,14.53,7.68,-11.86,1.45,0.0
20221214:1311,17.25,5.43,-11.75,1.45,0.0
20221214:1411,0.91,1.51,-12.01,1.66,0.0
20221214:1511,0.0,0.0,-13.15,1.79,0.0
20221214:1611,0.0,0.0,-14.09,1.86,0.0
20221214:1711,0.0,0.0,-15.48,1.86,0.0
20221214:1811,0.0,0.0,-15.99,1.93,0.0
20221214:1911,0.0,0.0,-13.99,1.79,0.0
20221214:2011,0.0,0.0,-12.8,1.72,0.0
20221214:2111,0.0,0.0,-12.79,1.59,0.0
20221214:2211,0.0,0.0,-13.35,1.66,0.0
20221214:2311,0.0,0.0,-13.33,1.72,0.0
20221215:0011,0.0,0.0,-13.5,1.79,0.0
20221215:0111,0.0,0.0,-13.55,1.79,0.0
20221215:0211,0.0,0.0,-13.21,1.79,0.0
20221215:0311,0.0,0.0,-12.03,1.86,0.0
20221215:0411,0.0,0.0,-11.41,1.86,0.0
20221215:0511,0.0,0.0,-10.94,1.93,0.0
20221215:0611,0.0,0.0,-10.99,2.07,0.0
20221215:0711,0.0,0.0,-12.35,2.07,0.0
20221215:0811,0.0,0.0,-12.64,2.0,0.0
20221215:0911,7.6,3.27,-12.87,1.93,0.0
20221215:1011,27.86,6.52,-12.14,1.79,0.0
20221215:1111,20.88,8.01,-10.06,1.66,0.0
20221215:1211,16.34,7.63,-8.36,1.52,0.0
20221215:1311,12.71,5.4,-7.08,1.52,0.0
20221215:1411,0.91,1.49,-5.93,1.45,0.0
20221215:1511,0.0,0.0,-5.65,1.38,0.0
20221215:1611,0.0,0.0,-5.83,1.31,0.0
20221215:1711,0.0,0.0,-6.11,1.24,0.0
20221215:1811,0.0,0.0,-6.43,1.31,0.0
20221215:1911,0.0,0.0,-7.11,1.45,0.0
20221215:2011,0.0,0.0,-7.02,1.38,0.0
20221215:2111,0.0,0.0,-7.17,1.52,0.0
20221215:2211,0.0,0.0,-7.36,1.66,0.0
20221215:2311,0.0,0.0,-7.91,1.72,0.0
20221216:0011,0.0,0.0,-8.5,1.72,0.0
20221216:0111,0.0,0.0,-10.07,1.79,0.0
20221216:0211,0.0,0.0,-11.7,1.79,0.0
20221216:0311,0.0,0.0,-10.62,1.72,0.0
20221216:0411,0.0,0.0,-8.88,1.59,0.0
20221216:0511,0.0,0.0,-6.87,1.45,0.0
20221216:0611,0.0,0.0,-5.87,1.45,0.0
20221216:0711,0.0,0.0,-6.2,2.0,0.0
20221216:0811,0.0,0.0,-6.04,2.14,0.0
20221216:0911,11.82,3.19,-5.3,2.07,0.0
20221216:1011,36.3,6.46,-4.58,2.14,0.0
20221216:1111,177.85,7.96,-3.43,2.14,0.0
20221216:1211,20.88,7.59,-3.09,1.66,0.0
20221216:1311,5.45,5.37,-2.74,1.52,0.0
20221216:1411,0.91,1.48,-2.73,1.52,0.0
20221216:1511,0.0,0.0,-3.15,1.31,0.0
20221216:1611,0.0,0.0,-3.55,1.45,0.0
20221216:1711,0.0,0.0,-3.48,1.52,0.0
20221216:1811,0.0,0.0,-3.24,1.52,0.0
20221216:1911,0.0,0.0,-3.38,1.52,0.0
20221216:2011,0.0,0.0,-3.31,1.52,0.0
20221216:2111,0.0,0.0,-3.5,1.59,0.0
20221216:2211,0.0,0.0,-3.68,1.72,0.0
20221216:2311,0.0,0.0,-4.2,1.79,0.0
20221217:0011,0.0,0.0,-3.74,1.52,0.0
20221217:0111,0.0,0.0,-3.4,1.52,0.0
20221217:0211,0.0,0.0,-3.27,1.79,0.0
20221217:0311,0.0,0.0,-3.08,1.72,0.0
20221217:0411,0.0,0.0,-2.02,1.79,0.0
20221217:0511,0.0,0.0,-0.31,2.97,0.0
20221217:0611,0.0,0.0,0.16,3.17,0.0
20221217:0711,0.0,0.0,0.22,3.03,0.0
20221217:0811,0.0,0.0,0.28,2.83,0.0
20221217:0911,10.13,3.12,0.22,2.69,0.0
20221217:1011,16.04,6.4,0.11,2.48,0.0
20221217:1111,35.41,7.92,0.06,2.0,0.0
20221217:1211,9.99,7.56,-0.05,1.86,0.0
20221217:1311,16.34,5.36,-0.11,1.72,0.0
20221217:1411,0.91,1.47,-0.06,2.0,0.0
20221217:1511,0.0,0.0,0.34,1.93,0.0
20221217:1611,0.0,0.0,0.44,1.79,0.0
20221217:1711,0.0,0.0,0.38,1.79,0.0
20221217:1811,0.0,0.0,0.32,1.66,0.0
20221217:1911,0.0,0.0,0.4,1.66,0.0
20221217:2011,0.0,0.0,0.16,1.66,0.0
20221217:2111,0.0,0.0,0.31,2.28,0.0
20221217:2211,0.0,0.0,0.28,2.48,0.0
20221217:2311,0.0,0.0,0.1,2.48,0.0
20221218:0011,0.0,0.0,0.43,1.79,0.0
20221218:0111,0.0,0.0,0.49,2.14,0.0
20221218:0211,0.0,0.0,0.68,2.48,0.0
20221218:0311,0.0,0.0,0.63,2.55,0.0
20221218:0411,0.0,0.0,0.6,3.31,0.0
20221218:0511,0.0,0.0,0.66,3.17,0.0
20221218:0611,0.0,0.0,-0.35,2.62,0.0
20221218:0711,0.0,0.0,-1.57,2.48,0.0
20221218:0811,0.0,0.0,-2.53,2.28,0.0
20221218:0911,7.6,3.06,-2.36,2.0,0.0
20221218:1011,8.44,6.35,-1.77,1.72,0.0
20221218:1111,28.14,7.88,-0.82,1.45,0.0
20221218:1211,12.71,7.54,-0.14,1.03,0.0
20221218:1311,9.08,5.35,-0.02,0.62,0.0
20221218:1411,0.91,1.48,-0.26,0.28,0.0
20221218:1511,0.0,0.0,-0.8,0.83,0.0
20221218:1611,0.0,0.0,-1.33,1.31,0.0
20221218:1711,0.0,0.0,-2.09,1.59,0.0
20221218:1811,0.0,0.0,-1.89,1.66,0.0
20221218:1911,0.0,0.0,-1.61,1.72,0.0
20221218:2011,0.0,0.0,-1.61,2.07,0.0
20221218:2111,0.0,0.0,-1.27,2.62,0.0
20221218:2211,0.0,0.0,-0.7,3.24,0.0
20221218:2311,0.0,0.0,-0.88,3.52,0.0
20221219:0011,0.0,0.0,-1.78,3.59,0.0
20221219:0111,0.0,0.0,-2.58,3.93,0.0
20221219:0211,0.0,0.0,-3.14,4.14,0.0
20221219:0311,0.0,0.0,-3.47,4.21,0.0
20221219:0411,0.0,0.0,-3.55,4.83,0.0
20221219:0511,0.0,0.0,-3.61,4.14,0.0
20221219:0611,0.0,0.0,-3.4,4.97,0.0
20221219:0711,0.0,0.0,-3.03,3.59,0.0
20221219:0811,0.0,0.0,-2.77,3.79,0.0
20221219:0911,4.22,3.0,-2.65,3.66,0.0
20221219:1011,9.29,6.3,-2.61,3.66,0.0
20221219:1111,8.17,7.85,-2.52,3.72,0.0
20221219:1211,13.62,7.52,-2.35,3.72,0.0
20221219:1311,349.26,5.35,-2.13,3.72,0.0
20221219:1411,0.91,1.49,-1.85,3.59,0.0
20221219:1511,0.0,0.0,-1.56,3.79,0.0
20221219:1611,0.0,0.0,-1.23,4.21,0.0
20221219:1711,0.0,0.0,-0.98,3.86,0.0
20221219:1811,0.0,0.0,-0.67,3.03,0.0
20221219:1911,0.0,0.0,-0.19,2.48,0.0
20221219:2011,0.0,0.0,0.12,2.07,0.0
20221219:2111,0.0,0.0,0.27,1.86,0.0
20221219:2211,0.0,0.0,0.64,1.79,0.0
20221219:2311,0.0,0.0,0.61,1.59,0.0
20221220:0011,0.0,0.0,0.68,1.59,0.0
20221220:0111,0.0,0.0,0.93,1.79,0.0
20221220:0211,0.0,0.0,1.27,1.79,0.0
20221220:0311,0.0,0.0,1.9,1.59,0.0
20221220:0411,0.0,0.0,2.62,1.86,0.0
20221220:0511,0.0,0.0,2.78,2.07,0.0
20221220:0611,0.0,0.0,2.86,1.86,0.0
20221220:0711,0.0,0.0,2.72,1.38,0.0
20221220:0811,0.0,0.0,2.7,1.24,0.0
20221220:0911,11.82,2.95,1.58,1.52,0.0
20221220:1011,12.66,6.26,1.64,1.38,0.0
20221220:1111,23.6,7.82,1.73,1.24,0.0
20221220:1211,71.1,7.51,1.63,1.17,0.0
20221220:1311,5.45,5.35,1.32,1.24,0.0
20221220:1411,0.91,1.51,1.29,0.97,0.0
20221220:1511,0.0,0.0,2.88,0.83,0.0
20221220:1611,0.0,0.0,1.82,1.72,0.0
20221220:1711,0.0,0.0,1.72,1.45,0.0
20221220:1811,0.0,0.0,1.88,0.97,0.0
20221220:1911,0.0,0.0,1.73,1.03,0.0
20221220:2011,0.0,0.0,1.4,1.24,0.0
20221220:2111,0.0,0.0,1.75,1.66,0.0
20221220:2211,0.0,0.0,1.81,1.93,0.0
20221220:2311,0.0,0.0,1.63,1.72,0.0
20221221:0011,0.0,0.0,1.63,1.86,0.0
20221221:0111,0.0,0.0,1.45,2.0,0.0
20221221:0211,0.0,0.0,1.26,2.0,0.0
20221221:0311,0.0,0.0,0.91,1.72,0.0
20221221:0411,0.0,0.0,0.85,1.66,0.0
20221221:0511,0.0,0.0,0.76,1.72,0.0
20221221:0611,0.0,0.0,0.28,1.72,0.0
20221221:0711,0.0,0.0,0.7,1.93,0.0
20221221:0811,0.0,0.0,0.87,1.93,0.0
20221221:0911,2.53,2.91,0.86,1.79,0.0
20221221:1011,5.91,6.24,1.39,2.07,0.0
20221221:1111,25.42,7.81,1.3,2.14,0.0
20221221:1211,16.34,7.51,1.1,1.66,0.0
20221221:1311,17.25,5.37,1.16,1.45,0.0
20221221:1411,0.91,1.54,1.15,1.45,0.0
20221221:1511,0.0,0.0,0.81,1.24,0.0
20221221:1611,0.0,0.0,0.35,1.45,0.0
20221221:1711,0.0,0.0,-0.49,1.45,0.0
20221221:1811,0.0,0.0,-0.61,1.45,0.0
20221221:1911,0.0,0.0,0.41,1.45,0.0
20221221:2011,0.0,0.0,0.71,1.45,0.0
20221221:2111,0.0,0.0,0.79,1.45,0.0
20221221:2211,0.0,0.0,0.86,1.45,0.0
20221221:2311,0.0,0.0,0.91,1.45,0.0
20221222:0011,0.0,0.0,0.96,1.59,0.0
20221222:0111,0.0,0.0,0.9,1.45,0.0
20221222:0211,0.0,0.0,0.92,1.52,0.0
20221222:0311,0.0,0.0,0.92,1.52,0.0
20221222:0411,0.0,0.0,0.92,1.38,0.0
20221222:0511,0.0,0.0,0.72,1.31,0.0
20221222:0611,0.0,0.0,0.65,1.31,0.0
20221222:0711,0.0,0.0,0.66,1.31,0.0
20221222:0811,0.0,0.0,0.71,1.31,0.0
20221222:0911,10.13,2.88,0.69,1.24,0.0
20221222:1011,34.61,6.21,0.5,1.1,0.0
20221222:1111,16.34,7.8,1.04,0.83,0.0
20221222:1211,18.16,7.52,0.91,0.9,0.0
20221222:1311,12.71,5.39,0.99,0.83,0.0
20221222:1411,0.91,1.57,0.87,1.03,0.0
20221222:1511,0.0,0.0,0.91,1.38,0.0
20221222:1611,0.0,0.0,0.96,1.86,0.0
20221222:1711,0.0,0.0,0.96,2.28,0.0
20221222:1811,0.0,0.0,0.7,2.34,0.0
20221222:1911,0.0,0.0,-1.03,2.14,0.0
20221222:2011,0.0,0.0,-1.14,2.21,0.0
20221222:2111,0.0,0.0,-1.16,2.34,0.0
20221222:2211,0.0,0.0,-1.52,2.41,0.0
20221222:2311,0.0,0.0,-2.69,2.48,0.0
20221223:0011,0.0,0.0,-3.09,2.55,0.0
20221223:0111,0.0,0.0,-3.29,2.55,0.0
20221223:0211,0.0,0.0,-3.96,2.28,0.0
20221223:0311,0.0,0.0,-4.48,2.0,0.0
20221223:0411,0.0,0.0,-4.78,1.86,0.0
20221223:0511,0.0,0.0,-4.95,1.79,0.0
20221223:0611,0.0,0.0,-5.16,1.79,0.0
20221223:0711,0.0,0.0,-6.04,1.93,0.0
20221223:0811,0.0,0.0,-6.57,1.93,0.0
20221223:0911,2.53,2.85,-7.18,1.93,0.0
20221223:1011,26.17,6.2,-7.12,1.93,0.0
20221223:1111,224.85,7.8,-6.76,1.86,0.0
20221223:1211,301.38,7.54,-6.68,1.79,0.0
20221223:1311,431.82,5.42,-7.14,1.79,0.0
20221223:1411,0.91,1.61,-8.4,2.0,0.0
20221223:1511,0.0,0.0,-9.63,2.21,0.0
20221223:1611,0.0,0.0,-10.18,2.21,0.0
20221223:1711,0.0,0.0,-10.62,2.21,0.0
20221223:1811,0.0,0.0,-11.03,2.14,0.0
20221223:1911,0.0,0.0,-11.04,1.66,0.0
20221223:2011,0.0,0.0,-12.19,1.66,0.0
20221223:2111,0.0,0.0,-12.3,1.79,0.0
20221223:2211,0.0,0.0,-12.45,1.72,0.0
20221223:2311,0.0,0.0,-12.51,1.79,0.0
20221224:0011,0.0,0.0,-13.13,1.86,0.0
20221224:0111,0.0,0.0,-13.94,1.79,0.0
20221224:0211,0.0,0.0,-14.32,1.86,0.0
20221224:0311,0.0,0.0,-14.58,1.79,0.0
20221224:0411,0.0,0.0,-14.64,1.72,0.0
20221224:0511,0.0,0.0,-13.95,1.93,0.0
20221224:0611,0.0,0.0,-12.45,1.86,0.0
20221224:0711,0.0,0.0,-8.37,1.66,0.0
20221224:0811,0.0,0.0,-7.43,1.52,0.0
20221224:0911,9.29,2.83,-7.07,1.52,0.0
20221224:1011,33.77,6.19,-6.49,1.38,0.0
20221224:1111,109.41,7.81,-6.74,1.52,0.0
20221224:1211,198.66,7.56,-6.63,1.59,0.0
20221224:1311,113.87,5.45,-6.77,1.66,0.0
20221224:1411,0.91,1.66,-7.26,1.86,0.0
20221224:1511,0.0,0.0,-7.51,2.0,0.0
20221224:1611,0.0,0.0,-7.45,2.21,0.0
20221224:1711,0.0,0.0,-7.39,2.48,0.0
20221224:1811,0.0,0.0,-6.88,2.55,0.0
20221224:1911,0.0,0.0,-7.07,2.55,0.0
20221224:2011,0.0,0.0,-6.24,2.83,0.0
20221224:2111,0.0,0.0,-5.82,2.97,0.0
20221224:2211,0.0,0.0,-5.02,3.17,0.0
20221224:2311,0.0,0.0,-4.45,3.31,0.0
20221225:0011,0.0,0.0,-4.37,3.24,0.0
20221225:0111,0.0,0.0,-4.45,3.17,0.0
20221225:0211,0.0,0.0,-3.86,3.31,0.0
20221225:0311,0.0,0.0,-3.53,3.45,0.0
20221225:0411,0.0,0.0,-3.37,3.59,0.0
20221225:0511,0.0,0.0,-2.89,3.86,0.0
20221225:0611,0.0,0.0,-2.61,4.41,0.0
20221225:0711,0.0,0.0,-1.74,4.21,0.0
20221225:0811,0.0,0.0,-1.37,3.86,0.0
20221225:0911,1.69,2.82,-1.13,3.45,0.0
20221225:1011,8.44,6.2,-0.85,2.55,0.0
20221225:1111,8.17,7.83,-0.55,1.93,0.0
20221225:1211,45.71,7.59,-0.17,1.86,0.0
20221225:1311,34.85,5.5,0.05,1.93,0.0
20221225:1411,0.91,1.72,0.28,1.93,0.0
20221225:1511,0.0,0.0,0.42,2.0,0.0
20221225:1611,0.0,0.0,0.88,1.93,0.0
20221225:1711,0.0,0.0,0.95,1.93,0.0
20221225:1811,0.0,0.0,1.01,1.86,0.0
20221225:1911,0.0,0.0,0.84,2.0,0.0
20221225:2011,0.0,0.0,0.87,1.72,0.0
20221225:2111,0.0,0.0,0.93,1.59,0.0
20221225:2211,0.0,0.0,1.04,1.66,0.0
20221225:2311,0.0,0.0,1.09,1.79,0.0
20221226:0011,0.0,0.0,1.13,1.86,0.0
20221226:0111,0.0,0.0,1.17,1.79,0.0
20221226:0211,0.0,0.0,1.06,1.72,0.0
20221226:0311,0.0,0.0,1.08,1.72,0.0
20221226:0411,0.0,0.0,1.26,1.86,0.0
20221226:0511,0.0,0.0,1.28,1.93,0.0
20221226:0611,0.0,0.0,1.15,1.72,0.0
20221226:0711,0.0,0.0,1.51,1.86,0.0
20221226:0811,0.0,0.0,1.09,1.86,0.0
20221226:0911,1.69,2.82,1.18,2.34,0.0
20221226:1011,5.91,6.2,1.1,1.72,0.0
20221226:1111,35.41,7.85,0.88,1.31,0.0
20221226:1211,15.43,7.63,0.41,2.14,0.0
20221226:1311,8.17,5.55,-0.13,2.07,0.0
20221226:1411,0.91,1.78,-0.33,2.21,0.0
20221226:1511,0.0,0.0,-0.71,2.21,0.0
20221226:1611,0.0,0.0,-0.45,2.48,0.0
20221226:1711,0.0,0.0,-0.8,2.55,0.0
20221226:1811,0.0,0.0,-0.94,3.03,0.0
20221226:1911,0.0,0.0,-0.8,2.83,0.0
20221226:2011,0.0,0.0,-0.76,2.9,0.0
20221226:2111,0.0,0.0,-1.03,2.55,0.0
20221226:2211,0.0,0.0,-0.36,3.31,0.0
20221226:2311,0.0,0.0,-0.51,3.17,0.0
20221227:0011,0.0,0.0,0.0,3.66,0.0
20221227:0111,0.0,0.0,-0.27,4.21,0.0
20221227:0211,0.0,0.0,-0.78,4.41,0.0
20221227:0311,0.0,0.0,-1.1,4.28,0.0
20221227:0411,0.0,0.0,-0.87,4.34,0.0
20221227:0511,0.0,0.0,-0.97,4.55,0.0
20221227:0611,0.0,0.0,-0.85,3.93,0.0
20221227:0711,0.0,0.0,-1.23,4.21,0.0
20221227:0811,0.0,0.0,-1.48,3.38,0.0
20221227:0911,1.69,2.82,-1.74,3.03,0.0
20221227:1011,26.17,6.22,-1.78,2.83,0.0
20221227:1111,78.92,7.88,-2.3,2.69,0.0
20221227:1211,10.89,7.67,-2.68,2.41,0.0
20221227:1311,5.45,5.61,-3.12,2.0,0.0
20221227:1411,0.91,1.85,-3.51,1.72,0.0
20221227:1511,0.0,0.0,-3.08,1.31,0.0
20221227:1611,0.0,0.0,-2.66,0.97,0.0
20221227:1711,0.0,0.0,-2.45,0.62,0.0
20221227:1811,0.0,0.0,-2.62,0.0,0.0
20221227:1911,0.0,0.0,-3.08,0.9,0.0
20221227:2011,0.0,0.0,-3.9,1.38,0.0
20221227:2111,0.0,0.0,-5.96,1.52,0.0
20221227:2211,0.0,0.0,-5.97,1.66,0.0
20221227:2311,0.0,0.0,-5.32,1.93,0.0
20221228:0011,0.0,0.0,-4.22,2.34,0.0
20221228:0111,0.0,0.0,-3.49,3.1,0.0
20221228:0211,0.0,0.0,-3.18,3.86,0.0
20221228:0311,0.0,0.0,-3.14,4.28,0.0
20221228:0411,0.0,0.0,-3.01,4.55,0.0
20221228:0511,0.0,0.0,-3.1,4.83,0.0
20221228:0611,0.0,0.0,-3.29,4.76,0.0
20221228:0711,0.0,0.0,-3.39,4.48,0.0
20221228:0811,0.0,0.0,-3.16,4.21,0.0
20221228:0911,1.69,2.83,-2.9,4.07,0.0
20221228:1011,5.91,6.25,-2.75,3.72,0.0
20221228:1111,19.97,7.92,-2.64,3.38,0.0
20221228:1211,471.87,7.73,-2.53,2.76,0.0
20221228:1311,75.53,5.68,-2.47,2.62,0.0
20221228:1411,0.91,1.93,-2.43,2.69,0.0
20221228:1511,0.0,0.0,-2.49,3.03,0.0
20221228:1611,0.0,0.0,-2.57,3.31,0.0
20221228:1711,0.0,0.0,-2.66,3.31,0.0
20221228:1811,0.0,0.0,-2.66,3.38,0.0
20221228:1911,0.0,0.0,-2.68,3.31,0.0
20221228:2011,0.0,0.0,-2.75,3.52,0.0
20221228:2111,0.0,0.0,-2.85,3.86,0.0
20221228:2211,0.0,0.0,-3.0,4.07,0.0
20221228:2311,0.0,0.0,-3.07,4.28,0.0
20221229:0011,0.0,0.0,-3.1,4.9,0.0
20221229:0111,0.0,0.0,-2.71,4.62,0.0
20221229:0211,0.0,0.0,-2.57,4.07,0.0
20221229:0311,0.0,0.0,-2.41,3.38,0.0
20221229:0411,0.0,0.0,-2.06,2.69,0.0
20221229:0511,0.0,0.0,-1.73,2.28,0.0
20221229:0611,0.0,0.0,-1.46,2.28,0.0
20221229:0711,0.0,0.0,-0.07,2.48,0.0
20221229:0811,0.0,0.0,0.54,2.34,0.0
20221229:0911,4.22,2.85,1.01,2.21,0.0
20221229:1011,25.33,6.28,1.72,2.55,0.0
20221229:1111,18.16,7.97,2.26,3.31,0.0
20221229:1211,45.52,7.79,2.12,3.31,0.0
20221229:1311,5.45,5.75,1.62,2.97,0.0
20221229:1411,0.91,2.01,1.75,3.31,0.0
20221229:1511,0.0,0.0,1.85,3.45,0.0
20221229:1611,0.0,0.0,2.12,3.79,0.0
20221229:1711,0.0,0.0,2.07,3.86,0.0
20221229:1811,0.0,0.0,1.55,3.45,0.0
20221229:1911,0.0,0.0,1.48,2.83,0.0
20221229:2011,0.0,0.0,1.16,2.28,0.0
20221229:2111,0.0,0.0,0.95,1.66,0.0
20221229:2211,0.0,0.0,0.69,1.38,0.0
20221229:2311,0.0,0.0,0.39,1.17,0.0
20221230:0011,0.0,0.0,-0.08,1.17,0.0
20221230:0111,0.0,0.0,-0.26,1.24,0.0
20221230:0211,0.0,0.0,-0.3,1.17,0.0
20221230:0311,0.0,0.0,0.1,1.45,0.0
20221230:0411,0.0,0.0,0.46,2.21,0.0
20221230:0511,0.0,0.0,0.18,2.41,0.0
20221230:0611,0.0,0.0,0.04,2.0,0.0
20221230:0711,0.0,0.0,0.22,0.9,0.0
20221230:0811,0.0,0.0,-1.28,1.52,0.0
20221230:0911,2.53,2.87,-1.61,2.0,0.0
20221230:1011,15.2,6.32,-0.52,2.55,0.0
20221230:1111,25.42,8.02,0.78,3.52,0.0
20221230:1211,12.71,7.86,1.36,4.41,0.0
20221230:1311,9.99,5.83,1.92,4.69,0.0
20221230:1411,0.91,2.1,2.69,5.45,0.0
20221230:1511,0.0,0.0,2.98,4.97,0.0
20221230:1611,0.0,0.0,2.6,4.83,0.0
20221230:1711,0.0,0.0,2.24,4.62,0.0
20221230:1811,0.0,0.0,2.17,4.34,0.0
20221230:1911,0.0,0.0,2.03,4.76,0.0
20221230:2011,0.0,0.0,2.6,4.62,0.0
20221230:2111,0.0,0.0,2.81,3.38,0.0
20221230:2211,0.0,0.0,3.33,3.79,0.0
20221230:2311,0.0,0.0,3.52,5.31,0.0
20221231:0011,0.0,0.0,3.21,5.24,0.0
20221231:0111,0.0,0.0,3.36,5.59,0.0
20221231:0211,0.0,0.0,2.93,4.76,0.0
20221231:0311,0.0,0.0,2.78,5.24,0.0
20221231:0411,0.0,0.0,2.54,5.03,0.0
20221231:0511,0.0,0.0,2.24,5.38,0.0
20221231:0611,0.0,0.0,2.09,5.52,0.0
20221231:0711,0.0,0.0,2.43,6.14,0.0
20221231:0811,0.0,0.0,1.7,7.59,0.0
20221231:0911,14.35,2.9,0.96,5.17,0.0
20221231:1011,36.3,6.37,0.94,4.62,0.0
20221231:1111,181.07,8.09,0.76,3.66,0.0
20221231:1211,88.75,7.93,0.71,3.17,0.0
20221231:1311,190.05,5.92,0.27,2.07,0.0
20221231:1411,7.26,2.2,-0.36,1.24,0.0
20221231:1511,0.0,0.0,-0.64,0.62,0.0
20221231:1611,0.0,0.0,-0.76,0.41,0.0
20221231:1711,0.0,0.0,-0.92,0.34,0.0
20221231:1811,0.0,0.0,-1.29,0.07,0.0
20221231:1911,0.0,0.0,-0.51,0.55,0.0
20221231:2011,0.0,0.0,-0.61,0.34,0.0
20221231:2111,0.0,0.0,-0.85,0.69,0.0
20221231:2211,0.0,0.0,-2.47,1.17,0.0
20221231:2311,0.0,0.0,-2.79,1.24,0.0

G(i): Global irradiance on the inclined plane (plane of the array) (W/m2)
H_sun: Sun height (degree)
T2m: 2-m air temperature (degree Celsius)
WS10m: 10-m total wind speed (m/s)
Int: 1 means solar radiation values are reconstructed



PVGIS (c) European Union, 2001-2026