Latitude (decimal degrees):	58.641
Longitude (decimal degrees):	6.578
Elevation (m):	463
Radiation database:	PVGIS-SARAH3


Slope: 60 deg. 
Azimuth: -179 deg. 
time,G(i),H_sun,T2m,WS10m,Int
20220101:0011,0.0,0.0,1.61,1.86,0.0
20220101:0111,0.0,0.0,1.5,1.72,0.0
20220101:0211,0.0,0.0,1.24,1.59,0.0
20220101:0311,0.0,0.0,1.58,1.1,0.0
20220101:0411,0.0,0.0,0.44,1.59,0.0
20220101:0511,0.0,0.0,0.2,1.52,0.0
20220101:0611,0.0,0.0,-0.02,1.66,0.0
20220101:0711,0.0,0.0,-0.89,1.72,0.0
20220101:0811,0.0,0.0,-0.29,1.93,0.0
20220101:0911,1.38,2.96,0.22,2.28,0.0
20220101:1011,17.89,6.44,0.01,2.21,0.0
20220101:1111,6.88,8.18,0.34,2.41,0.0
20220101:1211,15.14,8.04,0.63,2.62,0.0
20220101:1311,24.78,6.04,0.5,2.83,0.0
20220101:1411,1.38,2.34,0.23,3.1,0.0
20220101:1511,0.0,0.0,0.0,3.1,0.0
20220101:1611,0.0,0.0,-0.07,2.48,0.0
20220101:1711,0.0,0.0,-0.09,2.14,0.0
20220101:1811,0.0,0.0,0.01,1.86,0.0
20220101:1911,0.0,0.0,0.67,1.03,0.0
20220101:2011,0.0,0.0,0.83,0.97,0.0
20220101:2111,0.0,0.0,0.99,0.9,0.0
20220101:2211,0.0,0.0,1.76,0.62,0.0
20220101:2311,0.0,0.0,2.44,0.97,0.0
20220102:0011,0.0,0.0,2.27,1.52,0.0
20220102:0111,0.0,0.0,2.42,1.72,0.0
20220102:0211,0.0,0.0,2.61,1.93,0.0
20220102:0311,0.0,0.0,2.78,2.28,0.0
20220102:0411,0.0,0.0,3.1,2.55,0.0
20220102:0511,0.0,0.0,2.8,2.07,0.0
20220102:0611,0.0,0.0,3.01,2.0,0.0
20220102:0711,0.0,0.0,3.03,1.79,0.0
20220102:0811,0.0,0.0,3.15,1.66,0.0
20220102:0911,5.51,3.01,3.0,1.59,0.0
20220102:1011,30.97,6.5,3.55,1.24,0.0
20220102:1111,22.71,8.25,3.93,1.1,0.0
20220102:1211,7.57,8.13,3.14,1.45,0.0
20220102:1311,23.4,6.15,2.84,1.72,0.0
20220102:1411,1.38,2.45,2.95,1.66,0.0
20220102:1511,0.0,0.0,2.9,1.45,0.0
20220102:1611,0.0,0.0,2.61,1.59,0.0
20220102:1711,0.0,0.0,2.51,1.66,0.0
20220102:1811,0.0,0.0,2.25,1.93,0.0
20220102:1911,0.0,0.0,2.36,2.21,0.0
20220102:2011,0.0,0.0,2.03,1.79,0.0
20220102:2111,0.0,0.0,1.76,1.45,0.0
20220102:2211,0.0,0.0,1.63,1.24,0.0
20220102:2311,0.0,0.0,1.64,0.97,0.0
20220103:0011,0.0,0.0,1.48,0.9,0.0
20220103:0111,0.0,0.0,1.78,1.24,0.0
20220103:0211,0.0,0.0,1.53,1.31,0.0
20220103:0311,0.0,0.0,1.41,1.52,0.0
20220103:0411,0.0,0.0,1.36,1.45,0.0
20220103:0511,0.0,0.0,1.35,1.59,0.0
20220103:0611,0.0,0.0,1.47,1.72,0.0
20220103:0711,0.0,0.0,2.52,2.97,0.0
20220103:0811,0.0,0.0,2.26,2.41,0.0
20220103:0911,2.06,3.06,2.03,2.76,0.0
20220103:1011,19.27,6.57,2.5,2.83,0.0
20220103:1111,6.88,8.34,2.41,2.48,0.0
20220103:1211,11.7,8.24,2.76,2.9,0.0
20220103:1311,29.59,6.26,2.16,2.0,0.0
20220103:1411,5.51,2.57,1.11,2.55,0.0
20220103:1511,0.0,0.0,0.13,3.45,0.0
20220103:1611,0.0,0.0,-0.97,3.24,0.0
20220103:1711,0.0,0.0,-2.09,3.03,0.0
20220103:1811,0.0,0.0,-2.62,3.03,0.0
20220103:1911,0.0,0.0,-2.71,2.76,0.0
20220103:2011,0.0,0.0,-2.37,2.69,0.0
20220103:2111,0.0,0.0,-2.11,2.69,0.0
20220103:2211,0.0,0.0,-1.9,2.97,0.0
20220103:2311,0.0,0.0,-1.56,3.31,0.0
20220104:0011,0.0,0.0,-1.27,3.66,0.0
20220104:0111,0.0,0.0,-1.13,3.66,0.0
20220104:0211,0.0,0.0,-0.83,3.52,0.0
20220104:0311,0.0,0.0,-0.39,3.52,0.0
20220104:0411,0.0,0.0,-0.85,3.66,0.0
20220104:0511,0.0,0.0,-0.81,2.48,0.0
20220104:0611,0.0,0.0,-0.81,2.48,0.0
20220104:0711,0.0,0.0,-1.18,2.97,0.0
20220104:0811,0.0,0.0,-1.37,2.34,0.0
20220104:0911,11.01,3.13,-1.22,2.14,0.0
20220104:1011,5.51,6.65,-0.77,2.48,0.0
20220104:1111,12.39,8.44,-1.07,2.14,0.0
20220104:1211,41.3,8.34,-0.82,2.41,0.0
20220104:1311,8.26,6.38,-1.16,2.21,0.0
20220104:1411,1.38,2.7,-1.76,1.52,0.0
20220104:1511,0.0,0.0,-2.28,1.52,0.0
20220104:1611,0.0,0.0,-2.99,1.45,0.0
20220104:1711,0.0,0.0,-3.13,1.38,0.0
20220104:1811,0.0,0.0,-2.97,1.52,0.0
20220104:1911,0.0,0.0,-2.97,1.66,0.0
20220104:2011,0.0,0.0,-2.37,1.52,0.0
20220104:2111,0.0,0.0,-2.47,1.59,0.0
20220104:2211,0.0,0.0,-2.4,1.66,0.0
20220104:2311,0.0,0.0,-1.85,1.66,0.0
20220105:0011,0.0,0.0,-1.25,1.79,0.0
20220105:0111,0.0,0.0,-1.31,1.24,0.0
20220105:0211,0.0,0.0,-1.09,1.1,0.0
20220105:0311,0.0,0.0,-1.78,1.45,0.0
20220105:0411,0.0,0.0,-2.51,1.59,0.0
20220105:0511,0.0,0.0,-4.21,1.93,0.0
20220105:0611,0.0,0.0,-5.1,2.0,0.0
20220105:0711,0.0,0.0,-6.65,2.14,0.0
20220105:0811,0.0,0.0,-7.01,2.14,0.0
20220105:0911,2.06,3.2,-6.4,2.0,0.0
20220105:1011,26.84,6.74,-6.21,2.0,0.0
20220105:1111,30.97,8.54,-5.98,2.0,0.0
20220105:1211,39.92,8.46,-5.67,1.93,0.0
20220105:1311,31.66,6.51,-6.03,2.07,0.0
20220105:1411,1.38,2.84,-6.53,2.21,0.0
20220105:1511,0.0,0.0,-6.82,2.21,0.0
20220105:1611,0.0,0.0,-6.78,2.21,0.0
20220105:1711,0.0,0.0,-7.35,2.28,0.0
20220105:1811,0.0,0.0,-7.79,2.34,0.0
20220105:1911,0.0,0.0,-6.93,2.28,0.0
20220105:2011,0.0,0.0,-7.02,2.28,0.0
20220105:2111,0.0,0.0,-6.99,2.21,0.0
20220105:2211,0.0,0.0,-6.76,2.14,0.0
20220105:2311,0.0,0.0,-6.67,2.07,0.0
20220106:0011,0.0,0.0,-6.64,2.07,0.0
20220106:0111,0.0,0.0,-6.72,2.07,0.0
20220106:0211,0.0,0.0,-6.37,2.0,0.0
20220106:0311,0.0,0.0,-6.42,2.0,0.0
20220106:0411,0.0,0.0,-6.49,1.93,0.0
20220106:0511,0.0,0.0,-6.72,1.93,0.0
20220106:0611,0.0,0.0,-7.18,1.93,0.0
20220106:0711,0.0,0.0,-8.39,2.07,0.0
20220106:0811,0.0,0.0,-7.55,1.86,0.0
20220106:0911,2.06,3.28,-8.13,1.86,0.0
20220106:1011,5.51,6.83,-7.83,1.72,0.0
20220106:1111,7.57,8.65,-7.1,1.59,0.0
20220106:1211,7.57,8.58,-6.56,1.52,0.0
20220106:1311,9.64,6.64,-6.51,1.38,0.0
20220106:1411,4.13,2.98,-6.89,1.59,0.0
20220106:1511,0.0,0.0,-8.66,1.86,0.0
20220106:1611,0.0,0.0,-8.71,1.93,0.0
20220106:1711,0.0,0.0,-7.96,1.93,0.0
20220106:1811,0.0,0.0,-7.02,2.0,0.0
20220106:1911,0.0,0.0,-6.09,1.93,0.0
20220106:2011,0.0,0.0,-6.03,2.14,0.0
20220106:2111,0.0,0.0,-5.63,2.21,0.0
20220106:2211,0.0,0.0,-5.37,2.21,0.0
20220106:2311,0.0,0.0,-4.95,2.28,0.0
20220107:0011,0.0,0.0,-4.46,2.14,0.0
20220107:0111,0.0,0.0,-4.04,2.34,0.0
20220107:0211,0.0,0.0,-3.64,2.34,0.0
20220107:0311,0.0,0.0,-3.36,2.14,0.0
20220107:0411,0.0,0.0,-3.04,2.41,0.0
20220107:0511,0.0,0.0,-2.9,2.62,0.0
20220107:0611,0.0,0.0,-2.58,2.28,0.0
20220107:0711,0.0,0.0,-2.21,2.14,0.0
20220107:0811,0.0,0.0,-1.96,2.21,0.0
20220107:0911,11.7,3.37,-1.8,2.07,0.0
20220107:1011,7.57,6.93,-1.87,2.0,0.0
20220107:1111,7.57,8.76,-1.44,1.86,0.0
20220107:1211,7.57,8.71,-1.58,1.79,0.0
20220107:1311,5.51,6.78,-1.72,1.72,0.0
20220107:1411,10.32,3.12,-2.51,1.79,0.0
20220107:1511,0.0,0.0,-2.89,1.72,0.0
20220107:1611,0.0,0.0,-2.92,1.72,0.0
20220107:1711,0.0,0.0,-3.52,1.66,0.0
20220107:1811,0.0,0.0,-3.31,1.45,0.0
20220107:1911,0.0,0.0,-2.64,1.79,0.0
20220107:2011,0.0,0.0,-2.93,1.86,0.0
20220107:2111,0.0,0.0,-3.13,1.93,0.0
20220107:2211,0.0,0.0,-3.23,2.21,0.0
20220107:2311,0.0,0.0,-2.7,2.07,0.0
20220108:0011,0.0,0.0,-2.7,2.0,0.0
20220108:0111,0.0,0.0,-3.09,1.86,0.0
20220108:0211,0.0,0.0,-3.36,1.59,0.0
20220108:0311,0.0,0.0,-3.1,1.45,0.0
20220108:0411,0.0,0.0,-3.16,1.38,0.0
20220108:0511,0.0,0.0,-3.03,1.24,0.0
20220108:0611,0.0,0.0,-3.08,1.1,0.0
20220108:0711,0.0,0.0,-2.46,0.76,0.0
20220108:0811,0.0,0.0,-2.64,0.76,0.0
20220108:0911,3.44,3.46,-2.84,0.9,0.0
20220108:1011,11.7,7.04,-2.63,0.83,0.0
20220108:1111,45.42,8.89,-2.81,1.1,0.0
20220108:1211,41.3,8.85,-2.75,1.79,0.0
20220108:1311,10.32,6.93,-2.76,1.52,0.0
20220108:1411,2.06,3.28,-3.15,1.52,0.0
20220108:1511,0.0,0.0,-3.66,1.66,0.0
20220108:1611,0.0,0.0,-3.5,2.07,0.0
20220108:1711,0.0,0.0,-3.34,2.76,0.0
20220108:1811,0.0,0.0,-3.33,3.31,0.0
20220108:1911,0.0,0.0,-3.28,3.17,0.0
20220108:2011,0.0,0.0,-3.46,3.31,0.0
20220108:2111,0.0,0.0,-3.44,4.21,0.0
20220108:2211,0.0,0.0,-3.55,4.62,0.0
20220108:2311,0.0,0.0,-3.58,4.97,0.0
20220109:0011,0.0,0.0,-3.6,4.9,0.0
20220109:0111,0.0,0.0,-3.69,5.1,0.0
20220109:0211,0.0,0.0,-3.68,5.31,0.0
20220109:0311,0.0,0.0,-3.48,5.45,0.0
20220109:0411,0.0,0.0,-3.2,5.45,0.0
20220109:0511,0.0,0.0,-2.89,5.52,0.0
20220109:0611,0.0,0.0,-2.6,5.45,0.0
20220109:0711,0.0,0.0,-2.15,5.86,0.0
20220109:0811,0.0,0.0,-2.13,5.86,0.0
20220109:0911,2.06,3.56,-2.09,5.72,0.0
20220109:1011,15.83,7.16,-2.08,5.59,0.0
20220109:1111,35.1,9.02,-2.06,5.59,0.0
20220109:1211,44.05,8.99,-2.13,5.66,0.0
20220109:1311,19.27,7.08,-2.26,5.66,0.0
20220109:1411,2.06,3.44,-2.39,5.72,0.0
20220109:1511,0.0,0.0,-2.6,5.45,0.0
20220109:1611,0.0,0.0,-2.71,5.38,0.0
20220109:1711,0.0,0.0,-2.87,5.45,0.0
20220109:1811,0.0,0.0,-2.99,5.38,0.0
20220109:1911,0.0,0.0,-2.32,5.24,0.0
20220109:2011,0.0,0.0,-2.39,5.1,0.0
20220109:2111,0.0,0.0,-2.2,5.1,0.0
20220109:2211,0.0,0.0,-2.08,5.17,0.0
20220109:2311,0.0,0.0,-1.96,5.17,0.0
20220110:0011,0.0,0.0,-2.26,5.17,0.0
20220110:0111,0.0,0.0,-2.74,5.17,0.0
20220110:0211,0.0,0.0,-2.92,5.03,0.0
20220110:0311,0.0,0.0,-3.13,4.83,0.0
20220110:0411,0.0,0.0,-3.34,4.55,0.0
20220110:0511,0.0,0.0,-3.46,4.41,0.0
20220110:0611,0.0,0.0,-3.25,4.34,0.0
20220110:0711,0.0,0.0,-2.02,4.55,0.0
20220110:0811,0.0,0.0,-2.16,4.28,0.0
20220110:0911,2.06,3.67,-2.38,4.0,0.0
20220110:1011,5.51,7.28,-2.06,4.28,0.0
20220110:1111,7.57,9.16,-1.78,4.14,0.0
20220110:1211,7.57,9.15,-1.49,4.07,0.0
20220110:1311,5.51,7.24,-1.5,2.83,0.0
20220110:1411,2.06,3.61,-1.38,3.72,0.0
20220110:1511,0.0,0.0,-1.44,3.52,0.0
20220110:1611,0.0,0.0,-1.6,3.24,0.0
20220110:1711,0.0,0.0,-1.58,3.31,0.0
20220110:1811,0.0,0.0,-1.86,3.17,0.0
20220110:1911,0.0,0.0,-1.4,3.03,0.0
20220110:2011,0.0,0.0,-1.44,3.24,0.0
20220110:2111,0.0,0.0,-1.45,3.1,0.0
20220110:2211,0.0,0.0,-1.4,2.69,0.0
20220110:2311,0.0,0.0,-1.21,2.34,0.0
20220111:0011,0.0,0.0,-0.94,2.41,0.0
20220111:0111,0.0,0.0,-0.31,3.31,0.0
20220111:0211,0.0,0.0,0.13,3.24,0.0
20220111:0311,0.0,0.0,0.54,3.24,0.0
20220111:0411,0.0,0.0,1.05,3.59,0.0
20220111:0511,0.0,0.0,1.44,3.24,0.0
20220111:0611,0.0,0.0,1.6,3.59,0.0
20220111:0711,0.0,0.0,1.55,3.17,0.0
20220111:0811,0.0,0.0,1.53,2.62,0.0
20220111:0911,15.83,3.79,1.52,2.34,0.0
20220111:1011,6.88,7.42,1.47,1.66,0.0
20220111:1111,35.79,9.31,2.19,0.9,0.0
20220111:1211,22.02,9.3,1.72,1.24,0.0
20220111:1311,12.39,7.41,1.42,1.72,0.0
20220111:1411,2.06,3.78,1.03,1.93,0.0
20220111:1511,0.0,0.0,-0.57,1.72,0.0
20220111:1611,0.0,0.0,-0.78,1.59,0.0
20220111:1711,0.0,0.0,-0.17,1.31,0.0
20220111:1811,0.0,0.0,-0.18,1.03,0.0
20220111:1911,0.0,0.0,-3.63,0.83,0.0
20220111:2011,0.0,0.0,-1.55,0.48,0.0
20220111:2111,0.0,0.0,-0.09,0.48,0.0
20220111:2211,0.0,0.0,0.07,1.17,0.0
20220111:2311,0.0,0.0,0.05,1.52,0.0
20220112:0011,0.0,0.0,0.44,1.52,0.0
20220112:0111,0.0,0.0,0.85,1.86,0.0
20220112:0211,0.0,0.0,1.15,2.0,0.0
20220112:0311,0.0,0.0,1.82,2.21,0.0
20220112:0411,0.0,0.0,1.81,2.48,0.0
20220112:0511,0.0,0.0,2.03,2.9,0.0
20220112:0611,0.0,0.0,2.3,3.38,0.0
20220112:0711,0.0,0.0,2.41,3.24,0.0
20220112:0811,0.0,0.0,2.62,3.52,0.0
20220112:0911,3.44,3.91,2.82,3.59,0.0
20220112:1011,6.19,7.55,3.21,3.93,0.0
20220112:1111,8.26,9.46,3.66,4.14,0.0
20220112:1211,11.01,9.47,4.18,4.55,0.0
20220112:1311,28.91,7.59,4.57,5.03,0.0
20220112:1411,14.45,3.96,4.76,5.17,0.0
20220112:1511,0.0,0.0,4.72,5.17,0.0
20220112:1611,0.0,0.0,4.69,5.31,0.0
20220112:1711,0.0,0.0,4.76,5.52,0.0
20220112:1811,0.0,0.0,4.81,5.93,0.0
20220112:1911,0.0,0.0,4.84,5.79,0.0
20220112:2011,0.0,0.0,4.73,6.14,0.0
20220112:2111,0.0,0.0,4.56,6.21,0.0
20220112:2211,0.0,0.0,4.47,6.21,0.0
20220112:2311,0.0,0.0,4.46,6.28,0.0
20220113:0011,0.0,0.0,4.43,6.28,0.0
20220113:0111,0.0,0.0,4.25,6.28,0.0
20220113:0211,0.0,0.0,4.22,6.34,0.0
20220113:0311,0.0,0.0,4.23,6.34,0.0
20220113:0411,0.0,0.0,4.25,6.28,0.0
20220113:0511,0.0,0.0,4.21,6.14,0.0
20220113:0611,0.0,0.0,4.19,6.14,0.0
20220113:0711,0.0,0.0,4.34,5.59,0.0
20220113:0811,0.0,0.0,4.36,5.72,0.0
20220113:0911,15.14,4.04,4.23,5.79,0.0
20220113:1011,19.96,7.7,3.97,5.72,0.0
20220113:1111,9.64,9.62,3.95,5.59,0.0
20220113:1211,35.79,9.64,3.93,5.52,0.0
20220113:1311,35.79,7.77,4.03,5.45,0.0
20220113:1411,2.75,4.15,4.12,5.38,0.0
20220113:1511,0.0,0.0,4.24,5.24,0.0
20220113:1611,0.0,0.0,4.38,5.38,0.0
20220113:1711,0.0,0.0,4.46,5.52,0.0
20220113:1811,0.0,0.0,4.38,5.59,0.0
20220113:1911,0.0,0.0,4.33,4.0,0.0
20220113:2011,0.0,0.0,4.28,4.14,0.0
20220113:2111,0.0,0.0,4.25,4.41,0.0
20220113:2211,0.0,0.0,4.19,4.69,0.0
20220113:2311,0.0,0.0,4.3,5.24,0.0
20220114:0011,0.0,0.0,4.69,6.28,0.0
20220114:0111,0.0,0.0,3.73,6.34,0.0
20220114:0211,0.0,0.0,2.65,5.79,0.0
20220114:0311,0.0,0.0,1.63,5.52,0.0
20220114:0411,0.0,0.0,0.82,5.17,0.0
20220114:0511,0.0,0.0,0.5,5.17,0.0
20220114:0611,0.0,0.0,0.45,5.31,0.0
20220114:0711,0.0,0.0,0.69,5.38,0.0
20220114:0811,0.0,0.0,0.4,5.45,0.0
20220114:0911,15.83,4.18,0.04,5.45,0.0
20220114:1011,27.53,7.85,0.02,5.45,0.0
20220114:1111,47.49,9.79,0.02,5.24,0.0
20220114:1211,33.72,9.82,-0.09,5.1,0.0
20220114:1311,28.22,7.95,-0.33,4.69,0.0
20220114:1411,18.58,4.34,-0.76,4.14,0.0
20220114:1511,0.0,0.0,-1.51,3.31,0.0
20220114:1611,0.0,0.0,-2.39,2.69,0.0
20220114:1711,0.0,0.0,-3.53,2.21,0.0
20220114:1811,0.0,0.0,-4.18,2.07,0.0
20220114:1911,0.0,0.0,-4.37,2.14,0.0
20220114:2011,0.0,0.0,-4.46,2.07,0.0
20220114:2111,0.0,0.0,-4.37,2.0,0.0
20220114:2211,0.0,0.0,-4.09,1.86,0.0
20220114:2311,0.0,0.0,-4.09,1.86,0.0
20220115:0011,0.0,0.0,-4.18,1.86,0.0
20220115:0111,0.0,0.0,-4.35,1.93,0.0
20220115:0211,0.0,0.0,-4.49,2.0,0.0
20220115:0311,0.0,0.0,-4.45,2.0,0.0
20220115:0411,0.0,0.0,-4.0,1.93,0.0
20220115:0511,0.0,0.0,-3.62,1.79,0.0
20220115:0611,0.0,0.0,-3.16,1.72,0.0
20220115:0711,0.0,0.0,-1.19,1.24,0.0
20220115:0811,0.0,0.0,-0.95,1.03,0.0
20220115:0911,2.75,4.32,-0.67,0.83,0.0
20220115:1011,37.85,8.01,-0.33,0.62,0.0
20220115:1111,37.17,9.96,-0.07,0.28,0.0
20220115:1211,24.78,10.01,0.46,0.21,0.0
20220115:1311,21.34,8.15,0.94,0.55,0.0
20220115:1411,5.51,4.53,1.01,0.69,0.0
20220115:1511,0.0,0.0,0.96,1.03,0.0
20220115:1611,0.0,0.0,1.04,1.52,0.0
20220115:1711,0.0,0.0,1.5,1.72,0.0
20220115:1811,0.0,0.0,1.25,1.79,0.0
20220115:1911,0.0,0.0,1.32,1.59,0.0
20220115:2011,0.0,0.0,1.11,1.72,0.0
20220115:2111,0.0,0.0,1.01,1.66,0.0
20220115:2211,0.0,0.0,0.99,1.72,0.0
20220115:2311,0.0,0.0,0.93,1.72,0.0
20220116:0011,0.0,0.0,0.84,1.79,0.0
20220116:0111,0.0,0.0,0.87,1.79,0.0
20220116:0211,0.0,0.0,0.94,1.93,0.0
20220116:0311,0.0,0.0,1.01,2.21,0.0
20220116:0411,0.0,0.0,1.14,2.48,0.0
20220116:0511,0.0,0.0,1.01,2.69,0.0
20220116:0611,0.0,0.0,0.87,3.03,0.0
20220116:0711,0.0,0.0,1.17,3.31,0.0
20220116:0811,0.0,0.0,1.65,3.52,0.0
20220116:0911,3.44,4.47,1.89,2.83,0.0
20220116:1011,28.22,8.18,2.45,3.17,0.0
20220116:1111,17.89,10.14,2.51,3.59,0.0
20220116:1211,53.0,10.2,1.83,5.03,0.0
20220116:1311,28.22,8.35,0.69,5.52,0.0
20220116:1411,17.21,4.74,-0.18,5.52,0.0
20220116:1511,0.0,0.0,-0.55,5.31,0.0
20220116:1611,0.0,0.0,-0.43,5.03,0.0
20220116:1711,0.0,0.0,0.3,5.45,0.0
20220116:1811,0.0,0.0,0.82,6.07,0.0
20220116:1911,0.0,0.0,1.4,6.07,0.0
20220116:2011,0.0,0.0,1.55,4.55,0.0
20220116:2111,0.0,0.0,2.03,4.34,0.0
20220116:2211,0.0,0.0,1.21,5.17,0.0
20220116:2311,0.0,0.0,0.18,5.79,0.0
20220117:0011,0.0,0.0,-0.25,5.93,0.0
20220117:0111,0.0,0.0,-0.73,6.48,0.0
20220117:0211,0.0,0.0,-1.26,6.48,0.0
20220117:0311,0.0,0.0,-1.76,6.76,0.0
20220117:0411,0.0,0.0,-2.16,7.03,0.0
20220117:0511,0.0,0.0,-2.4,7.1,0.0
20220117:0611,0.0,0.0,-2.62,6.97,0.0
20220117:0711,0.0,0.0,-2.5,5.79,0.0
20220117:0811,0.0,0.0,-2.8,4.48,0.0
20220117:0911,19.27,4.63,-3.27,3.03,0.0
20220117:1011,32.35,8.35,-3.63,2.48,0.0
20220117:1111,54.37,10.33,-3.44,2.62,0.0
20220117:1211,44.74,10.4,-3.24,2.28,0.0
20220117:1311,32.35,8.55,-2.89,2.41,0.0
20220117:1411,8.26,4.95,-2.41,3.24,0.0
20220117:1511,0.0,0.0,-2.14,3.24,0.0
20220117:1611,0.0,0.0,-1.84,3.24,0.0
20220117:1711,0.0,0.0,-1.59,3.17,0.0
20220117:1811,0.0,0.0,-1.39,3.03,0.0
20220117:1911,0.0,0.0,-1.57,2.9,0.0
20220117:2011,0.0,0.0,-1.54,2.62,0.0
20220117:2111,0.0,0.0,-1.48,2.41,0.0
20220117:2211,0.0,0.0,-1.22,2.48,0.0
20220117:2311,0.0,0.0,-0.88,2.69,0.0
20220118:0011,0.0,0.0,-0.13,2.69,0.0
20220118:0111,0.0,0.0,0.21,2.76,0.0
20220118:0211,0.0,0.0,0.77,2.83,0.0
20220118:0311,0.0,0.0,1.31,2.83,0.0
20220118:0411,0.0,0.0,1.67,2.69,0.0
20220118:0511,0.0,0.0,1.49,2.55,0.0
20220118:0611,0.0,0.0,1.91,2.69,0.0
20220118:0711,0.0,0.0,1.89,2.83,0.0
20220118:0811,0.0,0.0,1.83,2.76,0.0
20220118:0911,18.58,4.8,1.47,2.41,0.0
20220118:1011,30.28,8.53,1.27,2.0,0.0
20220118:1111,53.68,10.52,1.37,1.72,0.0
20220118:1211,36.48,10.6,1.3,1.38,0.0
20220118:1311,39.92,8.76,1.51,1.17,0.0
20220118:1411,4.13,5.16,1.46,1.03,0.0
20220118:1511,0.0,0.0,0.82,0.97,0.0
20220118:1611,0.0,0.0,0.54,0.9,0.0
20220118:1711,0.0,0.0,0.52,0.69,0.0
20220118:1811,0.0,0.0,0.38,0.62,0.0
20220118:1911,0.0,0.0,0.23,1.31,0.0
20220118:2011,0.0,0.0,-0.29,1.72,0.0
20220118:2111,0.0,0.0,-0.2,2.0,0.0
20220118:2211,0.0,0.0,0.01,2.14,0.0
20220118:2311,0.0,0.0,0.54,1.93,0.0
20220119:0011,0.0,0.0,1.04,2.07,0.0
20220119:0111,0.0,0.0,1.69,2.14,0.0
20220119:0211,0.0,0.0,1.72,2.48,0.0
20220119:0311,0.0,0.0,1.76,2.34,0.0
20220119:0411,0.0,0.0,1.78,2.34,0.0
20220119:0511,0.0,0.0,2.02,2.41,0.0
20220119:0611,0.0,0.0,2.07,2.41,0.0
20220119:0711,0.0,0.0,2.36,2.48,0.0
20220119:0811,0.0,0.0,2.22,2.28,0.0
20220119:0911,20.65,4.97,2.03,2.34,0.0
20220119:1011,7.57,8.72,2.02,2.21,0.0
20220119:1111,13.77,10.72,2.4,2.55,0.0
20220119:1211,25.47,10.81,2.58,3.17,0.0
20220119:1311,20.65,8.98,0.86,3.24,0.0
20220119:1411,8.26,5.38,0.04,4.55,0.0
20220119:1511,0.0,0.0,-1.02,6.28,0.0
20220119:1611,0.0,0.0,-2.02,6.21,0.0
20220119:1711,0.0,0.0,-2.91,6.07,0.0
20220119:1811,0.0,0.0,-3.48,6.07,0.0
20220119:1911,0.0,0.0,-4.12,5.93,0.0
20220119:2011,0.0,0.0,-4.76,6.07,0.0
20220119:2111,0.0,0.0,-5.11,5.86,0.0
20220119:2211,0.0,0.0,-5.3,5.59,0.0
20220119:2311,0.0,0.0,-5.55,4.83,0.0
20220120:0011,0.0,0.0,-5.44,4.48,0.0
20220120:0111,0.0,0.0,-4.86,4.76,0.0
20220120:0211,0.0,0.0,-4.89,4.55,0.0
20220120:0311,0.0,0.0,-5.11,4.14,0.0
20220120:0411,0.0,0.0,-5.33,4.14,0.0
20220120:0511,0.0,0.0,-5.55,4.34,0.0
20220120:0611,0.0,0.0,-5.66,4.55,0.0
20220120:0711,0.0,0.0,-5.53,4.69,0.0
20220120:0811,0.0,0.0,-5.79,4.34,0.0
20220120:0911,3.44,5.15,-6.03,3.93,0.0
20220120:1011,46.11,8.91,-6.0,3.66,0.0
20220120:1111,42.67,10.93,-6.15,2.9,0.0
20220120:1211,58.5,11.03,-6.16,2.69,0.0
20220120:1311,39.23,9.2,-6.28,2.69,0.0
20220120:1411,25.47,5.61,-6.31,3.52,0.0
20220120:1511,0.0,0.0,-7.04,3.45,0.0
20220120:1611,0.0,0.0,-8.02,3.24,0.0
20220120:1711,0.0,0.0,-8.6,3.24,0.0
20220120:1811,0.0,0.0,-8.74,3.24,0.0
20220120:1911,0.0,0.0,-8.27,3.45,0.0
20220120:2011,0.0,0.0,-8.33,3.38,0.0
20220120:2111,0.0,0.0,-8.25,3.45,0.0
20220120:2211,0.0,0.0,-7.95,3.31,0.0
20220120:2311,0.0,0.0,-7.6,3.17,0.0
20220121:0011,0.0,0.0,-7.12,3.03,0.0
20220121:0111,0.0,0.0,-6.08,2.62,0.0
20220121:0211,0.0,0.0,-5.13,2.41,0.0
20220121:0311,0.0,0.0,-4.56,2.14,0.0
20220121:0411,0.0,0.0,-3.45,1.86,0.0
20220121:0511,0.0,0.0,-2.92,1.79,0.0
20220121:0611,0.0,0.0,-2.37,1.79,0.0
20220121:0711,0.0,0.0,-2.69,2.62,0.0
20220121:0811,0.0,0.0,-1.87,2.41,0.0
20220121:0911,24.09,5.33,-1.03,2.76,0.0
20220121:1011,44.05,9.11,0.19,3.31,0.0
20220121:1111,22.02,11.14,1.31,3.52,0.0
20220121:1211,19.96,11.25,1.81,3.45,0.0
20220121:1311,29.59,9.43,2.27,3.59,0.0
20220121:1411,4.13,5.84,1.98,3.66,0.0
20220121:1511,0.0,0.0,2.36,3.66,0.0
20220121:1611,0.0,0.0,2.25,3.72,0.0
20220121:1711,0.0,0.0,2.2,3.79,0.0
20220121:1811,0.0,0.0,2.18,3.59,0.0
20220121:1911,0.0,0.0,1.89,3.17,0.0
20220121:2011,0.0,0.0,1.9,2.9,0.0
20220121:2111,0.0,0.0,1.85,2.76,0.0
20220121:2211,0.0,0.0,1.83,2.62,0.0
20220121:2311,0.0,0.0,1.8,2.55,0.0
20220122:0011,0.0,0.0,1.93,2.62,0.0
20220122:0111,0.0,0.0,2.0,2.69,0.0
20220122:0211,0.0,0.0,2.08,2.69,0.0
20220122:0311,0.0,0.0,2.31,2.69,0.0
20220122:0411,0.0,0.0,2.24,2.76,0.0
20220122:0511,0.0,0.0,2.29,2.97,0.0
20220122:0611,0.0,0.0,2.24,3.1,0.0
20220122:0711,0.0,0.0,2.21,3.03,0.0
20220122:0811,0.0,0.0,2.2,3.1,0.0
20220122:0911,8.26,5.52,2.29,3.1,0.0
20220122:1011,32.35,9.32,2.5,2.97,0.0
20220122:1111,60.57,11.36,2.72,3.03,0.0
20220122:1211,61.25,11.48,2.96,3.24,0.0
20220122:1311,49.55,9.67,3.1,3.52,0.0
20220122:1411,24.78,6.07,3.05,3.52,0.0
20220122:1511,0.0,0.0,2.85,3.45,0.0
20220122:1611,0.0,0.0,2.74,3.24,0.0
20220122:1711,0.0,0.0,2.82,3.17,0.0
20220122:1811,0.0,0.0,2.88,2.97,0.0
20220122:1911,0.0,0.0,2.54,2.41,0.0
20220122:2011,0.0,0.0,2.47,2.34,0.0
20220122:2111,0.0,0.0,2.49,2.28,0.0
20220122:2211,0.0,0.0,2.46,2.28,0.0
20220122:2311,0.0,0.0,2.45,2.14,0.0
20220123:0011,0.0,0.0,2.39,2.14,0.0
20220123:0111,0.0,0.0,2.37,2.28,0.0
20220123:0211,0.0,0.0,2.42,2.41,0.0
20220123:0311,0.0,0.0,2.57,2.55,0.0
20220123:0411,0.0,0.0,2.71,2.69,0.0
20220123:0511,0.0,0.0,2.74,2.76,0.0
20220123:0611,0.0,0.0,2.85,2.9,0.0
20220123:0711,0.0,0.0,2.56,2.41,0.0
20220123:0811,0.0,0.0,2.3,2.07,0.0
20220123:0911,5.51,5.72,2.39,1.59,0.0
20220123:1011,47.49,9.53,2.82,1.38,0.0
20220123:1111,46.8,11.59,3.29,1.38,0.0
20220123:1211,56.44,11.72,3.4,1.52,0.0
20220123:1311,8.26,9.91,3.31,1.72,0.0
20220123:1411,4.82,6.31,2.94,2.0,0.0
20220123:1511,0.0,0.0,2.87,1.66,0.0
20220123:1611,0.0,0.0,2.64,1.52,0.0
20220123:1711,0.0,0.0,2.13,1.59,0.0
20220123:1811,0.0,0.0,1.98,2.28,0.0
20220123:1911,0.0,0.0,1.86,2.14,0.0
20220123:2011,0.0,0.0,1.85,2.48,0.0
20220123:2111,0.0,0.0,1.78,2.48,0.0
20220123:2211,0.0,0.0,1.82,2.62,0.0
20220123:2311,0.0,0.0,1.77,2.62,0.0
20220124:0011,0.0,0.0,1.67,2.55,0.0
20220124:0111,0.0,0.0,1.55,2.48,0.0
20220124:0211,0.0,0.0,1.44,2.14,0.0
20220124:0311,0.0,0.0,1.42,2.21,0.0
20220124:0411,0.0,0.0,1.61,2.14,0.0
20220124:0511,0.0,0.0,1.76,2.28,0.0
20220124:0611,0.0,0.0,1.91,2.41,0.0
20220124:0711,0.0,0.0,2.35,3.03,0.0
20220124:0811,0.0,0.0,2.38,2.83,0.0
20220124:0911,8.26,5.93,2.41,2.55,0.0
20220124:1011,21.34,9.75,2.7,2.97,0.0
20220124:1111,10.32,11.82,3.01,3.17,0.0
20220124:1211,11.01,11.96,3.25,3.38,0.0
20220124:1311,25.47,10.15,3.26,3.03,0.0
20220124:1411,19.27,6.56,3.41,3.31,0.0
20220124:1511,0.0,0.0,3.61,3.72,0.0
20220124:1611,0.0,0.0,3.19,2.97,0.0
20220124:1711,0.0,0.0,2.57,3.59,0.0
20220124:1811,0.0,0.0,1.81,3.66,0.0
20220124:1911,0.0,0.0,2.22,3.52,0.0
20220124:2011,0.0,0.0,1.82,3.24,0.0
20220124:2111,0.0,0.0,1.44,2.97,0.0
20220124:2211,0.0,0.0,1.34,2.9,0.0
20220124:2311,0.0,0.0,0.97,3.1,0.0
20220125:0011,0.0,0.0,0.29,3.17,0.0
20220125:0111,0.0,0.0,-0.22,3.24,0.0
20220125:0211,0.0,0.0,-0.57,3.24,0.0
20220125:0311,0.0,0.0,-0.74,3.24,0.0
20220125:0411,0.0,0.0,-0.84,3.17,0.0
20220125:0511,0.0,0.0,-0.73,3.1,0.0
20220125:0611,0.0,0.0,-0.59,2.97,0.0
20220125:0711,0.0,0.0,-1.16,2.55,0.0
20220125:0811,0.0,0.0,-1.85,2.28,0.0
20220125:0911,27.53,6.14,-1.76,1.79,0.0
20220125:1011,42.67,9.98,0.24,1.31,0.0
20220125:1111,59.88,12.06,0.26,2.14,0.0
20220125:1211,24.78,12.21,1.07,2.21,0.0
20220125:1311,19.27,10.4,1.65,2.21,0.0
20220125:1411,9.64,6.81,1.19,1.38,0.0
20220125:1511,0.69,1.69,1.58,0.83,0.0
20220125:1611,0.0,0.0,1.09,0.9,0.0
20220125:1711,0.0,0.0,0.65,1.1,0.0
20220125:1811,0.0,0.0,1.22,0.97,0.0
20220125:1911,0.0,0.0,1.37,1.17,0.0
20220125:2011,0.0,0.0,1.44,1.52,0.0
20220125:2111,0.0,0.0,1.59,1.86,0.0
20220125:2211,0.0,0.0,1.8,2.07,0.0
20220125:2311,0.0,0.0,1.91,2.14,0.0
20220126:0011,0.0,0.0,2.1,2.28,0.0
20220126:0111,0.0,0.0,2.28,2.34,0.0
20220126:0211,0.0,0.0,2.29,2.48,0.0
20220126:0311,0.0,0.0,2.63,3.17,0.0
20220126:0411,0.0,0.0,2.39,4.55,0.0
20220126:0511,0.0,0.0,1.68,4.21,0.0
20220126:0611,0.0,0.0,0.91,3.86,0.0
20220126:0711,0.0,0.0,1.1,3.45,0.0
20220126:0811,0.0,0.0,1.03,3.79,0.0
20220126:0911,4.82,6.36,1.1,3.1,0.0
20220126:1011,13.77,10.21,1.42,3.31,0.0
20220126:1111,13.77,12.3,1.84,3.52,0.0
20220126:1211,15.14,12.46,1.9,4.48,0.0
20220126:1311,13.77,10.66,2.11,4.48,0.0
20220126:1411,8.26,7.06,2.1,4.41,0.0
20220126:1511,0.69,1.94,2.04,4.21,0.0
20220126:1611,0.0,0.0,1.91,3.93,0.0
20220126:1711,0.0,0.0,1.7,3.31,0.0
20220126:1811,0.0,0.0,1.72,3.03,0.0
20220126:1911,0.0,0.0,2.31,3.79,0.0
20220126:2011,0.0,0.0,2.07,3.52,0.0
20220126:2111,0.0,0.0,1.83,2.34,0.0
20220126:2211,0.0,0.0,2.03,2.0,0.0
20220126:2311,0.0,0.0,2.29,2.07,0.0
20220127:0011,0.0,0.0,3.16,3.1,0.0
20220127:0111,0.0,0.0,3.91,4.69,0.0
20220127:0211,0.0,0.0,3.8,3.93,0.0
20220127:0311,0.0,0.0,3.55,4.9,0.0
20220127:0411,0.0,0.0,2.82,5.72,0.0
20220127:0511,0.0,0.0,2.4,5.17,0.0
20220127:0611,0.0,0.0,2.27,3.66,0.0
20220127:0711,0.0,0.0,1.96,5.38,0.0
20220127:0811,0.0,0.0,1.22,6.48,0.0
20220127:0911,4.82,6.58,1.01,6.0,0.0
20220127:1011,17.89,10.45,0.97,6.07,0.0
20220127:1111,22.71,12.56,1.16,6.55,0.0
20220127:1211,16.52,12.72,1.17,6.83,0.0
20220127:1311,9.64,10.92,1.25,6.14,0.0
20220127:1411,10.32,7.32,1.11,6.07,0.0
20220127:1511,0.69,2.19,1.05,5.79,0.0
20220127:1611,0.0,0.0,0.77,5.79,0.0
20220127:1711,0.0,0.0,0.31,5.66,0.0
20220127:1811,0.0,0.0,-0.28,5.45,0.0
20220127:1911,0.0,0.0,-0.13,5.24,0.0
20220127:2011,0.0,0.0,-0.39,5.1,0.0
20220127:2111,0.0,0.0,-0.96,4.83,0.0
20220127:2211,0.0,0.0,-1.27,4.69,0.0
20220127:2311,0.0,0.0,-1.45,4.55,0.0
20220128:0011,0.0,0.0,-1.7,4.48,0.0
20220128:0111,0.0,0.0,-1.95,4.48,0.0
20220128:0211,0.0,0.0,-2.08,4.41,0.0
20220128:0311,0.0,0.0,-2.34,4.07,0.0
20220128:0411,0.0,0.0,-2.73,3.66,0.0
20220128:0511,0.0,0.0,-3.21,3.24,0.0
20220128:0611,0.0,0.0,-4.34,2.62,0.0
20220128:0711,0.0,0.0,-5.25,2.34,0.0
20220128:0811,0.0,0.0,-4.57,1.86,0.0
20220128:0911,30.97,6.81,-2.27,1.31,0.0
20220128:1011,33.04,10.69,-1.37,1.03,0.0
20220128:1111,38.54,12.81,-1.05,1.03,0.0
20220128:1211,53.68,12.98,-0.88,1.1,0.0
20220128:1311,55.75,11.19,-0.22,0.9,0.0
20220128:1411,33.72,7.59,-0.17,0.9,0.0
20220128:1511,1.38,2.45,-1.14,1.52,0.0
20220128:1611,0.0,0.0,-0.27,2.62,0.0
20220128:1711,0.0,0.0,0.7,3.03,0.0
20220128:1811,0.0,0.0,1.04,2.55,0.0
20220128:1911,0.0,0.0,1.29,2.97,0.0
20220128:2011,0.0,0.0,1.39,2.62,0.0
20220128:2111,0.0,0.0,1.41,2.48,0.0
20220128:2211,0.0,0.0,1.58,2.28,0.0
20220128:2311,0.0,0.0,2.11,2.34,0.0
20220129:0011,0.0,0.0,2.8,2.62,0.0
20220129:0111,0.0,0.0,3.71,3.24,0.0
20220129:0211,0.0,0.0,4.38,3.59,0.0
20220129:0311,0.0,0.0,4.73,3.72,0.0
20220129:0411,0.0,0.0,4.86,3.72,0.0
20220129:0511,0.0,0.0,4.79,3.66,0.0
20220129:0611,0.0,0.0,4.95,3.93,0.0
20220129:0711,0.0,0.0,5.03,3.93,0.0
20220129:0811,0.69,1.67,5.17,4.55,0.0
20220129:0911,5.51,7.04,5.23,5.1,0.0
20220129:1011,9.64,10.94,4.97,5.38,0.0
20220129:1111,11.7,13.07,4.85,5.93,0.0
20220129:1211,11.7,13.25,4.6,7.59,0.0
20220129:1311,12.39,11.46,3.35,7.45,0.0
20220129:1411,6.19,7.85,2.86,7.03,0.0
20220129:1511,1.38,2.72,0.84,8.14,0.0
20220129:1611,0.0,0.0,0.87,6.76,0.0
20220129:1711,0.0,0.0,0.33,7.66,0.0
20220129:1811,0.0,0.0,0.2,7.59,0.0
20220129:1911,0.0,0.0,0.24,7.52,0.0
20220129:2011,0.0,0.0,-0.23,8.69,0.0
20220129:2111,0.0,0.0,-0.23,8.0,0.0
20220129:2211,0.0,0.0,0.37,7.17,0.0
20220129:2311,0.0,0.0,0.64,7.79,0.0
20220130:0011,0.0,0.0,0.49,8.14,0.0
20220130:0111,0.0,0.0,0.08,8.21,0.0
20220130:0211,0.0,0.0,-0.02,7.86,0.0
20220130:0311,0.0,0.0,-0.23,7.52,0.0
20220130:0411,0.0,0.0,-0.33,7.03,0.0
20220130:0511,0.0,0.0,-0.6,6.55,0.0
20220130:0611,0.0,0.0,-0.85,6.14,0.0
20220130:0711,0.0,0.0,-0.97,5.93,0.0
20220130:0811,0.69,1.9,-1.18,5.66,0.0
20220130:0911,32.35,7.29,-1.35,5.45,0.0
20220130:1011,59.88,11.2,-1.29,5.31,0.0
20220130:1111,69.51,13.34,-1.19,4.83,0.0
20220130:1211,74.33,13.52,-1.11,4.34,0.0
20220130:1311,40.61,11.73,-1.23,3.93,0.0
20220130:1411,32.35,8.13,-1.58,3.93,0.0
20220130:1511,2.75,2.98,-2.2,3.38,0.0
20220130:1611,0.0,0.0,-3.3,2.34,0.0
20220130:1711,0.0,0.0,-3.52,1.38,0.0
20220130:1811,0.0,0.0,-2.39,0.97,0.0
20220130:1911,0.0,0.0,-3.35,1.17,0.0
20220130:2011,0.0,0.0,-2.76,0.83,0.0
20220130:2111,0.0,0.0,-3.45,1.1,0.0
20220130:2211,0.0,0.0,-4.0,1.24,0.0
20220130:2311,0.0,0.0,-3.66,1.1,0.0
20220131:0011,0.0,0.0,-4.33,1.31,0.0
20220131:0111,0.0,0.0,-4.67,1.38,0.0
20220131:0211,0.0,0.0,-5.14,1.59,0.0
20220131:0311,0.0,0.0,-5.67,1.79,0.0
20220131:0411,0.0,0.0,-6.01,1.86,0.0
20220131:0511,0.0,0.0,-5.62,1.72,0.0
20220131:0611,0.0,0.0,-4.91,1.52,0.0
20220131:0711,0.0,0.0,-4.11,1.52,0.0
20220131:0811,0.69,2.13,-3.49,1.31,0.0
20220131:0911,13.08,7.53,-2.56,1.03,0.0
20220131:1011,46.11,11.46,-1.88,0.69,0.0
20220131:1111,69.51,13.61,-1.43,0.34,0.0
20220131:1211,70.89,13.8,-1.42,0.9,0.0
20220131:1311,15.14,12.01,-1.58,1.52,0.0
20220131:1411,6.88,8.4,-1.78,1.66,0.0
20220131:1511,4.13,3.25,-1.91,1.93,0.0
20220131:1611,0.0,0.0,-2.34,1.59,0.0
20220131:1711,0.0,0.0,-2.9,2.83,0.0
20220131:1811,0.0,0.0,-3.58,2.97,0.0
20220131:1911,0.0,0.0,-4.21,2.97,0.0
20220131:2011,0.0,0.0,-4.51,2.69,0.0
20220131:2111,0.0,0.0,-5.17,2.48,0.0
20220131:2211,0.0,0.0,-6.07,2.41,0.0
20220131:2311,0.0,0.0,-5.7,2.14,0.0
20220201:0011,0.0,0.0,-5.14,1.86,0.0
20220201:0111,0.0,0.0,-4.51,1.59,0.0
20220201:0211,0.0,0.0,-3.22,0.9,0.0
20220201:0311,0.0,0.0,-3.27,0.41,0.0
20220201:0411,0.0,0.0,-3.57,0.97,0.0
20220201:0511,0.0,0.0,-4.19,1.24,0.0
20220201:0611,0.0,0.0,-3.78,1.52,0.0
20220201:0711,0.0,0.0,-2.21,1.66,0.0
20220201:0811,1.38,2.37,-1.37,2.0,0.0
20220201:0911,6.19,7.79,0.08,1.03,0.0
20220201:1011,11.01,11.73,0.72,2.48,0.0
20220201:1111,13.08,13.89,1.62,3.59,0.0
20220201:1211,77.77,14.09,1.76,4.21,0.0
20220201:1311,25.47,12.3,1.85,4.69,0.0
20220201:1411,7.57,8.68,1.97,4.76,0.0
20220201:1511,2.06,3.53,1.11,4.28,0.0
20220201:1611,0.0,0.0,0.78,4.0,0.0
20220201:1711,0.0,0.0,0.64,3.79,0.0
20220201:1811,0.0,0.0,0.83,3.79,0.0
20220201:1911,0.0,0.0,0.87,4.28,0.0
20220201:2011,0.0,0.0,0.58,4.41,0.0
20220201:2111,0.0,0.0,0.58,4.62,0.0
20220201:2211,0.0,0.0,0.27,5.38,0.0
20220201:2311,0.0,0.0,-0.01,5.79,0.0
20220202:0011,0.0,0.0,-0.24,5.66,0.0
20220202:0111,0.0,0.0,-0.5,5.24,0.0
20220202:0211,0.0,0.0,-0.95,4.76,0.0
20220202:0311,0.0,0.0,-1.18,4.55,0.0
20220202:0411,0.0,0.0,-1.76,4.34,0.0
20220202:0511,0.0,0.0,-2.28,4.28,0.0
20220202:0611,0.0,0.0,-2.47,4.07,0.0
20220202:0711,0.0,0.0,-2.59,3.38,0.0
20220202:0811,1.38,2.62,-2.97,3.31,0.0
20220202:0911,32.35,8.05,-3.02,3.45,0.0
20220202:1011,52.31,12.0,-2.57,3.93,0.0
20220202:1111,0.0,0.0,-1.87,3.86,0.0
20220202:1211,42.67,14.37,-1.73,2.9,0.0
20220202:1311,58.5,12.59,-1.76,2.41,0.0
20220202:1411,43.36,8.97,-1.95,1.86,0.0
20220202:1511,5.51,3.8,-1.75,1.38,0.0
20220202:1611,0.0,0.0,-2.66,1.79,0.0
20220202:1711,0.0,0.0,-2.36,2.07,0.0
20220202:1811,0.0,0.0,-1.66,2.48,0.0
20220202:1911,0.0,0.0,-2.15,1.86,0.0
20220202:2011,0.0,0.0,-2.58,1.79,0.0
20220202:2111,0.0,0.0,-2.13,1.59,0.0
20220202:2211,0.0,0.0,-1.2,1.1,0.0
20220202:2311,0.0,0.0,-0.92,0.28,0.0
20220203:0011,0.0,0.0,-0.77,0.41,0.0
20220203:0111,0.0,0.0,-0.57,0.69,0.0
20220203:0211,0.0,0.0,-0.36,1.03,0.0
20220203:0311,0.0,0.0,-0.32,1.31,0.0
20220203:0411,0.0,0.0,0.33,1.24,0.0
20220203:0511,0.0,0.0,0.65,1.24,0.0
20220203:0611,0.0,0.0,0.84,1.45,0.0
20220203:0711,0.0,0.0,0.38,1.17,0.0
20220203:0811,2.06,2.87,0.28,1.17,0.0
20220203:0911,30.28,8.31,0.47,1.17,0.0
20220203:1011,66.07,12.28,0.49,1.17,0.0
20220203:1111,24.78,14.46,0.58,1.38,0.0
20220203:1211,32.35,14.67,0.49,1.1,0.0
20220203:1311,46.11,12.88,0.41,0.9,0.0
20220203:1411,19.96,9.26,0.35,0.9,0.0
20220203:1511,2.75,4.09,0.33,0.9,0.0
20220203:1611,0.0,0.0,0.22,0.9,0.0
20220203:1711,0.0,0.0,0.32,1.1,0.0
20220203:1811,0.0,0.0,0.52,1.45,0.0
20220203:1911,0.0,0.0,1.45,1.86,0.0
20220203:2011,0.0,0.0,1.83,2.07,0.0
20220203:2111,0.0,0.0,2.15,2.34,0.0
20220203:2211,0.0,0.0,2.57,2.76,0.0
20220203:2311,0.0,0.0,2.6,2.83,0.0
20220204:0011,0.0,0.0,2.63,2.97,0.0
20220204:0111,0.0,0.0,2.98,3.66,0.0
20220204:0211,0.0,0.0,2.95,2.9,0.0
20220204:0311,0.0,0.0,1.22,2.34,0.0
20220204:0411,0.0,0.0,0.64,2.0,0.0
20220204:0511,0.0,0.0,0.04,2.48,0.0
20220204:0611,0.0,0.0,-0.64,2.28,0.0
20220204:0711,0.0,0.0,-0.78,2.0,0.0
20220204:0811,6.19,3.12,-1.36,1.93,0.0
20220204:0911,40.61,8.58,-1.11,2.07,0.0
20220204:1011,67.45,12.56,-0.32,2.07,0.0
20220204:1111,80.53,14.75,0.12,2.48,0.0
20220204:1211,50.93,14.97,0.3,2.9,0.0
20220204:1311,68.14,13.18,-0.05,2.83,0.0
20220204:1411,33.04,9.55,-0.63,2.62,0.0
20220204:1511,15.14,4.37,-0.82,2.55,0.0
20220204:1611,0.0,0.0,-1.36,2.97,0.0
20220204:1711,0.0,0.0,-1.87,2.76,0.0
20220204:1811,0.0,0.0,-1.63,2.97,0.0
20220204:1911,0.0,0.0,-1.32,2.69,0.0
20220204:2011,0.0,0.0,-1.95,3.1,0.0
20220204:2111,0.0,0.0,-1.93,2.97,0.0
20220204:2211,0.0,0.0,-1.82,2.83,0.0
20220204:2311,0.0,0.0,-1.81,2.76,0.0
20220205:0011,0.0,0.0,-1.76,2.55,0.0
20220205:0111,0.0,0.0,-1.47,3.24,0.0
20220205:0211,0.0,0.0,-1.18,2.48,0.0
20220205:0311,0.0,0.0,-0.73,3.45,0.0
20220205:0411,0.0,0.0,-1.27,3.59,0.0
20220205:0511,0.0,0.0,-1.44,3.72,0.0
20220205:0611,0.0,0.0,-1.9,3.17,0.0
20220205:0711,0.0,0.0,-1.27,3.38,0.0
20220205:0811,2.06,3.39,-1.14,3.31,0.0
20220205:0911,24.78,8.86,-0.98,3.17,0.0
20220205:1011,56.44,12.85,-0.43,2.76,0.0
20220205:1111,33.04,15.05,-0.27,2.55,0.0
20220205:1211,68.83,15.27,0.1,2.76,0.0
20220205:1311,47.49,13.48,0.43,3.03,0.0
20220205:1411,48.18,9.84,0.13,2.41,0.0
20220205:1511,6.88,4.66,0.09,3.17,0.0
20220205:1611,0.0,0.0,0.84,3.38,0.0
20220205:1711,0.0,0.0,1.07,3.1,0.0
20220205:1811,0.0,0.0,1.53,4.07,0.0
20220205:1911,0.0,0.0,1.26,4.07,0.0
20220205:2011,0.0,0.0,0.86,4.28,0.0
20220205:2111,0.0,0.0,0.21,4.76,0.0
20220205:2211,0.0,0.0,-0.5,4.76,0.0
20220205:2311,0.0,0.0,-1.04,4.41,0.0
20220206:0011,0.0,0.0,-1.45,3.93,0.0
20220206:0111,0.0,0.0,-1.62,4.0,0.0
20220206:0211,0.0,0.0,-1.89,4.07,0.0
20220206:0311,0.0,0.0,-2.08,3.52,0.0
20220206:0411,0.0,0.0,-2.23,3.45,0.0
20220206:0511,0.0,0.0,-2.18,3.66,0.0
20220206:0611,0.0,0.0,-2.06,2.76,0.0
20220206:0711,0.0,0.0,-1.72,2.62,0.0
20220206:0811,6.19,3.65,-1.65,2.48,0.0
20220206:0911,47.49,9.14,-1.81,2.76,0.0
20220206:1011,61.25,13.14,-1.65,2.07,0.0
20220206:1111,42.67,15.36,-1.16,2.14,0.0
20220206:1211,87.41,15.58,-0.88,2.48,0.0
20220206:1311,21.34,13.78,-1.27,2.69,0.0
20220206:1411,35.79,10.14,-1.59,2.76,0.0
20220206:1511,19.96,4.95,-1.89,2.55,0.0
20220206:1611,0.0,0.0,-2.18,2.14,0.0
20220206:1711,0.0,0.0,-3.22,2.21,0.0
20220206:1811,0.0,0.0,-3.62,2.48,0.0
20220206:1911,0.0,0.0,-2.95,2.62,0.0
20220206:2011,0.0,0.0,-2.22,3.03,0.0
20220206:2111,0.0,0.0,-2.17,3.45,0.0
20220206:2211,0.0,0.0,-1.89,3.79,0.0
20220206:2311,0.0,0.0,-1.65,4.34,0.0
20220207:0011,0.0,0.0,-1.73,4.9,0.0
20220207:0111,0.0,0.0,-1.51,5.17,0.0
20220207:0211,0.0,0.0,-1.8,5.31,0.0
20220207:0311,0.0,0.0,-1.59,6.07,0.0
20220207:0411,0.0,0.0,-1.68,5.59,0.0
20220207:0511,0.0,0.0,-1.73,5.1,0.0
20220207:0611,0.0,0.0,-1.23,5.24,0.0
20220207:0711,0.0,0.0,-0.87,4.97,0.0
20220207:0811,5.51,3.93,-0.63,4.83,0.0
20220207:0911,43.36,9.42,-0.33,4.48,0.0
20220207:1011,55.06,13.44,-0.07,4.0,0.0
20220207:1111,40.61,15.66,0.2,3.52,0.0
20220207:1211,57.81,15.89,0.66,3.52,0.0
20220207:1311,61.25,14.09,0.88,3.17,0.0
20220207:1411,20.65,10.44,0.83,3.03,0.0
20220207:1511,19.27,5.24,0.04,2.76,0.0
20220207:1611,0.0,0.0,-0.33,2.48,0.0
20220207:1711,0.0,0.0,-0.43,2.21,0.0
20220207:1811,0.0,0.0,-0.42,2.0,0.0
20220207:1911,0.0,0.0,-0.77,1.72,0.0
20220207:2011,0.0,0.0,-0.72,2.14,0.0
20220207:2111,0.0,0.0,-0.43,2.83,0.0
20220207:2211,0.0,0.0,0.34,3.38,0.0
20220207:2311,0.0,0.0,0.92,2.55,0.0
20220208:0011,0.0,0.0,2.15,3.1,0.0
20220208:0111,0.0,0.0,2.96,3.66,0.0
20220208:0211,0.0,0.0,3.57,4.21,0.0
20220208:0311,0.0,0.0,2.77,4.14,0.0
20220208:0411,0.0,0.0,1.87,4.48,0.0
20220208:0511,0.0,0.0,0.89,4.28,0.0
20220208:0611,0.0,0.0,0.75,4.28,0.0
20220208:0711,0.0,0.0,0.59,4.0,0.0
20220208:0811,3.44,4.2,0.93,4.21,0.0
20220208:0911,8.26,9.71,1.22,4.55,0.0
20220208:1011,13.08,13.75,1.18,4.14,0.0
20220208:1111,15.83,15.98,1.14,3.1,0.0
20220208:1211,59.19,16.2,1.0,3.31,0.0
20220208:1311,61.25,14.4,0.97,4.07,0.0
20220208:1411,28.22,10.75,0.75,3.66,0.0
20220208:1511,4.13,5.53,0.49,3.52,0.0
20220208:1611,0.0,0.0,0.41,3.45,0.0
20220208:1711,0.0,0.0,0.22,3.31,0.0
20220208:1811,0.0,0.0,0.23,3.24,0.0
20220208:1911,0.0,0.0,0.19,3.17,0.0
20220208:2011,0.0,0.0,0.0,2.76,0.0
20220208:2111,0.0,0.0,0.31,2.97,0.0
20220208:2211,0.0,0.0,0.28,3.17,0.0
20220208:2311,0.0,0.0,0.39,3.03,0.0
20220209:0011,0.0,0.0,0.81,3.1,0.0
20220209:0111,0.0,0.0,0.99,3.59,0.0
20220209:0211,0.0,0.0,0.89,3.79,0.0
20220209:0311,0.0,0.0,0.89,3.52,0.0
20220209:0411,0.0,0.0,0.91,3.86,0.0
20220209:0511,0.0,0.0,1.14,4.28,0.0
20220209:0611,0.0,0.0,0.96,4.69,0.0
20220209:0711,0.0,0.0,1.07,4.69,0.0
20220209:0811,2.75,4.49,0.61,4.9,0.0
20220209:0911,34.41,10.01,0.65,4.07,0.0
20220209:1011,13.77,14.05,0.12,4.34,0.0
20220209:1111,17.89,16.29,0.05,3.86,0.0
20220209:1211,24.09,16.52,0.26,3.79,0.0
20220209:1311,14.45,14.72,0.01,4.21,0.0
20220209:1411,43.36,11.06,0.06,4.0,0.0
20220209:1511,5.51,5.83,-0.23,4.9,0.0
20220209:1611,0.0,0.0,-0.62,5.24,0.0
20220209:1711,0.0,0.0,-0.53,4.34,0.0
20220209:1811,0.0,0.0,-0.74,4.48,0.0
20220209:1911,0.0,0.0,-0.53,4.28,0.0
20220209:2011,0.0,0.0,-0.8,4.34,0.0
20220209:2111,0.0,0.0,-0.6,4.34,0.0
20220209:2211,0.0,0.0,-0.65,4.34,0.0
20220209:2311,0.0,0.0,-1.08,4.28,0.0
20220210:0011,0.0,0.0,-0.88,3.79,0.0
20220210:0111,0.0,0.0,-0.41,3.59,0.0
20220210:0211,0.0,0.0,-0.07,3.79,0.0
20220210:0311,0.0,0.0,-0.24,3.79,0.0
20220210:0411,0.0,0.0,-1.12,4.0,0.0
20220210:0511,0.0,0.0,-1.91,3.03,0.0
20220210:0611,0.0,0.0,-1.95,2.0,0.0
20220210:0711,0.0,0.0,-1.7,2.21,0.0
20220210:0811,15.14,4.77,-1.79,2.14,0.0
20220210:0911,12.39,10.31,-1.47,1.93,0.0
20220210:1011,13.77,14.37,-1.36,1.93,0.0
20220210:1111,25.47,16.61,-0.72,2.14,0.0
20220210:1211,18.58,16.85,-0.47,2.34,0.0
20220210:1311,84.65,15.04,-0.28,2.69,0.0
20220210:1411,60.57,11.37,-0.23,2.28,0.0
20220210:1511,24.09,6.13,-0.3,2.62,0.0
20220210:1611,0.0,0.0,-1.36,1.93,0.0
20220210:1711,0.0,0.0,-2.53,1.66,0.0
20220210:1811,0.0,0.0,-3.05,1.66,0.0
20220210:1911,0.0,0.0,-3.42,1.52,0.0
20220210:2011,0.0,0.0,-3.78,1.45,0.0
20220210:2111,0.0,0.0,-4.42,1.52,0.0
20220210:2211,0.0,0.0,-4.91,1.86,0.0
20220210:2311,0.0,0.0,-5.13,2.21,0.0
20220211:0011,0.0,0.0,-5.28,2.48,0.0
20220211:0111,0.0,0.0,-5.92,2.62,0.0
20220211:0211,0.0,0.0,-6.33,2.76,0.0
20220211:0311,0.0,0.0,-6.63,2.76,0.0
20220211:0411,0.0,0.0,-6.82,2.69,0.0
20220211:0511,0.0,0.0,-6.21,2.83,0.0
20220211:0611,0.0,0.0,-6.25,2.83,0.0
20220211:0711,0.0,0.0,-7.53,2.62,0.0
20220211:0811,7.57,5.07,-7.55,2.21,0.0
20220211:0911,55.75,10.62,-6.69,1.93,0.0
20220211:1011,54.37,14.68,-5.66,1.79,0.0
20220211:1111,51.62,16.94,-5.42,2.0,0.0
20220211:1211,75.02,17.17,-5.19,2.14,0.0
20220211:1311,67.45,15.36,-4.45,1.93,0.0
20220211:1411,63.32,11.68,-2.45,1.24,0.0
20220211:1511,9.64,6.43,-2.56,1.03,0.0
20220211:1611,0.0,0.0,-4.13,1.72,0.0
20220211:1711,0.0,0.0,-4.88,2.41,0.0
20220211:1811,0.0,0.0,-3.96,2.76,0.0
20220211:1911,0.0,0.0,-3.02,3.03,0.0
20220211:2011,0.0,0.0,-3.57,2.62,0.0
20220211:2111,0.0,0.0,-3.91,2.41,0.0
20220211:2211,0.0,0.0,-3.96,2.69,0.0
20220211:2311,0.0,0.0,-2.3,3.72,0.0
20220212:0011,0.0,0.0,-1.35,3.66,0.0
20220212:0111,0.0,0.0,-1.89,3.45,0.0
20220212:0211,0.0,0.0,-1.65,3.1,0.0
20220212:0311,0.0,0.0,-1.45,2.9,0.0
20220212:0411,0.0,0.0,-1.41,3.1,0.0
20220212:0511,0.0,0.0,-0.75,3.45,0.0
20220212:0611,0.0,0.0,-0.22,3.72,0.0
20220212:0711,0.0,0.0,0.44,3.79,0.0
20220212:0811,6.88,5.36,0.7,4.48,0.0
20220212:0911,13.08,10.93,0.97,4.07,0.0
20220212:1011,35.1,15.01,1.2,4.07,0.0
20220212:1111,17.21,17.27,1.09,3.93,0.0
20220212:1211,17.21,17.5,1.32,4.34,0.0
20220212:1311,17.89,15.69,1.29,3.72,0.0
20220212:1411,24.09,12.0,1.06,3.03,0.0
20220212:1511,20.65,6.74,1.24,2.76,0.0
20220212:1611,0.0,0.0,1.17,2.69,0.0
20220212:1711,0.0,0.0,1.03,2.41,0.0
20220212:1811,0.0,0.0,1.03,2.48,0.0
20220212:1911,0.0,0.0,1.02,2.0,0.0
20220212:2011,0.0,0.0,1.14,2.28,0.0
20220212:2111,0.0,0.0,1.24,2.83,0.0
20220212:2211,0.0,0.0,1.0,2.14,0.0
20220212:2311,0.0,0.0,1.28,2.69,0.0
20220213:0011,0.0,0.0,1.63,2.48,0.0
20220213:0111,0.0,0.0,1.91,2.76,0.0
20220213:0211,0.0,0.0,2.06,2.48,0.0
20220213:0311,0.0,0.0,2.39,3.59,0.0
20220213:0411,0.0,0.0,2.32,3.31,0.0
20220213:0511,0.0,0.0,2.13,3.17,0.0
20220213:0611,0.0,0.0,1.97,2.9,0.0
20220213:0711,0.0,0.0,2.31,3.17,0.0
20220213:0811,25.47,5.67,2.16,3.17,0.0
20220213:0911,35.1,11.24,1.74,2.34,0.0
20220213:1011,15.14,15.33,1.77,2.21,0.0
20220213:1111,55.06,17.6,2.39,2.55,0.0
20220213:1211,55.06,17.84,2.6,2.83,0.0
20220213:1311,42.67,16.02,2.69,2.9,0.0
20220213:1411,44.74,12.32,2.36,2.41,0.0
20220213:1511,10.32,7.05,1.89,1.59,0.0
20220213:1611,0.0,0.0,1.85,1.24,0.0
20220213:1711,0.0,0.0,1.7,1.38,0.0
20220213:1811,0.0,0.0,1.64,1.66,0.0
20220213:1911,0.0,0.0,1.58,1.86,0.0
20220213:2011,0.0,0.0,1.69,2.14,0.0
20220213:2111,0.0,0.0,1.56,2.48,0.0
20220213:2211,0.0,0.0,1.43,2.9,0.0
20220213:2311,0.0,0.0,1.04,2.21,0.0
20220214:0011,0.0,0.0,1.03,2.62,0.0
20220214:0111,0.0,0.0,0.65,1.86,0.0
20220214:0211,0.0,0.0,0.6,1.72,0.0
20220214:0311,0.0,0.0,0.6,1.52,0.0
20220214:0411,0.0,0.0,0.69,1.59,0.0
20220214:0511,0.0,0.0,0.76,1.59,0.0
20220214:0611,0.0,0.0,0.82,1.59,0.0
20220214:0711,0.0,0.0,0.78,1.52,0.0
20220214:0811,15.14,5.97,0.88,1.59,0.0
20220214:0911,41.3,11.56,1.03,1.59,0.0
20220214:1011,54.37,15.66,1.22,1.72,0.0
20220214:1111,84.65,17.94,1.4,2.0,0.0
20220214:1211,34.41,18.18,1.23,2.28,0.0
20220214:1311,15.83,16.35,1.24,2.69,0.0
20220214:1411,11.7,12.64,1.26,3.1,0.0
20220214:1511,25.47,7.36,1.23,3.59,0.0
20220214:1611,0.0,0.0,1.09,3.52,0.0
20220214:1711,0.0,0.0,1.05,2.9,0.0
20220214:1811,0.0,0.0,0.9,1.93,0.0
20220214:1911,0.0,0.0,0.51,1.31,0.0
20220214:2011,0.0,0.0,0.38,1.1,0.0
20220214:2111,0.0,0.0,0.08,0.9,0.0
20220214:2211,0.0,0.0,-0.13,0.9,0.0
20220214:2311,0.0,0.0,-0.1,0.97,0.0
20220215:0011,0.0,0.0,0.08,1.17,0.0
20220215:0111,0.0,0.0,-0.04,1.45,0.0
20220215:0211,0.0,0.0,0.04,1.59,0.0
20220215:0311,0.0,0.0,0.63,2.21,0.0
20220215:0411,0.0,0.0,0.73,2.62,0.0
20220215:0511,0.0,0.0,0.6,3.38,0.0
20220215:0611,0.0,0.0,0.0,3.45,0.0
20220215:0711,0.0,0.0,0.0,3.38,0.0
20220215:0811,26.15,6.28,-0.21,3.24,0.0
20220215:0911,59.19,11.88,-0.19,3.45,0.0
20220215:1011,59.19,16.0,-0.1,3.45,0.0
20220215:1111,103.93,18.28,0.02,3.1,0.0
20220215:1211,99.11,18.52,0.26,3.03,0.0
20220215:1311,48.18,16.69,0.5,2.9,0.0
20220215:1411,17.21,12.96,0.28,1.52,0.0
20220215:1511,35.79,7.67,0.04,2.76,0.0
20220215:1611,0.0,0.0,-0.06,2.76,0.0
20220215:1711,0.0,0.0,-0.11,2.62,0.0
20220215:1811,0.0,0.0,-0.07,2.48,0.0
20220215:1911,0.0,0.0,0.15,2.0,0.0
20220215:2011,0.0,0.0,0.22,1.38,0.0
20220215:2111,0.0,0.0,0.42,1.59,0.0
20220215:2211,0.0,0.0,0.21,2.48,0.0
20220215:2311,0.0,0.0,-0.95,2.28,0.0
20220216:0011,0.0,0.0,-0.6,2.41,0.0
20220216:0111,0.0,0.0,-0.49,2.55,0.0
20220216:0211,0.0,0.0,-0.09,2.48,0.0
20220216:0311,0.0,0.0,-0.34,2.62,0.0
20220216:0411,0.0,0.0,-0.32,2.62,0.0
20220216:0511,0.0,0.0,-0.46,2.14,0.0
20220216:0611,0.0,0.0,-0.7,1.86,0.0
20220216:0711,0.0,0.0,-1.57,1.38,0.0
20220216:0811,23.4,6.6,-1.56,1.17,0.0
20220216:0911,35.1,12.21,-0.98,1.03,0.0
20220216:1011,37.85,16.34,-1.06,1.45,0.0
20220216:1111,107.37,18.63,0.05,2.21,0.0
20220216:1211,77.08,18.86,0.33,2.69,0.0
20220216:1311,77.08,17.02,0.54,2.97,0.0
20220216:1411,26.15,13.29,0.46,2.41,0.0
20220216:1511,39.23,7.98,0.31,2.55,0.0
20220216:1611,0.0,0.0,0.05,2.14,0.0
20220216:1711,0.0,0.0,-0.17,2.21,0.0
20220216:1811,0.0,0.0,-0.19,2.28,0.0
20220216:1911,0.0,0.0,-0.44,3.24,0.0
20220216:2011,0.0,0.0,-1.04,3.38,0.0
20220216:2111,0.0,0.0,-1.62,2.76,0.0
20220216:2211,0.0,0.0,-2.11,2.41,0.0
20220216:2311,0.0,0.0,-2.18,2.21,0.0
20220217:0011,0.0,0.0,-2.4,1.93,0.0
20220217:0111,0.0,0.0,-3.01,1.79,0.0
20220217:0211,0.0,0.0,-3.64,1.72,0.0
20220217:0311,0.0,0.0,-3.86,1.59,0.0
20220217:0411,0.0,0.0,-3.99,1.45,0.0
20220217:0511,0.0,0.0,-4.4,1.66,0.0
20220217:0611,0.0,0.0,-4.49,1.86,0.0
20220217:0711,0.0,0.0,-4.16,1.72,0.0
20220217:0811,31.66,6.92,-3.58,1.52,0.0
20220217:0911,65.38,12.54,-2.34,1.24,0.0
20220217:1011,18.58,16.68,-1.48,1.45,0.0
20220217:1111,29.59,18.97,-0.38,2.0,0.0
20220217:1211,24.78,19.21,0.54,2.21,0.0
20220217:1311,28.22,17.36,0.41,2.76,0.0
20220217:1411,13.08,13.62,0.18,3.38,0.0
20220217:1511,32.35,8.29,-0.21,3.24,0.0
20220217:1611,0.69,1.79,-0.8,3.24,0.0
20220217:1711,0.0,0.0,-1.16,3.24,0.0
20220217:1811,0.0,0.0,-0.95,3.24,0.0
20220217:1911,0.0,0.0,-0.41,3.66,0.0
20220217:2011,0.0,0.0,-0.42,3.93,0.0
20220217:2111,0.0,0.0,-0.35,4.07,0.0
20220217:2211,0.0,0.0,-0.33,3.86,0.0
20220217:2311,0.0,0.0,-0.36,3.79,0.0
20220218:0011,0.0,0.0,-0.56,3.72,0.0
20220218:0111,0.0,0.0,-0.49,3.79,0.0
20220218:0211,0.0,0.0,-0.53,2.9,0.0
20220218:0311,0.0,0.0,-0.66,2.62,0.0
20220218:0411,0.0,0.0,-0.84,3.03,0.0
20220218:0511,0.0,0.0,-1.28,2.97,0.0
20220218:0611,0.0,0.0,-1.14,2.28,0.0
20220218:0711,0.0,0.0,-1.57,1.79,0.0
20220218:0811,8.95,7.24,-1.7,1.72,0.0
20220218:0911,68.14,12.88,-1.23,2.07,0.0
20220218:1011,30.97,17.02,-0.38,2.76,0.0
20220218:1111,26.15,19.33,-0.1,1.86,0.0
20220218:1211,46.11,19.56,-0.07,1.03,0.0
20220218:1311,29.59,17.71,0.01,1.79,0.0
20220218:1411,35.79,13.95,-0.02,2.21,0.0
20220218:1511,22.02,8.61,-0.53,2.83,0.0
20220218:1611,0.69,2.09,-0.81,3.45,0.0
20220218:1711,0.0,0.0,-1.03,4.0,0.0
20220218:1811,0.0,0.0,-1.17,4.21,0.0
20220218:1911,0.0,0.0,-1.12,4.21,0.0
20220218:2011,0.0,0.0,-1.17,3.38,0.0
20220218:2111,0.0,0.0,-1.37,2.83,0.0
20220218:2211,0.0,0.0,-1.65,2.62,0.0
20220218:2311,0.0,0.0,-1.92,2.21,0.0
20220219:0011,0.0,0.0,-2.41,2.07,0.0
20220219:0111,0.0,0.0,-3.59,2.0,0.0
20220219:0211,0.0,0.0,-4.21,2.0,0.0
20220219:0311,0.0,0.0,-4.65,2.0,0.0
20220219:0411,0.0,0.0,-4.99,2.0,0.0
20220219:0511,0.0,0.0,-5.28,2.21,0.0
20220219:0611,0.0,0.0,-5.28,2.21,0.0
20220219:0711,0.0,0.0,-4.96,2.0,0.0
20220219:0811,37.85,7.57,-2.95,1.1,0.0
20220219:0911,49.55,13.22,-2.53,0.28,0.0
20220219:1011,97.73,17.37,-1.74,0.48,0.0
20220219:1111,90.85,19.68,-1.21,0.69,0.0
20220219:1211,116.31,19.92,-1.51,0.83,0.0
20220219:1311,64.7,18.05,-1.49,0.9,0.0
20220219:1411,13.77,14.28,-1.68,1.17,0.0
20220219:1511,7.57,8.93,-1.89,1.38,0.0
20220219:1611,1.38,2.4,-2.13,1.79,0.0
20220219:1711,0.0,0.0,-2.62,2.14,0.0
20220219:1811,0.0,0.0,-3.96,2.14,0.0
20220219:1911,0.0,0.0,-5.59,2.48,0.0
20220219:2011,0.0,0.0,-6.33,2.34,0.0
20220219:2111,0.0,0.0,-6.29,2.14,0.0
20220219:2211,0.0,0.0,-6.21,2.0,0.0
20220219:2311,0.0,0.0,-5.6,1.72,0.0
20220220:0011,0.0,0.0,-5.37,1.59,0.0
20220220:0111,0.0,0.0,-5.24,1.03,0.0
20220220:0211,0.0,0.0,-4.59,0.62,0.0
20220220:0311,0.0,0.0,-5.94,0.55,0.0
20220220:0411,0.0,0.0,-6.75,1.03,0.0
20220220:0511,0.0,0.0,-7.44,1.31,0.0
20220220:0611,0.0,0.0,-7.58,1.59,0.0
20220220:0711,0.0,0.0,-6.47,1.93,0.0
20220220:0811,37.17,7.9,-5.5,2.07,0.0
20220220:0911,61.94,13.56,-3.97,2.76,0.0
20220220:1011,72.95,17.73,-2.83,3.1,0.0
20220220:1111,20.65,20.04,-2.34,3.72,0.0
20220220:1211,31.66,20.27,-1.82,3.86,0.0
20220220:1311,18.58,18.4,-1.43,3.59,0.0
20220220:1411,67.45,14.61,-1.35,3.52,0.0
20220220:1511,8.26,9.25,-1.33,3.93,0.0
20220220:1611,2.75,2.7,-1.5,2.48,0.0
20220220:1711,0.0,0.0,-1.82,1.45,0.0
20220220:1811,0.0,0.0,-2.15,1.24,0.0
20220220:1911,0.0,0.0,-2.24,1.52,0.0
20220220:2011,0.0,0.0,-2.22,1.45,0.0
20220220:2111,0.0,0.0,-2.18,1.31,0.0
20220220:2211,0.0,0.0,-2.16,1.31,0.0
20220220:2311,0.0,0.0,-2.16,1.31,0.0
20220221:0011,0.0,0.0,-1.78,0.97,0.0
20220221:0111,0.0,0.0,-1.49,0.69,0.0
20220221:0211,0.0,0.0,-1.79,0.97,0.0
20220221:0311,0.0,0.0,-2.44,1.66,0.0
20220221:0411,0.0,0.0,-2.95,2.14,0.0
20220221:0511,0.0,0.0,-2.23,2.41,0.0
20220221:0611,0.0,0.0,-2.56,2.28,0.0
20220221:0711,0.0,0.0,-1.77,2.55,0.0
20220221:0811,28.22,8.24,-2.23,2.34,0.0
20220221:0911,46.11,13.91,-1.07,2.97,0.0
20220221:1011,98.42,18.08,-0.23,3.31,0.0
20220221:1111,118.38,20.4,0.49,3.86,0.0
20220221:1211,33.04,20.63,0.94,4.07,0.0
20220221:1311,70.89,18.75,1.4,4.14,0.0
20220221:1411,57.81,14.95,1.29,3.93,0.0
20220221:1511,37.17,9.57,1.07,3.52,0.0
20220221:1611,4.13,3.01,0.71,3.59,0.0
20220221:1711,0.0,0.0,0.18,3.93,0.0
20220221:1811,0.0,0.0,-0.6,4.14,0.0
20220221:1911,0.0,0.0,-1.2,3.93,0.0
20220221:2011,0.0,0.0,-1.74,3.52,0.0
20220221:2111,0.0,0.0,-1.81,3.38,0.0
20220221:2211,0.0,0.0,-2.12,2.9,0.0
20220221:2311,0.0,0.0,-3.46,2.07,0.0
20220222:0011,0.0,0.0,-4.07,1.72,0.0
20220222:0111,0.0,0.0,-4.25,1.59,0.0
20220222:0211,0.0,0.0,-5.44,1.59,0.0
20220222:0311,0.0,0.0,-6.83,1.72,0.0
20220222:0411,0.0,0.0,-7.68,1.79,0.0
20220222:0511,0.0,0.0,-8.72,1.79,0.0
20220222:0611,0.0,0.0,-9.34,1.79,0.0
20220222:0711,0.69,1.81,-9.31,1.86,0.0
20220222:0811,15.83,8.58,-8.28,1.72,0.0
20220222:0911,76.4,14.26,-5.36,1.52,0.0
20220222:1011,18.58,18.44,-4.81,2.0,0.0
20220222:1111,120.44,20.77,-3.5,2.55,0.0
20220222:1211,54.37,20.99,-3.0,3.03,0.0
20220222:1311,49.55,19.1,-2.78,2.28,0.0
20220222:1411,29.59,15.29,-2.27,2.55,0.0
20220222:1511,19.27,9.89,-2.19,1.86,0.0
20220222:1611,2.06,3.32,-2.25,1.17,0.0
20220222:1711,0.0,0.0,-2.25,0.97,0.0
20220222:1811,0.0,0.0,-1.85,0.62,0.0
20220222:1911,0.0,0.0,-2.94,2.21,0.0
20220222:2011,0.0,0.0,-3.0,2.34,0.0
20220222:2111,0.0,0.0,-3.49,2.55,0.0
20220222:2211,0.0,0.0,-1.94,3.24,0.0
20220222:2311,0.0,0.0,-0.65,4.0,0.0
20220223:0011,0.0,0.0,-0.92,3.79,0.0
20220223:0111,0.0,0.0,-0.93,3.86,0.0
20220223:0211,0.0,0.0,-0.48,4.14,0.0
20220223:0311,0.0,0.0,-0.78,3.59,0.0
20220223:0411,0.0,0.0,-0.99,3.17,0.0
20220223:0511,0.0,0.0,-2.15,2.55,0.0
20220223:0611,0.0,0.0,-1.83,1.66,0.0
20220223:0711,0.69,2.14,-1.48,1.66,0.0
20220223:0811,30.97,8.92,-2.49,2.14,0.0
20220223:0911,13.77,14.61,-1.95,2.76,0.0
20220223:1011,29.59,18.81,-0.47,3.17,0.0
20220223:1111,38.54,21.13,0.63,3.03,0.0
20220223:1211,86.03,21.36,1.38,3.24,0.0
20220223:1311,35.1,19.46,1.93,3.52,0.0
20220223:1411,25.47,15.62,1.64,4.28,0.0
20220223:1511,22.02,10.21,1.9,4.28,0.0
20220223:1611,2.75,3.63,1.6,4.28,0.0
20220223:1711,0.0,0.0,1.72,4.34,0.0
20220223:1811,0.0,0.0,1.89,4.48,0.0
20220223:1911,0.0,0.0,2.34,5.52,0.0
20220223:2011,0.0,0.0,2.19,5.72,0.0
20220223:2111,0.0,0.0,2.21,5.31,0.0
20220223:2211,0.0,0.0,2.39,5.72,0.0
20220223:2311,0.0,0.0,1.42,4.97,0.0
20220224:0011,0.0,0.0,0.68,2.48,0.0
20220224:0111,0.0,0.0,0.13,3.38,0.0
20220224:0211,0.0,0.0,-0.4,3.66,0.0
20220224:0311,0.0,0.0,-0.53,3.17,0.0
20220224:0411,0.0,0.0,-0.72,2.48,0.0
20220224:0511,0.0,0.0,-1.02,2.55,0.0
20220224:0611,0.0,0.0,-1.27,2.34,0.0
20220224:0711,2.75,2.48,-1.41,1.79,0.0
20220224:0811,23.4,9.27,-2.25,1.79,0.0
20220224:0911,82.59,14.97,-1.93,2.07,0.0
20220224:1011,77.08,19.17,-0.88,2.41,0.0
20220224:1111,119.76,21.5,-0.11,2.28,0.0
20220224:1211,39.23,21.72,0.4,2.28,0.0
20220224:1311,20.65,19.81,0.27,2.83,0.0
20220224:1411,36.48,15.96,-0.09,2.83,0.0
20220224:1511,52.31,10.54,-0.54,2.69,0.0
20220224:1611,8.95,3.94,-1.29,2.69,0.0
20220224:1711,0.0,0.0,-1.96,1.66,0.0
20220224:1811,0.0,0.0,-1.71,1.66,0.0
20220224:1911,0.0,0.0,-1.6,1.52,0.0
20220224:2011,0.0,0.0,-2.87,1.52,0.0
20220224:2111,0.0,0.0,-3.81,1.79,0.0
20220224:2211,0.0,0.0,-3.44,1.79,0.0
20220224:2311,0.0,0.0,-3.79,1.59,0.0
20220225:0011,0.0,0.0,-3.35,1.38,0.0
20220225:0111,0.0,0.0,-3.07,1.31,0.0
20220225:0211,0.0,0.0,-2.71,1.1,0.0
20220225:0311,0.0,0.0,-2.09,0.69,0.0
20220225:0411,0.0,0.0,-2.46,0.83,0.0
20220225:0511,0.0,0.0,-3.12,1.24,0.0
20220225:0611,0.0,0.0,-3.05,1.66,0.0
20220225:0711,1.38,2.82,-1.7,2.55,0.0
20220225:0811,8.26,9.62,-0.88,3.45,0.0
20220225:0911,86.03,15.33,-0.01,4.21,0.0
20220225:1011,107.37,19.54,0.5,4.69,0.0
20220225:1111,91.54,21.88,0.99,5.52,0.0
20220225:1211,29.59,22.09,1.29,4.55,0.0
20220225:1311,66.07,20.17,1.59,4.28,0.0
20220225:1411,59.19,16.31,1.38,4.76,0.0
20220225:1511,56.44,10.86,0.99,4.28,0.0
20220225:1611,6.19,4.25,0.3,3.72,0.0
20220225:1711,0.0,0.0,-1.24,3.17,0.0
20220225:1811,0.0,0.0,-3.0,2.62,0.0
20220225:1911,0.0,0.0,-4.07,2.41,0.0
20220225:2011,0.0,0.0,-4.71,2.21,0.0
20220225:2111,0.0,0.0,-4.86,2.0,0.0
20220225:2211,0.0,0.0,-5.17,1.93,0.0
20220225:2311,0.0,0.0,-5.38,1.86,0.0
20220226:0011,0.0,0.0,-5.46,1.79,0.0
20220226:0111,0.0,0.0,-5.81,1.72,0.0
20220226:0211,0.0,0.0,-6.07,1.79,0.0
20220226:0311,0.0,0.0,-6.93,1.86,0.0
20220226:0411,0.0,0.0,-7.83,1.93,0.0
20220226:0511,0.0,0.0,-8.55,1.86,0.0
20220226:0611,0.0,0.0,-8.76,1.72,0.0
20220226:0711,2.75,3.16,-3.98,1.1,0.0
20220226:0811,24.09,9.97,-2.45,1.1,0.0
20220226:0911,60.57,15.69,-2.72,1.45,0.0
20220226:1011,72.27,19.91,-1.2,1.59,0.0
20220226:1111,79.84,22.25,-0.23,1.86,0.0
20220226:1211,23.4,22.46,0.51,2.07,0.0
20220226:1311,33.72,20.53,1.2,2.28,0.0
20220226:1411,18.58,16.65,0.69,2.28,0.0
20220226:1511,55.06,11.19,1.24,2.34,0.0
20220226:1611,2.75,4.56,0.66,2.28,0.0
20220226:1711,0.0,0.0,0.55,2.21,0.0
20220226:1811,0.0,0.0,0.55,2.14,0.0
20220226:1911,0.0,0.0,0.63,2.21,0.0
20220226:2011,0.0,0.0,0.77,2.34,0.0
20220226:2111,0.0,0.0,1.04,2.48,0.0
20220226:2211,0.0,0.0,0.63,2.41,0.0
20220226:2311,0.0,0.0,0.37,2.41,0.0
20220227:0011,0.0,0.0,0.24,2.41,0.0
20220227:0111,0.0,0.0,0.26,2.48,0.0
20220227:0211,0.0,0.0,-0.09,2.48,0.0
20220227:0311,0.0,0.0,-0.06,2.41,0.0
20220227:0411,0.0,0.0,-0.23,2.48,0.0
20220227:0511,0.0,0.0,-0.15,2.48,0.0
20220227:0611,0.0,0.0,-0.27,2.55,0.0
20220227:0711,2.06,3.51,0.06,2.48,0.0
20220227:0811,8.95,10.33,0.31,2.76,0.0
20220227:0911,90.16,16.06,0.67,2.76,0.0
20220227:1011,117.69,20.29,1.08,2.76,0.0
20220227:1111,31.66,22.63,1.25,2.97,0.0
20220227:1211,24.09,22.84,1.72,3.03,0.0
20220227:1311,103.24,20.89,1.61,3.03,0.0
20220227:1411,64.01,16.99,1.59,2.9,0.0
20220227:1511,53.0,11.51,1.07,2.41,0.0
20220227:1611,11.01,4.87,0.37,2.28,0.0
20220227:1711,0.0,0.0,-0.63,2.34,0.0
20220227:1811,0.0,0.0,-0.93,2.41,0.0
20220227:1911,0.0,0.0,-0.83,2.69,0.0
20220227:2011,0.0,0.0,-0.81,2.97,0.0
20220227:2111,0.0,0.0,-1.13,2.9,0.0
20220227:2211,0.0,0.0,-2.01,2.9,0.0
20220227:2311,0.0,0.0,-2.85,2.97,0.0
20220228:0011,0.0,0.0,-2.85,3.1,0.0
20220228:0111,0.0,0.0,-2.79,3.1,0.0
20220228:0211,0.0,0.0,-2.1,3.03,0.0
20220228:0311,0.0,0.0,-1.1,3.03,0.0
20220228:0411,0.0,0.0,-0.78,3.03,0.0
20220228:0511,0.0,0.0,-0.77,2.97,0.0
20220228:0611,0.0,0.0,-0.72,2.97,0.0
20220228:0711,2.75,3.86,-0.57,3.17,0.0
20220228:0811,21.34,10.69,-0.44,2.97,0.0
20220228:0911,26.15,16.43,0.28,3.86,0.0
20220228:1011,21.34,20.66,0.53,3.72,0.0
20220228:1111,24.09,23.01,1.07,3.72,0.0
20220228:1211,28.22,23.21,1.31,3.72,0.0
20220228:1311,22.02,21.25,1.27,3.52,0.0
20220228:1411,46.11,17.34,1.33,3.38,0.0
20220228:1511,63.32,11.84,1.08,3.38,0.0
20220228:1611,15.83,5.18,0.83,3.52,0.0
20220228:1711,0.0,0.0,0.48,3.31,0.0
20220228:1811,0.0,0.0,0.37,3.38,0.0
20220228:1911,0.0,0.0,0.37,3.24,0.0
20220228:2011,0.0,0.0,0.33,3.17,0.0
20220228:2111,0.0,0.0,0.34,3.17,0.0
20220228:2211,0.0,0.0,0.41,3.17,0.0
20220228:2311,0.0,0.0,0.54,3.24,0.0
20220301:0011,0.0,0.0,0.75,3.17,0.0
20220301:0111,0.0,0.0,1.0,2.83,0.0
20220301:0211,0.0,0.0,1.06,2.55,0.0
20220301:0311,0.0,0.0,0.89,1.59,0.0
20220301:0411,0.0,0.0,0.79,1.31,0.0
20220301:0511,0.0,0.0,0.94,1.66,0.0
20220301:0611,0.0,0.0,1.05,2.14,0.0
20220301:0711,7.57,4.21,0.96,2.21,0.0
20220301:0811,25.47,11.05,0.99,2.21,0.0
20220301:0911,26.84,16.8,1.04,2.28,0.0
20220301:1011,50.24,21.04,1.65,3.03,0.0
20220301:1111,81.9,23.39,2.22,3.31,0.0
20220301:1211,33.72,23.59,2.34,3.24,0.0
20220301:1311,88.78,21.61,2.49,3.31,0.0
20220301:1411,71.58,17.68,2.37,3.31,0.0
20220301:1511,49.55,12.17,1.67,2.62,0.0
20220301:1611,12.39,5.49,1.08,2.48,0.0
20220301:1711,0.0,0.0,-0.45,2.14,0.0
20220301:1811,0.0,0.0,-1.49,2.0,0.0
20220301:1911,0.0,0.0,-1.16,1.72,0.0
20220301:2011,0.0,0.0,-1.14,1.59,0.0
20220301:2111,0.0,0.0,-0.92,1.45,0.0
20220301:2211,0.0,0.0,-0.98,1.52,0.0
20220301:2311,0.0,0.0,-0.81,1.45,0.0
20220302:0011,0.0,0.0,-0.59,1.45,0.0
20220302:0111,0.0,0.0,-0.8,1.59,0.0
20220302:0211,0.0,0.0,-0.9,1.72,0.0
20220302:0311,0.0,0.0,-1.06,1.86,0.0
20220302:0411,0.0,0.0,-0.88,2.0,0.0
20220302:0511,0.0,0.0,-0.46,2.14,0.0
20220302:0611,0.0,0.0,-0.07,2.28,0.0
20220302:0711,4.13,4.57,-0.04,2.41,0.0
20220302:0811,58.5,11.41,0.31,2.55,0.0
20220302:0911,95.67,17.18,0.73,2.48,0.0
20220302:1011,121.13,21.43,1.48,2.55,0.0
20220302:1111,128.01,23.77,2.53,2.55,0.0
20220302:1211,139.03,23.96,2.54,2.48,0.0
20220302:1311,97.04,21.98,2.42,2.21,0.0
20220302:1411,67.45,18.03,2.23,2.07,0.0
20220302:1511,37.17,12.5,1.86,1.79,0.0
20220302:1611,19.27,5.81,0.71,1.79,0.0
20220302:1711,0.0,0.0,-0.84,1.86,0.0
20220302:1811,0.0,0.0,-2.73,2.07,0.0
20220302:1911,0.0,0.0,-3.15,2.0,0.0
20220302:2011,0.0,0.0,-4.15,2.21,0.0
20220302:2111,0.0,0.0,-4.68,2.28,0.0
20220302:2211,0.0,0.0,-5.02,2.21,0.0
20220302:2311,0.0,0.0,-5.05,2.21,0.0
20220303:0011,0.0,0.0,-4.64,2.14,0.0
20220303:0111,0.0,0.0,-4.3,2.21,0.0
20220303:0211,0.0,0.0,-4.11,2.21,0.0
20220303:0311,0.0,0.0,-3.99,2.28,0.0
20220303:0411,0.0,0.0,-3.92,2.28,0.0
20220303:0511,0.0,0.0,-3.81,2.28,0.0
20220303:0611,0.0,0.0,-3.95,2.28,0.0
20220303:0711,10.32,4.93,-3.77,2.21,0.0
20220303:0811,55.75,11.78,-2.65,2.0,0.0
20220303:0911,61.94,17.55,-1.2,1.86,0.0
20220303:1011,104.61,21.81,0.28,2.41,0.0
20220303:1111,98.42,24.16,1.68,2.69,0.0
20220303:1211,145.22,24.34,1.67,2.55,0.0
20220303:1311,99.11,22.34,2.39,2.41,0.0
20220303:1411,51.62,18.38,1.9,2.41,0.0
20220303:1511,37.85,12.82,1.18,2.07,0.0
20220303:1611,19.96,6.12,-0.23,1.93,0.0
20220303:1711,0.0,0.0,-1.45,1.86,0.0
20220303:1811,0.0,0.0,-2.37,1.86,0.0
20220303:1911,0.0,0.0,-1.99,1.72,0.0
20220303:2011,0.0,0.0,-4.08,1.86,0.0
20220303:2111,0.0,0.0,-5.53,1.86,0.0
20220303:2211,0.0,0.0,-5.95,1.86,0.0
20220303:2311,0.0,0.0,-6.03,1.86,0.0
20220304:0011,0.0,0.0,-5.81,1.86,0.0
20220304:0111,0.0,0.0,-5.79,1.86,0.0
20220304:0211,0.0,0.0,-5.71,1.86,0.0
20220304:0311,0.0,0.0,-5.87,1.86,0.0
20220304:0411,0.0,0.0,-6.14,1.93,0.0
20220304:0511,0.0,0.0,-6.53,1.93,0.0
20220304:0611,0.0,0.0,-7.2,2.0,0.0
20220304:0711,13.08,5.29,-7.56,2.14,0.0
20220304:0811,39.23,12.15,-6.33,2.0,0.0
20220304:0911,57.81,17.93,-4.21,1.72,0.0
20220304:1011,89.47,22.2,-2.44,1.79,0.0
20220304:1111,109.43,24.55,-0.4,2.14,0.0
20220304:1211,145.22,24.72,0.42,2.55,0.0
20220304:1311,99.11,22.71,0.75,2.62,0.0
20220304:1411,47.49,18.72,0.13,2.55,0.0
20220304:1511,37.85,13.15,0.21,2.55,0.0
20220304:1611,22.71,6.43,-0.81,2.41,0.0
20220304:1711,0.0,0.0,-2.87,2.41,0.0
20220304:1811,0.0,0.0,-4.61,2.28,0.0
20220304:1911,0.0,0.0,-4.68,2.0,0.0
20220304:2011,0.0,0.0,-4.49,1.66,0.0
20220304:2111,0.0,0.0,-4.59,1.59,0.0
20220304:2211,0.0,0.0,-5.64,1.66,0.0
20220304:2311,0.0,0.0,-6.07,1.66,0.0
20220305:0011,0.0,0.0,-6.42,1.66,0.0
20220305:0111,0.0,0.0,-5.61,1.45,0.0
20220305:0211,0.0,0.0,-4.63,1.17,0.0
20220305:0311,0.0,0.0,-4.55,1.31,0.0
20220305:0411,0.0,0.0,-4.38,1.24,0.0
20220305:0511,0.0,0.0,-4.33,1.24,0.0
20220305:0611,0.0,0.0,-4.35,1.24,0.0
20220305:0711,18.58,5.65,-4.06,1.24,0.0
20220305:0811,66.76,12.52,-2.65,0.83,0.0
20220305:0911,102.55,18.31,-1.13,0.28,0.0
20220305:1011,99.11,22.58,-0.37,0.21,0.0
20220305:1111,145.22,24.94,0.49,1.1,0.0
20220305:1211,46.8,25.11,-0.1,1.72,0.0
20220305:1311,130.77,23.08,1.18,1.93,0.0
20220305:1411,109.43,19.07,0.34,2.14,0.0
20220305:1511,73.64,13.48,0.5,1.86,0.0
20220305:1611,6.88,6.75,0.0,1.52,0.0
20220305:1711,0.0,0.0,-1.13,1.31,0.0
20220305:1811,0.0,0.0,-2.0,1.45,0.0
20220305:1911,0.0,0.0,-2.17,1.72,0.0
20220305:2011,0.0,0.0,-3.11,2.21,0.0
20220305:2111,0.0,0.0,-3.64,2.48,0.0
20220305:2211,0.0,0.0,-4.14,2.48,0.0
20220305:2311,0.0,0.0,-4.85,2.48,0.0
20220306:0011,0.0,0.0,-5.14,2.48,0.0
20220306:0111,0.0,0.0,-5.42,2.62,0.0
20220306:0211,0.0,0.0,-5.51,2.48,0.0
20220306:0311,0.0,0.0,-5.54,2.28,0.0
20220306:0411,0.0,0.0,-5.95,2.28,0.0
20220306:0511,0.0,0.0,-6.11,2.14,0.0
20220306:0611,0.0,0.0,-6.34,2.14,0.0
20220306:0711,9.64,6.02,-5.87,2.0,0.0
20220306:0811,63.32,12.89,-4.52,1.72,0.0
20220306:0911,107.37,18.69,-2.82,1.52,0.0
20220306:1011,52.31,22.97,-1.18,1.93,0.0
20220306:1111,54.37,25.33,0.78,1.86,0.0
20220306:1211,55.06,25.49,1.62,1.93,0.0
20220306:1311,53.0,23.44,0.56,1.86,0.0
20220306:1411,61.94,19.42,1.32,1.79,0.0
20220306:1511,69.51,13.81,0.66,1.66,0.0
20220306:1611,17.89,7.06,-0.53,1.66,0.0
20220306:1711,0.0,0.0,-2.42,1.86,0.0
20220306:1811,0.0,0.0,-3.69,2.0,0.0
20220306:1911,0.0,0.0,-3.53,2.34,0.0
20220306:2011,0.0,0.0,-4.17,2.48,0.0
20220306:2111,0.0,0.0,-4.66,2.34,0.0
20220306:2211,0.0,0.0,-4.6,2.14,0.0
20220306:2311,0.0,0.0,-4.93,2.0,0.0
20220307:0011,0.0,0.0,-5.48,1.93,0.0
20220307:0111,0.0,0.0,-5.74,2.0,0.0
20220307:0211,0.0,0.0,-5.79,2.21,0.0
20220307:0311,0.0,0.0,-5.88,2.34,0.0
20220307:0411,0.0,0.0,-5.94,2.48,0.0
20220307:0511,0.0,0.0,-5.92,2.55,0.0
20220307:0611,0.0,0.0,-5.77,2.62,0.0
20220307:0711,27.53,6.38,-5.87,2.41,0.0
20220307:0811,72.95,13.27,-4.21,2.07,0.0
20220307:0911,103.24,19.08,-1.63,1.72,0.0
20220307:1011,128.7,23.37,0.33,1.66,0.0
20220307:1111,152.79,25.72,1.61,1.72,0.0
20220307:1211,129.39,25.87,2.61,1.86,0.0
20220307:1311,66.76,23.81,2.05,1.93,0.0
20220307:1411,97.04,19.77,2.02,1.86,0.0
20220307:1511,39.23,14.14,1.16,1.93,0.0
20220307:1611,35.1,7.38,-0.25,2.0,0.0
20220307:1711,0.0,0.0,-2.01,2.07,0.0
20220307:1811,0.0,0.0,-3.25,2.0,0.0
20220307:1911,0.0,0.0,-3.72,1.93,0.0
20220307:2011,0.0,0.0,-4.37,1.93,0.0
20220307:2111,0.0,0.0,-4.93,2.0,0.0
20220307:2211,0.0,0.0,-5.39,2.07,0.0
20220307:2311,0.0,0.0,-5.83,2.14,0.0
20220308:0011,0.0,0.0,-6.06,2.21,0.0
20220308:0111,0.0,0.0,-6.33,2.21,0.0
20220308:0211,0.0,0.0,-6.6,2.21,0.0
20220308:0311,0.0,0.0,-7.19,2.21,0.0
20220308:0411,0.0,0.0,-7.87,2.28,0.0
20220308:0511,0.0,0.0,-8.53,2.28,0.0
20220308:0611,0.0,0.0,-9.16,2.28,0.0
20220308:0711,21.34,6.75,-10.39,2.21,0.0
20220308:0811,62.63,13.65,-7.81,1.79,0.0
20220308:0911,46.8,19.47,-2.38,1.38,0.0
20220308:1011,56.44,23.76,1.67,0.62,0.0
20220308:1111,118.38,26.11,3.82,0.34,0.0
20220308:1211,156.92,26.26,4.34,0.9,0.0
20220308:1311,132.83,24.18,4.43,1.03,0.0
20220308:1411,90.16,20.12,4.23,1.1,0.0
20220308:1511,49.55,14.47,3.73,1.1,0.0
20220308:1611,24.78,7.69,2.54,1.31,0.0
20220308:1711,0.0,0.0,0.61,1.59,0.0
20220308:1811,0.0,0.0,-1.41,1.72,0.0
20220308:1911,0.0,0.0,-1.91,1.93,0.0
20220308:2011,0.0,0.0,-3.39,2.0,0.0
20220308:2111,0.0,0.0,-3.6,1.93,0.0
20220308:2211,0.0,0.0,-3.41,1.86,0.0
20220308:2311,0.0,0.0,-3.32,1.86,0.0
20220309:0011,0.0,0.0,-3.99,1.93,0.0
20220309:0111,0.0,0.0,-5.0,2.0,0.0
20220309:0211,0.0,0.0,-5.61,2.0,0.0
20220309:0311,0.0,0.0,-5.89,2.0,0.0
20220309:0411,0.0,0.0,-6.31,2.14,0.0
20220309:0511,0.0,0.0,-6.3,2.14,0.0
20220309:0611,0.0,0.0,-6.45,2.21,0.0
20220309:0711,33.04,7.12,-6.37,2.41,0.0
20220309:0811,40.61,14.03,-4.79,2.21,0.0
20220309:0911,49.55,19.85,-3.19,2.48,0.0
20220309:1011,53.68,24.15,-1.16,2.48,0.0
20220309:1111,70.2,26.51,0.63,2.97,0.0
20220309:1211,130.77,26.64,1.3,3.31,0.0
20220309:1311,125.95,24.55,0.52,3.24,0.0
20220309:1411,50.24,20.47,1.35,3.1,0.0
20220309:1511,41.3,14.8,1.15,3.24,0.0
20220309:1611,25.47,8.0,0.27,3.1,0.0
20220309:1711,0.0,0.0,-1.56,3.1,0.0
20220309:1811,0.0,0.0,-3.56,2.83,0.0
20220309:1911,0.0,0.0,-4.5,2.69,0.0
20220309:2011,0.0,0.0,-4.87,2.41,0.0
20220309:2111,0.0,0.0,-4.71,2.21,0.0
20220309:2211,0.0,0.0,-4.88,2.28,0.0
20220309:2311,0.0,0.0,-4.82,2.41,0.0
20220310:0011,0.0,0.0,-4.27,2.41,0.0
20220310:0111,0.0,0.0,-4.21,2.21,0.0
20220310:0211,0.0,0.0,-4.24,2.14,0.0
20220310:0311,0.0,0.0,-3.98,2.14,0.0
20220310:0411,0.0,0.0,-3.7,2.07,0.0
20220310:0511,0.0,0.0,-3.63,2.07,0.0
20220310:0611,0.0,0.0,-3.45,2.14,0.0
20220310:0711,24.78,7.5,-2.86,2.28,0.0
20220310:0811,78.46,14.41,-1.98,2.07,0.0
20220310:0911,50.93,20.24,-0.53,2.76,0.0
20220310:1011,55.06,24.55,0.67,2.97,0.0
20220310:1111,86.03,26.9,1.5,3.31,0.0
20220310:1211,107.37,27.03,1.38,3.38,0.0
20220310:1311,83.97,24.92,2.24,3.45,0.0
20220310:1411,72.27,20.81,1.76,3.45,0.0
20220310:1511,58.5,15.13,1.8,3.79,0.0
20220310:1611,28.22,8.31,0.87,3.59,0.0
20220310:1711,0.0,0.0,0.19,3.59,0.0
20220310:1811,0.0,0.0,-0.55,3.52,0.0
20220310:1911,0.0,0.0,-1.07,3.59,0.0
20220310:2011,0.0,0.0,-0.88,3.79,0.0
20220310:2111,0.0,0.0,-0.65,3.79,0.0
20220310:2211,0.0,0.0,-0.57,3.72,0.0
20220310:2311,0.0,0.0,-0.45,3.72,0.0
20220311:0011,0.0,0.0,-0.73,3.59,0.0
20220311:0111,0.0,0.0,-0.87,3.59,0.0
20220311:0211,0.0,0.0,-0.56,3.79,0.0
20220311:0311,0.0,0.0,-0.52,3.93,0.0
20220311:0411,0.0,0.0,-0.43,4.21,0.0
20220311:0511,0.0,0.0,-0.56,4.34,0.0
20220311:0611,0.0,0.0,-0.78,4.41,0.0
20220311:0711,24.78,7.87,-0.84,4.48,0.0
20220311:0811,56.44,14.79,-0.62,4.62,0.0
20220311:0911,49.55,20.63,-0.21,4.9,0.0
20220311:1011,54.37,24.95,0.16,5.03,0.0
20220311:1111,55.75,27.3,0.51,5.1,0.0
20220311:1211,143.84,27.42,1.09,5.17,0.0
20220311:1311,136.27,25.29,1.27,5.1,0.0
20220311:1411,79.15,21.16,1.22,4.97,0.0
20220311:1511,41.98,15.46,0.9,5.45,0.0
20220311:1611,26.84,8.63,0.12,5.52,0.0
20220311:1711,0.0,0.0,-0.91,5.59,0.0
20220311:1811,0.0,0.0,-1.66,5.72,0.0
20220311:1911,0.0,0.0,-1.95,5.66,0.0
20220311:2011,0.0,0.0,-2.16,5.52,0.0
20220311:2111,0.0,0.0,-2.25,5.38,0.0
20220311:2211,0.0,0.0,-2.38,5.31,0.0
20220311:2311,0.0,0.0,-2.51,5.24,0.0
20220312:0011,0.0,0.0,-2.72,5.24,0.0
20220312:0111,0.0,0.0,-2.92,5.17,0.0
20220312:0211,0.0,0.0,-3.08,5.1,0.0
20220312:0311,0.0,0.0,-3.22,5.1,0.0
20220312:0411,0.0,0.0,-3.29,5.1,0.0
20220312:0511,0.0,0.0,-3.21,5.17,0.0
20220312:0611,0.0,0.0,-3.27,5.17,0.0
20220312:0711,33.04,8.25,-2.57,5.1,0.0
20220312:0811,46.8,15.17,-1.85,4.76,0.0
20220312:0911,71.58,21.03,-0.99,6.0,0.0
20220312:1011,128.01,25.35,-0.16,5.72,0.0
20220312:1111,156.92,27.7,0.41,5.59,0.0
20220312:1211,163.8,27.81,1.06,5.31,0.0
20220312:1311,150.73,25.66,1.25,5.24,0.0
20220312:1411,37.85,21.51,1.21,4.69,0.0
20220312:1511,62.63,15.78,0.86,4.48,0.0
20220312:1611,28.91,8.94,0.63,4.28,0.0
20220312:1711,0.0,0.0,0.24,4.34,0.0
20220312:1811,0.0,0.0,-0.01,4.14,0.0
20220312:1911,0.0,0.0,0.24,3.45,0.0
20220312:2011,0.0,0.0,0.39,3.17,0.0
20220312:2111,0.0,0.0,0.44,2.69,0.0
20220312:2211,0.0,0.0,0.62,2.48,0.0
20220312:2311,0.0,0.0,0.47,2.48,0.0
20220313:0011,0.0,0.0,-0.24,2.41,0.0
20220313:0111,0.0,0.0,-0.78,2.41,0.0
20220313:0211,0.0,0.0,-0.66,2.48,0.0
20220313:0311,0.0,0.0,-0.68,2.9,0.0
20220313:0411,0.0,0.0,-0.5,3.31,0.0
20220313:0511,0.0,0.0,-0.17,3.86,0.0
20220313:0611,0.0,0.0,-0.23,4.48,0.0
20220313:0711,19.96,8.62,0.0,4.9,0.0
20220313:0811,84.65,15.56,0.31,5.1,0.0
20220313:0911,122.51,21.42,0.63,5.03,0.0
20220313:1011,59.88,25.74,1.0,4.76,0.0
20220313:1111,58.5,28.1,1.47,4.62,0.0
20220313:1211,58.5,28.2,1.88,4.34,0.0
20220313:1311,91.54,26.03,2.16,4.07,0.0
20220313:1411,110.81,21.86,2.2,4.34,0.0
20220313:1511,86.72,16.11,1.85,4.41,0.0
20220313:1611,43.36,9.25,1.27,4.55,0.0
20220313:1711,0.69,1.73,0.47,4.76,0.0
20220313:1811,0.0,0.0,-0.3,4.76,0.0
20220313:1911,0.0,0.0,-0.45,4.48,0.0
20220313:2011,0.0,0.0,-0.7,4.21,0.0
20220313:2111,0.0,0.0,-1.0,4.21,0.0
20220313:2211,0.0,0.0,-1.2,4.21,0.0
20220313:2311,0.0,0.0,-1.33,4.07,0.0
20220314:0011,0.0,0.0,-1.63,3.66,0.0
20220314:0111,0.0,0.0,-1.91,3.45,0.0
20220314:0211,0.0,0.0,-2.08,3.38,0.0
20220314:0311,0.0,0.0,-2.09,3.45,0.0
20220314:0411,0.0,0.0,-1.91,3.52,0.0
20220314:0511,0.0,0.0,-1.92,3.59,0.0
20220314:0611,0.0,0.0,-1.74,3.59,0.0
20220314:0711,37.85,9.0,-0.58,3.72,0.0
20220314:0811,87.41,15.94,0.34,4.0,0.0
20220314:0911,77.77,21.81,0.88,3.93,0.0
20220314:1011,142.47,26.14,1.5,3.86,0.0
20220314:1111,59.19,28.5,2.16,3.93,0.0
20220314:1211,74.33,28.58,2.7,3.59,0.0
20220314:1311,150.04,26.4,2.98,3.45,0.0
20220314:1411,53.68,22.21,3.14,3.79,0.0
20220314:1511,75.02,16.44,2.78,3.52,0.0
20220314:1611,9.64,9.56,2.17,3.45,0.0
20220314:1711,0.69,2.03,1.35,3.03,0.0
20220314:1811,0.0,0.0,0.44,2.48,0.0
20220314:1911,0.0,0.0,0.19,2.34,0.0
20220314:2011,0.0,0.0,-0.56,2.14,0.0
20220314:2111,0.0,0.0,-0.62,2.0,0.0
20220314:2211,0.0,0.0,-0.69,1.93,0.0
20220314:2311,0.0,0.0,-0.99,1.79,0.0
20220315:0011,0.0,0.0,-0.91,1.66,0.0
20220315:0111,0.0,0.0,-0.8,1.72,0.0
20220315:0211,0.0,0.0,-0.87,1.59,0.0
20220315:0311,0.0,0.0,-0.5,1.38,0.0
20220315:0411,0.0,0.0,-0.44,1.38,0.0
20220315:0511,0.0,0.0,0.12,1.38,0.0
20220315:0611,0.69,1.81,-0.09,1.52,0.0
20220315:0711,30.97,9.38,0.06,1.52,0.0
20220315:0811,50.24,16.33,0.68,1.24,0.0
20220315:0911,127.33,22.21,2.3,1.52,0.0
20220315:1011,133.52,26.55,2.43,1.93,0.0
20220315:1111,164.49,28.9,2.74,2.14,0.0
20220315:1211,97.73,28.97,2.77,2.21,0.0
20220315:1311,144.53,26.77,2.56,1.93,0.0
20220315:1411,123.89,22.56,2.43,1.72,0.0
20220315:1511,67.45,16.77,2.35,1.38,0.0
20220315:1611,13.08,9.88,2.65,1.17,0.0
20220315:1711,1.38,2.33,2.21,1.17,0.0
20220315:1811,0.0,0.0,1.52,1.31,0.0
20220315:1911,0.0,0.0,1.23,1.31,0.0
20220315:2011,0.0,0.0,0.94,1.31,0.0
20220315:2111,0.0,0.0,0.36,1.52,0.0
20220315:2211,0.0,0.0,0.66,1.45,0.0
20220315:2311,0.0,0.0,0.53,1.45,0.0
20220316:0011,0.0,0.0,0.66,1.38,0.0
20220316:0111,0.0,0.0,0.55,1.38,0.0
20220316:0211,0.0,0.0,0.27,1.38,0.0
20220316:0311,0.0,0.0,0.44,1.38,0.0
20220316:0411,0.0,0.0,0.6,1.38,0.0
20220316:0511,0.0,0.0,0.86,1.38,0.0
20220316:0611,0.69,2.18,0.87,1.45,0.0
20220316:0711,46.8,9.76,0.67,1.66,0.0
20220316:0811,53.0,16.72,1.23,1.79,0.0
20220316:0911,85.34,22.61,1.66,2.07,0.0
20220316:1011,72.27,26.95,2.54,2.76,0.0
20220316:1111,146.6,29.3,3.21,3.79,0.0
20220316:1211,43.36,29.36,3.89,4.07,0.0
20220316:1311,135.59,27.14,3.84,3.38,0.0
20220316:1411,88.1,22.9,3.59,2.76,0.0
20220316:1511,55.75,17.09,3.17,2.69,0.0
20220316:1611,34.41,10.19,2.75,2.69,0.0
20220316:1711,1.38,2.63,2.46,2.69,0.0
20220316:1811,0.0,0.0,2.21,2.69,0.0
20220316:1911,0.0,0.0,1.62,2.69,0.0
20220316:2011,0.0,0.0,1.33,3.03,0.0
20220316:2111,0.0,0.0,1.15,3.17,0.0
20220316:2211,0.0,0.0,1.0,3.52,0.0
20220316:2311,0.0,0.0,0.78,4.0,0.0
20220317:0011,0.0,0.0,0.65,4.28,0.0
20220317:0111,0.0,0.0,0.3,4.34,0.0
20220317:0211,0.0,0.0,0.08,4.14,0.0
20220317:0311,0.0,0.0,0.01,4.41,0.0
20220317:0411,0.0,0.0,0.19,4.83,0.0
20220317:0511,0.0,0.0,0.38,5.31,0.0
20220317:0611,1.38,2.56,0.47,5.72,0.0
20220317:0711,18.58,10.14,0.9,5.66,0.0
20220317:0811,23.4,17.1,0.67,5.52,0.0
20220317:0911,28.22,23.0,0.61,5.72,0.0
20220317:1011,28.22,27.35,0.63,5.52,0.0
20220317:1111,30.97,29.7,0.6,5.03,0.0
20220317:1211,30.97,29.75,0.74,4.97,0.0
20220317:1311,37.17,27.51,0.97,3.93,0.0
20220317:1411,64.7,23.25,1.05,2.76,0.0
20220317:1511,50.93,17.42,0.97,1.52,0.0
20220317:1611,40.61,10.5,1.22,0.21,0.0
20220317:1711,2.06,2.93,1.14,2.0,0.0
20220317:1811,0.0,0.0,1.15,2.83,0.0
20220317:1911,0.0,0.0,1.19,2.28,0.0
20220317:2011,0.0,0.0,0.47,1.38,0.0
20220317:2111,0.0,0.0,0.55,1.1,0.0
20220317:2211,0.0,0.0,1.09,1.45,0.0
20220317:2311,0.0,0.0,0.96,1.59,0.0
20220318:0011,0.0,0.0,0.94,1.86,0.0
20220318:0111,0.0,0.0,1.71,3.03,0.0
20220318:0211,0.0,0.0,1.14,3.03,0.0
20220318:0311,0.0,0.0,0.36,2.83,0.0
20220318:0411,0.0,0.0,0.19,2.76,0.0
20220318:0511,0.0,0.0,0.14,2.55,0.0
20220318:0611,3.44,2.94,-0.58,2.21,0.0
20220318:0711,45.42,10.52,-0.41,2.97,0.0
20220318:0811,90.85,17.49,0.21,2.76,0.0
20220318:0911,92.91,23.4,0.83,3.1,0.0
20220318:1011,124.57,27.75,1.84,3.79,0.0
20220318:1111,125.26,30.1,2.3,4.07,0.0
20220318:1211,123.89,30.14,2.65,4.07,0.0
20220318:1311,57.81,27.88,2.84,3.79,0.0
20220318:1411,54.37,23.6,2.94,2.9,0.0
20220318:1511,46.8,17.74,2.35,2.07,0.0
20220318:1611,37.17,10.8,2.52,1.24,0.0
20220318:1711,6.88,3.24,2.84,0.48,0.0
20220318:1811,0.0,0.0,2.01,0.21,0.0
20220318:1911,0.0,0.0,1.5,0.62,0.0
20220318:2011,0.0,0.0,0.87,0.97,0.0
20220318:2111,0.0,0.0,-2.18,1.66,0.0
20220318:2211,0.0,0.0,-3.39,1.59,0.0
20220318:2311,0.0,0.0,-3.72,1.45,0.0
20220319:0011,0.0,0.0,-2.0,1.1,0.0
20220319:0111,0.0,0.0,-0.74,0.62,0.0
20220319:0211,0.0,0.0,-0.49,0.83,0.0
20220319:0311,0.0,0.0,-1.38,1.31,0.0
20220319:0411,0.0,0.0,-4.03,1.66,0.0
20220319:0511,0.0,0.0,-4.78,1.59,0.0
20220319:0611,2.75,3.31,-4.93,1.59,0.0
20220319:0711,56.44,10.9,-3.6,1.17,0.0
20220319:0811,46.8,17.88,0.28,0.83,0.0
20220319:0911,128.7,23.8,2.98,0.83,0.0
20220319:1011,154.17,28.15,4.38,0.83,0.0
20220319:1111,174.13,30.5,5.6,0.97,0.0
20220319:1211,136.96,30.53,6.37,1.03,0.0
20220319:1311,59.19,28.25,6.35,1.31,0.0
20220319:1411,54.37,23.94,5.71,1.45,0.0
20220319:1511,47.49,18.07,5.3,1.45,0.0
20220319:1611,34.41,11.11,5.06,1.24,0.0
20220319:1711,13.08,3.54,3.96,1.24,0.0
20220319:1811,0.0,0.0,1.87,1.38,0.0
20220319:1911,0.0,0.0,-0.99,1.86,0.0
20220319:2011,0.0,0.0,-3.15,2.07,0.0
20220319:2111,0.0,0.0,-4.21,2.07,0.0
20220319:2211,0.0,0.0,-4.5,2.14,0.0
20220319:2311,0.0,0.0,-4.49,2.14,0.0
20220320:0011,0.0,0.0,-4.18,2.0,0.0
20220320:0111,0.0,0.0,-2.21,1.79,0.0
20220320:0211,0.0,0.0,0.08,1.59,0.0
20220320:0311,0.0,0.0,0.36,1.52,0.0
20220320:0411,0.0,0.0,-1.41,1.66,0.0
20220320:0511,0.0,0.0,-3.18,1.86,0.0
20220320:0611,13.77,3.69,-4.0,1.86,0.0
20220320:0711,34.41,11.29,-2.3,1.79,0.0
20220320:0811,46.8,18.27,0.65,1.66,0.0
20220320:0911,86.72,24.19,2.1,2.0,0.0
20220320:1011,105.3,28.56,4.11,2.76,0.0
20220320:1111,114.25,30.9,3.89,3.17,0.0
20220320:1211,117.0,30.92,4.1,3.52,0.0
20220320:1311,92.23,28.62,4.28,3.79,0.0
20220320:1411,57.12,24.29,4.09,3.72,0.0
20220320:1511,47.49,18.39,3.69,3.79,0.0
20220320:1611,34.41,11.42,2.9,3.59,0.0
20220320:1711,13.77,3.84,1.8,3.59,0.0
20220320:1811,0.0,0.0,0.29,3.59,0.0
20220320:1911,0.0,0.0,-0.54,3.45,0.0
20220320:2011,0.0,0.0,-1.54,3.24,0.0
20220320:2111,0.0,0.0,-2.36,3.1,0.0
20220320:2211,0.0,0.0,-2.68,3.17,0.0
20220320:2311,0.0,0.0,-2.92,3.17,0.0
20220321:0011,0.0,0.0,-2.94,3.24,0.0
20220321:0111,0.0,0.0,-2.92,3.45,0.0
20220321:0211,0.0,0.0,-2.84,3.52,0.0
20220321:0311,0.0,0.0,-2.7,3.66,0.0
20220321:0411,0.0,0.0,-2.64,3.72,0.0
20220321:0511,0.0,0.0,-2.38,3.93,0.0
20220321:0611,14.45,4.07,-2.16,4.0,0.0
20220321:0711,57.81,11.67,-0.97,4.41,0.0
20220321:0811,98.42,18.66,0.08,3.66,0.0
20220321:0911,142.47,24.59,1.26,4.14,0.0
20220321:1011,106.68,28.96,1.75,4.28,0.0
20220321:1111,61.94,31.3,2.13,4.55,0.0
20220321:1211,41.98,31.31,2.41,4.48,0.0
20220321:1311,46.8,28.99,2.6,4.76,0.0
20220321:1411,141.78,24.63,2.41,4.69,0.0
20220321:1511,41.3,18.71,2.0,4.21,0.0
20220321:1611,44.74,11.73,1.62,4.07,0.0
20220321:1711,11.7,4.13,1.04,3.86,0.0
20220321:1811,0.0,0.0,0.66,3.52,0.0
20220321:1911,0.0,0.0,0.72,2.83,0.0
20220321:2011,0.0,0.0,-0.13,2.41,0.0
20220321:2111,0.0,0.0,-0.66,2.07,0.0
20220321:2211,0.0,0.0,-0.79,1.79,0.0
20220321:2311,0.0,0.0,-0.59,1.72,0.0
20220322:0011,0.0,0.0,-1.11,1.66,0.0
20220322:0111,0.0,0.0,-1.48,1.66,0.0
20220322:0211,0.0,0.0,-2.24,1.59,0.0
20220322:0311,0.0,0.0,-2.3,1.45,0.0
20220322:0411,0.0,0.0,-1.57,1.03,0.0
20220322:0511,0.0,0.0,-1.03,0.76,0.0
20220322:0611,6.19,4.45,-0.7,0.55,0.0
20220322:0711,63.32,12.05,0.55,0.83,0.0
20220322:0811,102.55,19.05,0.93,0.83,0.0
20220322:0911,137.65,24.99,1.35,1.03,0.0
20220322:1011,168.62,29.36,1.74,1.17,0.0
20220322:1111,185.14,31.7,2.26,1.38,0.0
20220322:1211,176.88,31.7,2.72,1.72,0.0
20220322:1311,158.3,29.35,3.14,1.86,0.0
20220322:1411,83.28,24.98,3.22,1.93,0.0
20220322:1511,69.51,19.04,3.17,1.93,0.0
20220322:1611,41.3,12.03,2.99,1.59,0.0
20220322:1711,12.39,4.43,2.35,1.38,0.0
20220322:1811,0.0,0.0,2.04,1.24,0.0
20220322:1911,0.0,0.0,0.98,1.38,0.0
20220322:2011,0.0,0.0,-1.21,1.52,0.0
20220322:2111,0.0,0.0,-2.97,1.66,0.0
20220322:2211,0.0,0.0,-3.71,1.72,0.0
20220322:2311,0.0,0.0,-3.9,1.72,0.0
20220323:0011,0.0,0.0,-4.04,1.79,0.0
20220323:0111,0.0,0.0,-4.16,1.79,0.0
20220323:0211,0.0,0.0,-4.24,1.79,0.0
20220323:0311,0.0,0.0,-4.24,1.79,0.0
20220323:0411,0.0,0.0,-4.2,1.79,0.0
20220323:0511,0.0,0.0,-4.19,1.79,0.0
20220323:0611,11.7,4.83,-3.98,1.72,0.0
20220323:0711,38.54,12.43,-1.8,1.03,0.0
20220323:0811,98.42,19.44,2.07,0.62,0.0
20220323:0911,55.75,25.39,4.25,0.9,0.0
20220323:1011,59.19,29.76,4.61,1.31,0.0
20220323:1111,60.57,32.1,4.57,1.72,0.0
20220323:1211,79.84,32.08,4.86,1.93,0.0
20220323:1311,59.19,29.72,5.06,2.07,0.0
20220323:1411,55.75,25.32,5.12,2.14,0.0
20220323:1511,48.87,19.36,5.01,2.07,0.0
20220323:1611,45.42,12.34,4.84,1.86,0.0
20220323:1711,13.08,4.73,4.1,1.66,0.0
20220323:1811,0.0,0.0,2.11,1.72,0.0
20220323:1911,0.0,0.0,1.32,1.72,0.0
20220323:2011,0.0,0.0,-0.28,1.79,0.0
20220323:2111,0.0,0.0,-1.24,1.93,0.0
20220323:2211,0.0,0.0,-1.55,1.86,0.0
20220323:2311,0.0,0.0,-1.76,1.86,0.0
20220324:0011,0.0,0.0,-1.77,1.86,0.0
20220324:0111,0.0,0.0,-0.88,1.86,0.0
20220324:0211,0.0,0.0,0.25,1.72,0.0
20220324:0311,0.0,0.0,1.1,1.59,0.0
20220324:0411,0.0,0.0,0.52,1.59,0.0
20220324:0511,0.0,0.0,-0.25,1.66,0.0
20220324:0611,22.02,5.21,-0.4,1.66,0.0
20220324:0711,57.12,12.82,2.6,1.17,0.0
20220324:0811,96.36,19.83,4.72,0.76,0.0
20220324:0911,88.1,25.78,5.98,1.1,0.0
20220324:1011,113.56,30.17,6.99,1.38,0.0
20220324:1111,135.59,32.5,7.41,1.66,0.0
20220324:1211,83.97,32.47,7.42,1.93,0.0
20220324:1311,68.14,30.09,7.39,2.14,0.0
20220324:1411,57.12,25.66,7.48,2.07,0.0
20220324:1511,50.93,19.68,7.13,2.07,0.0
20220324:1611,38.54,12.64,7.06,1.72,0.0
20220324:1711,17.21,5.03,7.0,1.38,0.0
20220324:1811,0.0,0.0,4.75,1.45,0.0
20220324:1911,0.0,0.0,5.08,1.38,0.0
20220324:2011,0.0,0.0,3.32,1.59,0.0
20220324:2111,0.0,0.0,2.4,1.59,0.0
20220324:2211,0.0,0.0,2.52,1.59,0.0
20220324:2311,0.0,0.0,2.58,1.59,0.0
20220325:0011,0.0,0.0,2.03,1.52,0.0
20220325:0111,0.0,0.0,-0.6,1.79,0.0
20220325:0211,0.0,0.0,-1.25,2.0,0.0
20220325:0311,0.0,0.0,-0.42,2.34,0.0
20220325:0411,0.0,0.0,1.32,2.76,0.0
20220325:0511,0.0,0.0,2.39,3.17,0.0
20220325:0611,7.57,5.58,3.3,3.86,0.0
20220325:0711,64.01,13.2,3.31,3.79,0.0
20220325:0811,94.98,20.22,3.57,3.38,0.0
20220325:0911,132.83,26.18,4.29,4.14,0.0
20220325:1011,176.88,30.57,5.07,4.41,0.0
20220325:1111,155.54,32.9,5.74,4.55,0.0
20220325:1211,148.66,32.86,5.96,4.48,0.0
20220325:1311,86.03,30.45,6.31,4.62,0.0
20220325:1411,88.78,26.0,5.69,4.14,0.0
20220325:1511,102.55,20.0,4.89,3.66,0.0
20220325:1611,32.35,12.95,4.09,3.17,0.0
20220325:1711,21.34,5.32,3.47,2.69,0.0
20220325:1811,0.0,0.0,2.98,2.41,0.0
20220325:1911,0.0,0.0,3.17,3.03,0.0
20220325:2011,0.0,0.0,3.04,2.76,0.0
20220325:2111,0.0,0.0,3.04,2.76,0.0
20220325:2211,0.0,0.0,3.16,2.83,0.0
20220325:2311,0.0,0.0,3.34,3.17,0.0
20220326:0011,0.0,0.0,3.49,4.14,0.0
20220326:0111,0.0,0.0,3.23,4.48,0.0
20220326:0211,0.0,0.0,2.44,4.14,0.0
20220326:0311,0.0,0.0,1.83,4.14,0.0
20220326:0411,0.0,0.0,1.3,3.93,0.0
20220326:0511,0.0,0.0,0.63,3.52,0.0
20220326:0611,7.57,5.96,0.24,2.83,0.0
20220326:0711,71.58,13.58,0.81,2.9,0.0
20220326:0811,111.5,20.61,1.25,2.41,0.0
20220326:0911,72.95,26.57,3.01,2.34,0.0
20220326:1011,67.45,30.97,3.38,2.41,0.0
20220326:1111,76.4,33.29,4.23,2.48,0.0
20220326:1211,141.78,33.24,4.99,2.34,0.0
20220326:1311,136.96,30.81,5.21,2.14,0.0
20220326:1411,74.33,26.34,5.51,1.93,0.0
20220326:1511,54.37,20.31,5.23,1.93,0.0
20220326:1611,39.92,13.25,4.64,1.79,0.0
20220326:1711,18.58,5.62,3.64,1.66,0.0
20220326:1811,0.0,0.0,2.03,1.66,0.0
20220326:1911,0.0,0.0,0.3,2.14,0.0
20220326:2011,0.0,0.0,-0.15,2.28,0.0
20220326:2111,0.0,0.0,-0.29,2.21,0.0
20220326:2211,0.0,0.0,-0.69,2.21,0.0
20220326:2311,0.0,0.0,-0.91,2.14,0.0
20220327:0011,0.0,0.0,-0.75,2.07,0.0
20220327:0111,0.0,0.0,-0.3,2.07,0.0
20220327:0211,0.0,0.0,-0.1,2.28,0.0
20220327:0311,0.0,0.0,0.44,2.69,0.0
20220327:0411,0.0,0.0,0.94,3.03,0.0
20220327:0511,0.0,0.0,1.31,3.31,0.0
20220327:0611,22.71,6.34,1.72,3.59,0.0
20220327:0711,46.11,13.96,2.25,3.52,0.0
20220327:0811,70.89,20.99,3.12,4.9,0.0
20220327:0911,57.81,26.97,3.71,4.21,0.0
20220327:1011,61.94,31.37,4.6,4.0,0.0
20220327:1111,61.94,33.69,5.28,4.0,0.0
20220327:1211,66.07,33.62,5.72,3.93,0.0
20220327:1311,72.27,31.18,5.84,4.21,0.0
20220327:1411,70.2,26.68,5.48,4.07,0.0
20220327:1511,116.31,20.63,4.82,3.86,0.0
20220327:1611,70.89,13.55,4.17,3.59,0.0
20220327:1711,10.32,5.91,3.29,3.1,0.0
20220327:1811,0.0,0.0,2.54,2.97,0.0
20220327:1911,0.0,0.0,1.87,2.76,0.0
20220327:2011,0.0,0.0,1.64,3.17,0.0
20220327:2111,0.0,0.0,1.51,3.03,0.0
20220327:2211,0.0,0.0,1.33,2.97,0.0
20220327:2311,0.0,0.0,1.57,3.38,0.0
20220328:0011,0.0,0.0,1.65,3.52,0.0
20220328:0111,0.0,0.0,1.83,3.24,0.0
20220328:0211,0.0,0.0,2.03,3.24,0.0
20220328:0311,0.0,0.0,2.21,3.24,0.0
20220328:0411,0.0,0.0,2.45,3.31,0.0
20220328:0511,0.0,0.0,2.61,3.38,0.0
20220328:0611,11.01,6.71,2.78,3.52,0.0
20220328:0711,35.1,14.34,3.03,3.86,0.0
20220328:0811,57.81,21.38,3.38,4.28,0.0
20220328:0911,159.67,27.36,3.28,4.34,0.0
20220328:1011,158.3,31.77,3.0,4.48,0.0
20220328:1111,72.95,34.09,2.97,4.69,0.0
20220328:1211,60.57,34.01,3.12,4.76,0.0
20220328:1311,128.01,31.54,3.14,4.62,0.0
20220328:1411,155.54,27.02,3.07,4.41,0.0
20220328:1511,103.24,20.95,2.77,4.28,0.0
20220328:1611,55.06,13.85,2.34,3.86,0.0
20220328:1711,4.82,6.2,1.6,3.17,0.0
20220328:1811,0.0,0.0,0.61,3.24,0.0
20220328:1911,0.0,0.0,-0.47,3.17,0.0
20220328:2011,0.0,0.0,-1.24,2.9,0.0
20220328:2111,0.0,0.0,-2.01,2.76,0.0
20220328:2211,0.0,0.0,-2.75,2.69,0.0
20220328:2311,0.0,0.0,-3.1,2.62,0.0
20220329:0011,0.0,0.0,-3.6,2.55,0.0
20220329:0111,0.0,0.0,-4.15,2.62,0.0
20220329:0211,0.0,0.0,-4.52,2.62,0.0
20220329:0311,0.0,0.0,-4.69,2.62,0.0
20220329:0411,0.0,0.0,-5.03,2.48,0.0
20220329:0511,0.0,0.0,-5.18,2.28,0.0
20220329:0611,32.35,7.09,-4.72,1.93,0.0
20220329:0711,68.14,14.72,-3.03,1.66,0.0
20220329:0811,93.6,21.76,-0.73,2.14,0.0
20220329:0911,86.03,27.76,0.6,2.62,0.0
20220329:1011,58.5,32.17,1.05,3.24,0.0
20220329:1111,68.83,34.48,1.21,3.66,0.0
20220329:1211,61.25,34.39,1.24,3.66,0.0
20220329:1311,58.5,31.9,1.14,3.79,0.0
20220329:1411,55.06,27.35,0.98,3.79,0.0
20220329:1511,49.55,21.26,0.48,4.0,0.0
20220329:1611,45.42,14.15,-0.17,3.52,0.0
20220329:1711,22.71,6.5,-0.63,2.48,0.0
20220329:1811,0.0,0.0,-2.21,2.28,0.0
20220329:1911,0.0,0.0,-3.74,1.86,0.0
20220329:2011,0.0,0.0,-4.13,1.66,0.0
20220329:2111,0.0,0.0,-4.08,1.52,0.0
20220329:2211,0.0,0.0,-4.37,1.52,0.0
20220329:2311,0.0,0.0,-4.5,1.52,0.0
20220330:0011,0.0,0.0,-4.7,1.45,0.0
20220330:0111,0.0,0.0,-4.73,1.45,0.0
20220330:0211,0.0,0.0,-4.98,1.45,0.0
20220330:0311,0.0,0.0,-5.42,1.52,0.0
20220330:0411,0.0,0.0,-5.68,1.59,0.0
20220330:0511,0.0,0.0,-6.19,1.79,0.0
20220330:0611,23.4,7.46,-6.03,1.79,0.0
20220330:0711,40.61,15.09,-4.98,1.86,0.0
20220330:0811,49.55,22.15,-2.47,2.48,0.0
20220330:0911,55.75,28.15,-1.49,2.62,0.0
20220330:1011,57.81,32.56,-0.69,2.48,0.0
20220330:1111,115.63,34.88,-0.11,2.28,0.0
20220330:1211,125.26,34.77,0.2,1.86,0.0
20220330:1311,118.38,32.26,0.48,1.31,0.0
20220330:1411,62.63,27.69,0.63,0.97,0.0
20220330:1511,48.87,21.57,0.61,1.17,0.0
20220330:1611,39.23,14.45,0.11,1.24,0.0
20220330:1711,22.02,6.79,-0.85,0.76,0.0
20220330:1811,0.0,0.0,-1.83,0.97,0.0
20220330:1911,0.0,0.0,-1.95,0.76,0.0
20220330:2011,0.0,0.0,-2.5,0.41,0.0
20220330:2111,0.0,0.0,-3.04,0.76,0.0
20220330:2211,0.0,0.0,-3.74,1.1,0.0
20220330:2311,0.0,0.0,-4.57,1.38,0.0
20220331:0011,0.0,0.0,-5.92,1.66,0.0
20220331:0111,0.0,0.0,-6.63,1.79,0.0
20220331:0211,0.0,0.0,-7.13,1.86,0.0
20220331:0311,0.0,0.0,-7.42,1.79,0.0
20220331:0411,0.0,0.0,-7.6,1.79,0.0
20220331:0511,0.0,0.0,-7.65,1.72,0.0
20220331:0611,37.85,7.83,-6.74,1.52,0.0
20220331:0711,80.53,15.47,-5.54,1.31,0.0
20220331:0811,109.43,22.53,-3.15,0.97,0.0
20220331:0911,128.01,28.54,-0.49,0.9,0.0
20220331:1011,97.04,32.96,0.16,1.17,0.0
20220331:1111,82.59,35.27,1.1,1.52,0.0
20220331:1211,116.31,35.15,1.63,1.66,0.0
20220331:1311,66.76,32.61,1.79,1.79,0.0
20220331:1411,55.06,28.02,1.83,1.86,0.0
20220331:1511,49.55,21.88,1.59,1.93,0.0
20220331:1611,39.92,14.75,1.07,1.72,0.0
20220331:1711,22.02,7.08,-0.12,1.17,0.0
20220331:1811,0.0,0.0,-1.98,1.38,0.0
20220331:1911,0.0,0.0,-2.5,1.45,0.0
20220331:2011,0.0,0.0,-2.98,1.38,0.0
20220331:2111,0.0,0.0,-3.82,1.52,0.0
20220331:2211,0.0,0.0,-5.21,1.72,0.0
20220331:2311,0.0,0.0,-6.01,1.86,0.0
20220401:0011,0.0,0.0,-6.35,1.86,0.0
20220401:0111,0.0,0.0,-6.47,1.72,0.0
20220401:0211,0.0,0.0,-6.48,1.59,0.0
20220401:0311,0.0,0.0,-6.63,1.59,0.0
20220401:0411,0.0,0.0,-6.68,1.52,0.0
20220401:0511,0.0,0.0,-6.85,1.52,0.0
20220401:0611,33.72,8.21,-5.57,1.31,0.0
20220401:0711,50.24,15.84,-3.46,0.97,0.0
20220401:0811,56.44,22.91,-1.12,0.48,0.0
20220401:0911,86.72,28.93,0.08,0.41,0.0
20220401:1011,94.98,33.35,0.58,1.17,0.0
20220401:1111,67.45,35.66,1.16,1.79,0.0
20220401:1211,67.45,35.53,1.5,2.14,0.0
20220401:1311,108.06,32.97,1.26,2.28,0.0
20220401:1411,163.12,28.35,1.22,2.41,0.0
20220401:1511,99.11,22.19,1.19,2.48,0.0
20220401:1611,67.45,15.04,0.57,2.14,0.0
20220401:1711,26.84,7.37,-0.08,1.72,0.0
20220401:1811,0.0,0.0,-2.32,1.52,0.0
20220401:1911,0.0,0.0,-1.56,1.17,0.0
20220401:2011,0.0,0.0,-1.9,1.1,0.0
20220401:2111,0.0,0.0,-2.55,1.17,0.0
20220401:2211,0.0,0.0,-3.11,1.31,0.0
20220401:2311,0.0,0.0,-4.25,1.45,0.0
20220402:0011,0.0,0.0,-5.2,1.59,0.0
20220402:0111,0.0,0.0,-5.99,1.66,0.0
20220402:0211,0.0,0.0,-6.4,1.72,0.0
20220402:0311,0.0,0.0,-6.62,1.66,0.0
20220402:0411,0.0,0.0,-6.68,1.59,0.0
20220402:0511,0.0,0.0,-6.7,1.59,0.0
20220402:0611,41.3,8.58,-5.48,1.38,0.0
20220402:0711,87.41,16.22,-3.56,0.9,0.0
20220402:0811,125.26,23.29,-1.92,0.9,0.0
20220402:0911,147.29,29.32,0.62,1.52,0.0
20220402:1011,135.59,33.75,1.28,2.21,0.0
20220402:1111,78.46,36.05,1.93,2.76,0.0
20220402:1211,123.2,35.9,2.29,3.24,0.0
20220402:1311,98.42,33.32,2.41,3.79,0.0
20220402:1411,61.94,28.68,2.27,3.79,0.0
20220402:1511,55.75,22.5,1.82,3.79,0.0
20220402:1611,49.55,15.34,1.34,3.38,0.0
20220402:1711,40.2,7.66,0.49,3.03,0.0
20220402:1811,0.0,0.0,-1.11,2.76,0.0
20220402:1911,0.0,0.0,-2.01,2.83,0.0
20220402:2011,0.0,0.0,-2.72,2.62,0.0
20220402:2111,0.0,0.0,-3.55,2.41,0.0
20220402:2211,0.0,0.0,-3.83,2.34,0.0
20220402:2311,0.0,0.0,-4.19,2.07,0.0
20220403:0011,0.0,0.0,-3.94,1.79,0.0
20220403:0111,0.0,0.0,-3.83,1.45,0.0
20220403:0211,0.0,0.0,-3.55,1.31,0.0
20220403:0311,0.0,0.0,-3.14,1.17,0.0
20220403:0411,0.0,0.0,-3.03,1.17,0.0
20220403:0511,0.0,0.0,-2.91,1.24,0.0
20220403:0611,12.39,8.94,-2.75,1.45,0.0
20220403:0711,88.1,16.59,-0.49,3.17,0.0
20220403:0811,130.08,23.67,0.44,3.72,0.0
20220403:0911,157.61,29.7,1.29,4.41,0.0
20220403:1011,192.71,34.14,1.47,4.41,0.0
20220403:1111,206.48,36.44,1.79,4.34,0.0
20220403:1211,198.22,36.28,1.78,4.14,0.0
20220403:1311,158.99,33.68,1.83,3.79,0.0
20220403:1411,139.71,29.01,1.57,3.72,0.0
20220403:1511,99.11,22.81,1.19,2.76,0.0
20220403:1611,76.4,15.63,1.05,2.9,0.0
20220403:1711,20.77,7.94,1.01,3.24,0.0
20220403:1811,0.0,0.0,0.97,3.1,0.0
20220403:1911,0.0,0.0,1.15,3.79,0.0
20220403:2011,0.0,0.0,0.92,3.24,0.0
20220403:2111,0.0,0.0,0.69,2.83,0.0
20220403:2211,0.0,0.0,0.46,3.31,0.0
20220403:2311,0.0,0.0,0.09,2.97,0.0
20220404:0011,0.0,0.0,-0.26,2.34,0.0
20220404:0111,0.0,0.0,-0.33,2.14,0.0
20220404:0211,0.0,0.0,-0.19,1.72,0.0
20220404:0311,0.0,0.0,0.0,1.52,0.0
20220404:0411,0.0,0.0,0.28,1.52,0.0
20220404:0511,0.0,0.0,0.41,1.17,0.0
20220404:0611,13.77,9.31,0.61,0.83,0.0
20220404:0711,24.09,16.96,1.85,1.86,0.0
20220404:0811,91.54,24.05,2.75,3.24,0.0
20220404:0911,168.62,30.09,2.77,2.9,0.0
20220404:1011,130.08,34.53,2.79,3.03,0.0
20220404:1111,203.72,36.83,3.05,3.66,0.0
20220404:1211,205.79,36.65,3.0,3.66,0.0
20220404:1311,191.33,34.03,2.87,3.66,0.0
20220404:1411,156.92,29.33,2.64,4.07,0.0
20220404:1511,121.13,23.12,1.94,4.34,0.0
20220404:1611,83.28,15.92,1.14,4.83,0.0
20220404:1711,32.07,8.23,0.15,4.9,0.0
20220404:1811,0.0,0.0,-1.14,4.76,0.0
20220404:1911,0.0,0.0,-2.01,4.0,0.0
20220404:2011,0.0,0.0,-2.88,3.79,0.0
20220404:2111,0.0,0.0,-3.3,3.66,0.0
20220404:2211,0.0,0.0,-3.85,3.45,0.0
20220404:2311,0.0,0.0,-4.27,3.31,0.0
20220405:0011,0.0,0.0,-4.59,3.17,0.0
20220405:0111,0.0,0.0,-4.93,2.97,0.0
20220405:0211,0.0,0.0,-5.25,2.83,0.0
20220405:0311,0.0,0.0,-5.35,2.69,0.0
20220405:0411,0.0,0.0,-5.45,2.55,0.0
20220405:0511,0.69,1.89,-5.7,2.21,0.0
20220405:0611,43.36,9.67,-5.04,2.34,0.0
20220405:0711,93.6,17.33,-2.75,3.24,0.0
20220405:0811,136.96,24.42,-1.68,3.45,0.0
20220405:0911,130.77,30.47,-0.46,3.72,0.0
20220405:1011,184.45,34.92,0.1,3.66,0.0
20220405:1111,213.36,37.21,0.52,3.79,0.0
20220405:1211,125.95,37.02,0.74,3.79,0.0
20220405:1311,117.0,34.38,0.71,3.66,0.0
20220405:1411,104.61,29.66,0.89,3.59,0.0
20220405:1511,87.41,23.42,0.92,3.1,0.0
20220405:1611,79.84,16.21,0.63,2.62,0.0
20220405:1711,50.17,8.51,-0.44,2.07,0.0
20220405:1811,0.0,0.0,-2.25,1.66,0.0
20220405:1911,0.0,0.0,-1.8,1.31,0.0
20220405:2011,0.0,0.0,-1.72,1.1,0.0
20220405:2111,0.0,0.0,-1.83,0.97,0.0
20220405:2211,0.0,0.0,-2.22,1.03,0.0
20220405:2311,0.0,0.0,-2.63,1.1,0.0
20220406:0011,0.0,0.0,-3.69,1.24,0.0
20220406:0111,0.0,0.0,-4.41,1.52,0.0
20220406:0211,0.0,0.0,-4.16,1.45,0.0
20220406:0311,0.0,0.0,-3.85,1.38,0.0
20220406:0411,0.0,0.0,-3.4,1.38,0.0
20220406:0511,0.69,2.25,-3.39,1.59,0.0
20220406:0611,20.65,10.04,-2.91,1.79,0.0
20220406:0711,61.94,17.69,-2.65,2.28,0.0
20220406:0811,98.42,24.8,-2.66,2.76,0.0
20220406:0911,121.82,30.85,-2.39,3.03,0.0
20220406:1011,124.57,35.3,-1.93,3.24,0.0
20220406:1111,116.31,37.6,-1.25,4.97,0.0
20220406:1211,92.23,37.39,-0.9,4.76,0.0
20220406:1311,102.55,34.72,-0.62,4.9,0.0
20220406:1411,76.4,29.98,-0.6,4.55,0.0
20220406:1511,86.03,23.72,-0.76,3.66,0.0
20220406:1611,53.0,16.5,-0.99,2.97,0.0
20220406:1711,27.96,8.8,-1.33,2.62,0.0
20220406:1811,0.0,0.0,-1.88,3.17,0.0
20220406:1911,0.0,0.0,-2.19,2.83,0.0
20220406:2011,0.0,0.0,-2.34,2.9,0.0
20220406:2111,0.0,0.0,-2.42,2.97,0.0
20220406:2211,0.0,0.0,-2.5,2.9,0.0
20220406:2311,0.0,0.0,-2.63,2.9,0.0
20220407:0011,0.0,0.0,-2.58,2.97,0.0
20220407:0111,0.0,0.0,-2.72,3.17,0.0
20220407:0211,0.0,0.0,-2.8,3.24,0.0
20220407:0311,0.0,0.0,-2.94,3.24,0.0
20220407:0411,0.0,0.0,-2.94,3.31,0.0
20220407:0511,2.06,2.62,-2.84,3.59,0.0
20220407:0611,30.97,10.4,-2.69,3.93,0.0
20220407:0711,97.73,18.06,-2.27,4.0,0.0
20220407:0811,141.09,25.17,-1.78,4.62,0.0
20220407:0911,176.88,31.23,-1.06,5.24,0.0
20220407:1011,200.97,35.69,-0.26,5.45,0.0
20220407:1111,197.53,37.98,0.36,5.24,0.0
20220407:1211,159.67,37.76,0.49,4.62,0.0
20220407:1311,115.63,35.07,0.64,3.66,0.0
20220407:1411,100.48,30.3,1.02,3.24,0.0
20220407:1511,89.47,24.02,1.09,2.76,0.0
20220407:1611,66.07,16.79,0.97,2.0,0.0
20220407:1711,55.23,9.08,0.3,1.17,0.0
20220407:1811,0.0,0.0,0.14,0.83,0.0
20220407:1911,0.0,0.0,-0.7,0.83,0.0
20220407:2011,0.0,0.0,-0.92,0.76,0.0
20220407:2111,0.0,0.0,-1.26,0.76,0.0
20220407:2211,0.0,0.0,-1.7,0.76,0.0
20220407:2311,0.0,0.0,-2.21,0.55,0.0
20220408:0011,0.0,0.0,-2.39,0.28,0.0
20220408:0111,0.0,0.0,-2.26,0.48,0.0
20220408:0211,0.0,0.0,-2.85,1.03,0.0
20220408:0311,0.0,0.0,-3.96,1.31,0.0
20220408:0411,0.0,0.0,-4.54,1.45,0.0
20220408:0511,9.64,2.97,-4.29,1.38,0.0
20220408:0611,35.1,10.76,-3.23,1.31,0.0
20220408:0711,77.08,18.42,-3.7,1.79,0.0
20220408:0811,59.19,25.53,-2.3,2.34,0.0
20220408:0911,112.18,31.61,-0.55,2.83,0.0
20220408:1011,120.44,36.07,0.32,3.31,0.0
20220408:1111,199.59,38.36,0.78,3.52,0.0
20220408:1211,177.57,38.13,0.99,3.72,0.0
20220408:1311,185.83,35.41,1.4,3.86,0.0
20220408:1411,124.57,30.62,1.24,3.93,0.0
20220408:1511,117.69,24.32,1.31,4.07,0.0
20220408:1611,48.87,17.07,1.03,3.93,0.0
20220408:1711,59.75,9.36,0.21,4.41,0.0
20220408:1811,0.0,0.0,-0.97,4.21,0.0
20220408:1911,0.0,0.0,-2.03,3.31,0.0
20220408:2011,0.0,0.0,-2.65,3.1,0.0
20220408:2111,0.0,0.0,-2.63,3.03,0.0
20220408:2211,0.0,0.0,-2.66,3.31,0.0
20220408:2311,0.0,0.0,-2.78,3.66,0.0
20220409:0011,0.0,0.0,-3.26,3.86,0.0
20220409:0111,0.0,0.0,-3.3,3.93,0.0
20220409:0211,0.0,0.0,-3.21,4.0,0.0
20220409:0311,0.0,0.0,-3.21,3.93,0.0
20220409:0411,0.0,0.0,-3.38,3.86,0.0
20220409:0511,8.95,3.33,-3.49,3.79,0.0
20220409:0611,44.05,11.11,-2.99,3.45,0.0
20220409:0711,47.49,18.78,-1.53,4.14,0.0
20220409:0811,119.07,25.9,-0.17,4.76,0.0
20220409:0911,172.06,31.98,0.52,4.76,0.0
20220409:1011,205.1,36.45,1.32,5.24,0.0
20220409:1111,218.18,38.73,1.18,5.24,0.0
20220409:1211,211.29,38.49,1.63,5.45,0.0
20220409:1311,201.66,35.76,1.4,5.38,0.0
20220409:1411,104.61,30.94,1.17,5.31,0.0
20220409:1511,123.2,24.62,0.96,5.1,0.0
20220409:1611,89.47,17.36,0.75,5.17,0.0
20220409:1711,52.54,9.64,0.37,4.9,0.0
20220409:1811,0.69,1.88,-0.35,4.62,0.0
20220409:1911,0.0,0.0,-1.15,4.21,0.0
20220409:2011,0.0,0.0,-1.55,3.93,0.0
20220409:2111,0.0,0.0,-1.34,3.86,0.0
20220409:2211,0.0,0.0,-1.58,3.86,0.0
20220409:2311,0.0,0.0,-1.7,3.86,0.0
20220410:0011,0.0,0.0,-1.94,3.93,0.0
20220410:0111,0.0,0.0,-2.04,4.0,0.0
20220410:0211,0.0,0.0,-1.8,4.14,0.0
20220410:0311,0.0,0.0,-1.85,4.14,0.0
20220410:0411,0.0,0.0,-2.0,4.0,0.0
20220410:0511,12.39,3.69,-1.85,4.0,0.0
20220410:0611,45.42,11.46,-1.44,4.76,0.0
20220410:0711,66.07,19.13,-1.14,5.45,0.0
20220410:0811,148.66,26.26,-0.52,5.59,0.0
20220410:0911,173.44,32.35,-0.1,5.66,0.0
20220410:1011,209.23,36.82,0.32,5.79,0.0
20220410:1111,215.42,39.11,0.44,5.52,0.0
20220410:1211,195.46,38.85,0.76,5.59,0.0
20220410:1311,138.34,36.09,0.96,5.52,0.0
20220410:1411,131.46,31.26,0.98,5.38,0.0
20220410:1511,128.7,24.92,0.77,5.17,0.0
20220410:1611,89.47,17.64,0.67,5.03,0.0
20220410:1711,68.57,9.92,0.14,3.17,0.0
20220410:1811,2.75,2.16,-0.55,3.52,0.0
20220410:1911,0.0,0.0,-1.6,3.31,0.0
20220410:2011,0.0,0.0,-2.36,3.1,0.0
20220410:2111,0.0,0.0,-2.86,3.03,0.0
20220410:2211,0.0,0.0,-3.15,2.9,0.0
20220410:2311,0.0,0.0,-3.34,2.9,0.0
20220411:0011,0.0,0.0,-3.34,2.76,0.0
20220411:0111,0.0,0.0,-4.07,2.55,0.0
20220411:0211,0.0,0.0,-3.72,2.41,0.0
20220411:0311,0.0,0.0,-4.16,2.34,0.0
20220411:0411,0.0,0.0,-4.09,2.28,0.0
20220411:0511,5.51,4.04,-4.17,2.14,0.0
20220411:0611,59.19,11.82,-3.59,1.93,0.0
20220411:0711,105.99,19.49,-2.38,2.48,0.0
20220411:0811,145.22,26.62,-0.31,3.31,0.0
20220411:0911,183.07,32.72,0.75,3.72,0.0
20220411:1011,194.78,37.2,1.36,3.79,0.0
20220411:1111,182.39,39.48,2.27,3.52,0.0
20220411:1211,176.88,39.21,2.56,3.31,0.0
20220411:1311,185.14,36.43,2.81,3.31,0.0
20220411:1411,141.78,31.57,2.86,3.24,0.0
20220411:1511,105.99,25.21,2.67,3.03,0.0
20220411:1611,86.03,17.92,2.15,2.48,0.0
20220411:1711,70.91,10.19,1.25,1.79,0.0
20220411:1811,1.38,2.44,0.28,1.45,0.0
20220411:1911,0.0,0.0,0.13,1.31,0.0
20220411:2011,0.0,0.0,-2.69,1.66,0.0
20220411:2111,0.0,0.0,-3.68,1.86,0.0
20220411:2211,0.0,0.0,-3.67,1.79,0.0
20220411:2311,0.0,0.0,-3.3,1.72,0.0
20220412:0011,0.0,0.0,-3.33,1.66,0.0
20220412:0111,0.0,0.0,-3.77,1.66,0.0
20220412:0211,0.0,0.0,-4.16,1.72,0.0
20220412:0311,0.0,0.0,-4.76,1.72,0.0
20220412:0411,0.0,0.0,-4.26,1.59,0.0
20220412:0511,16.52,4.39,-3.24,1.38,0.0
20220412:0611,13.08,12.16,-1.7,1.31,0.0
20220412:0711,107.37,19.84,0.19,1.45,0.0
20220412:0811,140.4,26.98,1.6,1.86,0.0
20220412:0911,185.83,33.09,1.63,2.48,0.0
20220412:1011,200.97,37.57,2.56,2.9,0.0
20220412:1111,221.62,39.85,2.7,3.38,0.0
20220412:1211,89.47,39.57,2.79,3.45,0.0
20220412:1311,132.83,36.77,2.89,3.38,0.0
20220412:1411,141.09,31.88,2.45,3.03,0.0
20220412:1511,132.83,25.5,2.44,3.24,0.0
20220412:1611,41.3,18.2,2.6,3.45,0.0
20220412:1711,35.15,10.47,2.08,3.31,0.0
20220412:1811,1.38,2.72,1.28,3.31,0.0
20220412:1911,0.0,0.0,-0.05,3.31,0.0
20220412:2011,0.0,0.0,-0.5,3.24,0.0
20220412:2111,0.0,0.0,-0.12,3.31,0.0
20220412:2211,0.0,0.0,0.07,3.31,0.0
20220412:2311,0.0,0.0,0.21,3.31,0.0
20220413:0011,0.0,0.0,0.32,3.59,0.0
20220413:0111,0.0,0.0,0.27,3.72,0.0
20220413:0211,0.0,0.0,0.08,4.07,0.0
20220413:0311,0.0,0.0,-0.08,4.41,0.0
20220413:0411,0.0,0.0,-0.1,4.62,0.0
20220413:0511,2.75,4.73,-0.11,4.62,0.0
20220413:0611,17.89,12.51,0.07,4.83,0.0
20220413:0711,63.32,20.19,1.34,4.9,0.0
20220413:0811,64.01,27.34,1.26,4.97,0.0
20220413:0911,125.26,33.45,1.2,5.03,0.0
20220413:1011,74.33,37.94,1.32,4.28,0.0
20220413:1111,57.81,40.22,1.68,5.03,0.0
20220413:1211,57.81,39.92,1.65,4.07,0.0
20220413:1311,75.02,37.1,1.44,4.0,0.0
20220413:1411,41.3,32.19,1.69,3.66,0.0
20220413:1511,55.75,25.79,2.31,3.66,0.0
20220413:1611,79.15,18.48,2.43,3.31,0.0
20220413:1711,55.41,10.74,2.13,2.9,0.0
20220413:1811,5.51,3.0,1.63,2.0,0.0
20220413:1911,0.0,0.0,1.78,1.59,0.0
20220413:2011,0.0,0.0,1.71,1.52,0.0
20220413:2111,0.0,0.0,1.68,1.52,0.0
20220413:2211,0.0,0.0,1.63,1.52,0.0
20220413:2311,0.0,0.0,1.69,1.52,0.0
20220414:0011,0.0,0.0,1.64,1.45,0.0
20220414:0111,0.0,0.0,1.74,1.45,0.0
20220414:0211,0.0,0.0,1.67,1.38,0.0
20220414:0311,0.0,0.0,1.65,1.31,0.0
20220414:0411,0.0,0.0,1.63,1.17,0.0
20220414:0511,4.13,5.07,1.54,1.17,0.0
20220414:0611,50.24,12.85,1.81,1.17,0.0
20220414:0711,101.86,20.53,3.02,1.03,0.0
20220414:0811,152.79,27.69,4.16,0.9,0.0
20220414:0911,176.88,33.81,4.65,0.9,0.0
20220414:1011,198.9,38.31,5.44,0.97,0.0
20220414:1111,176.88,40.59,5.7,1.52,0.0
20220414:1211,154.86,40.27,5.66,1.79,0.0
20220414:1311,117.69,37.43,5.67,2.0,0.0
20220414:1411,79.84,32.5,6.11,1.93,0.0
20220414:1511,117.0,26.08,6.65,1.86,0.0
20220414:1611,90.16,18.76,7.99,1.31,0.0
20220414:1711,48.88,11.02,7.9,1.17,0.0
20220414:1811,2.06,3.27,6.98,1.17,0.0
20220414:1911,0.0,0.0,4.74,1.31,0.0
20220414:2011,0.0,0.0,2.43,1.66,0.0
20220414:2111,0.0,0.0,1.25,1.59,0.0
20220414:2211,0.0,0.0,1.16,1.52,0.0
20220414:2311,0.0,0.0,1.71,1.31,0.0
20220415:0011,0.0,0.0,1.5,1.31,0.0
20220415:0111,0.0,0.0,0.55,1.45,0.0
20220415:0211,0.0,0.0,0.2,1.38,0.0
20220415:0311,0.0,0.0,-0.16,1.52,0.0
20220415:0411,0.0,0.0,-1.03,1.66,0.0
20220415:0511,15.14,5.41,-1.5,1.66,0.0
20220415:0611,66.07,13.19,1.7,1.1,0.0
20220415:0711,88.1,20.87,4.02,0.9,0.0
20220415:0811,94.98,28.04,4.26,2.07,0.0
20220415:0911,183.76,34.17,4.4,2.41,0.0
20220415:1011,211.29,38.67,4.9,2.28,0.0
20220415:1111,167.25,40.95,5.47,2.14,0.0
20220415:1211,152.1,40.62,6.2,1.93,0.0
20220415:1311,172.75,37.76,7.31,1.66,0.0
20220415:1411,134.21,32.8,9.3,0.97,0.0
20220415:1511,106.68,26.37,9.48,0.41,0.0
20220415:1611,61.94,19.03,8.96,0.76,0.0
20220415:1711,95.04,11.29,6.3,1.45,0.0
20220415:1811,8.95,3.55,4.46,1.59,0.0
20220415:1911,0.0,0.0,4.27,1.03,0.0
20220415:2011,0.0,0.0,3.39,0.28,0.0
20220415:2111,0.0,0.0,2.6,0.83,0.0
20220415:2211,0.0,0.0,0.45,1.52,0.0
20220415:2311,0.0,0.0,-1.53,1.59,0.0
20220416:0011,0.0,0.0,-2.28,1.59,0.0
20220416:0111,0.0,0.0,-2.89,1.66,0.0
20220416:0211,0.0,0.0,-2.87,1.72,0.0
20220416:0311,0.0,0.0,-2.86,1.59,0.0
20220416:0411,0.0,0.0,-2.43,1.45,0.0
20220416:0511,24.09,5.75,-1.15,1.17,0.0
20220416:0611,61.25,13.52,0.26,0.55,0.0
20220416:0711,117.0,21.21,1.97,0.69,0.0
20220416:0811,158.3,28.38,2.34,1.1,0.0
20220416:0911,185.14,34.52,2.56,1.17,0.0
20220416:1011,203.72,39.03,3.46,1.17,0.0
20220416:1111,215.42,41.31,3.93,1.38,0.0
20220416:1211,140.4,40.97,4.51,1.45,0.0
20220416:1311,90.16,38.08,4.83,1.79,0.0
20220416:1411,180.32,33.1,4.86,2.28,0.0
20220416:1511,143.84,26.65,4.18,2.21,0.0
20220416:1611,68.83,19.3,3.53,1.93,0.0
20220416:1711,68.9,11.56,2.83,1.72,0.0
20220416:1811,2.75,3.82,2.59,1.31,0.0
20220416:1911,0.0,0.0,2.77,0.9,0.0
20220416:2011,0.0,0.0,1.98,0.62,0.0
20220416:2111,0.0,0.0,1.25,0.76,0.0
20220416:2211,0.0,0.0,0.73,0.97,0.0
20220416:2311,0.0,0.0,0.22,1.1,0.0
20220417:0011,0.0,0.0,-0.33,1.1,0.0
20220417:0111,0.0,0.0,-0.91,1.17,0.0
20220417:0211,0.0,0.0,-1.54,1.17,0.0
20220417:0311,0.0,0.0,-1.8,1.17,0.0
20220417:0411,0.0,0.0,-2.34,1.24,0.0
20220417:0511,24.09,6.08,-2.06,1.17,0.0
20220417:0611,70.89,13.86,0.43,0.62,0.0
20220417:0711,94.29,21.55,3.4,0.34,0.0
20220417:0811,116.31,28.73,5.08,0.55,0.0
20220417:0911,103.93,34.88,6.2,0.97,0.0
20220417:1011,77.08,39.39,6.27,1.31,0.0
20220417:1111,94.29,41.66,6.78,1.45,0.0
20220417:1211,110.81,41.31,7.41,1.52,0.0
20220417:1311,94.29,38.41,7.79,1.59,0.0
20220417:1411,94.29,33.4,7.78,1.66,0.0
20220417:1511,62.63,26.93,7.41,1.79,0.0
20220417:1611,54.37,19.57,6.9,1.72,0.0
20220417:1711,105.15,11.82,6.65,1.52,0.0
20220417:1811,13.77,4.09,5.88,1.31,0.0
20220417:1911,0.0,0.0,5.14,1.17,0.0
20220417:2011,0.0,0.0,4.04,0.97,0.0
20220417:2111,0.0,0.0,2.95,1.31,0.0
20220417:2211,0.0,0.0,0.54,1.59,0.0
20220417:2311,0.0,0.0,-0.48,1.66,0.0
20220418:0011,0.0,0.0,-1.01,1.66,0.0
20220418:0111,0.0,0.0,-1.28,1.72,0.0
20220418:0211,0.0,0.0,-1.59,1.72,0.0
20220418:0311,0.0,0.0,-1.91,1.72,0.0
20220418:0411,0.0,0.0,-2.19,1.79,0.0
20220418:0511,28.22,6.41,-1.7,1.72,0.0
20220418:0611,61.94,14.19,2.04,1.24,0.0
20220418:0711,94.29,21.88,4.87,1.1,0.0
20220418:0811,91.54,29.06,5.98,2.28,0.0
20220418:0911,97.04,35.22,6.1,2.97,0.0
20220418:1011,99.8,39.74,6.88,3.38,0.0
20220418:1111,132.83,42.02,7.66,3.59,0.0
20220418:1211,124.57,41.66,8.19,3.72,0.0
20220418:1311,85.34,38.73,8.34,3.66,0.0
20220418:1411,75.71,33.7,8.11,3.52,0.0
20220418:1511,61.25,27.21,7.52,3.38,0.0
20220418:1611,53.0,19.84,6.56,3.03,0.0
20220418:1711,112.88,12.09,5.3,2.69,0.0
20220418:1811,16.52,4.36,4.16,2.28,0.0
20220418:1911,0.0,0.0,3.32,2.07,0.0
20220418:2011,0.0,0.0,3.28,1.79,0.0
20220418:2111,0.0,0.0,2.62,1.79,0.0
20220418:2211,0.0,0.0,1.27,1.86,0.0
20220418:2311,0.0,0.0,0.0,1.93,0.0
20220419:0011,0.0,0.0,-0.81,1.93,0.0
20220419:0111,0.0,0.0,-0.95,1.93,0.0
20220419:0211,0.0,0.0,-1.15,1.86,0.0
20220419:0311,0.0,0.0,-1.46,1.86,0.0
20220419:0411,0.0,0.0,-1.68,1.86,0.0
20220419:0511,30.28,6.74,-0.78,1.72,0.0
20220419:0611,72.27,14.51,3.42,1.31,0.0
20220419:0711,110.81,22.21,6.78,1.03,0.0
20220419:0811,121.82,29.4,7.52,1.59,0.0
20220419:0911,94.29,35.57,7.35,2.07,0.0
20220419:1011,150.73,40.1,7.84,2.28,0.0
20220419:1111,68.83,42.37,8.93,2.07,0.0
20220419:1211,115.63,41.99,10.38,1.72,0.0
20220419:1311,114.94,39.04,12.04,1.45,0.0
20220419:1411,85.34,34.0,12.75,1.31,0.0
20220419:1511,61.94,27.49,12.8,1.17,0.0
20220419:1611,54.37,20.11,12.16,1.24,0.0
20220419:1711,116.96,12.35,10.98,1.31,0.0
20220419:1811,16.52,4.63,9.63,1.24,0.0
20220419:1911,0.0,0.0,8.36,1.1,0.0
20220419:2011,0.0,0.0,6.68,1.52,0.0
20220419:2111,0.0,0.0,2.08,1.86,0.0
20220419:2211,0.0,0.0,0.15,1.72,0.0
20220419:2311,0.0,0.0,-0.63,1.72,0.0
20220420:0011,0.0,0.0,-1.06,1.79,0.0
20220420:0111,0.0,0.0,-1.29,1.72,0.0
20220420:0211,0.0,0.0,-1.61,1.72,0.0
20220420:0311,0.0,0.0,-1.8,1.79,0.0
20220420:0411,0.0,0.0,-1.91,1.79,0.0
20220420:0511,30.28,7.06,-0.97,1.66,0.0
20220420:0611,56.44,14.83,3.78,1.24,0.0
20220420:0711,61.25,22.53,7.61,1.03,0.0
20220420:0811,73.64,29.73,11.09,0.9,0.0
20220420:0911,86.03,35.91,9.51,2.07,0.0
20220420:1011,85.34,40.44,9.35,2.55,0.0
20220420:1111,108.06,42.71,10.39,2.34,0.0
20220420:1211,95.67,42.33,12.02,1.93,0.0
20220420:1311,95.67,39.36,12.67,2.0,0.0
20220420:1411,89.47,34.29,13.98,1.66,0.0
20220420:1511,63.32,27.76,13.89,1.24,0.0
20220420:1611,55.75,20.38,13.98,0.69,0.0
20220420:1711,120.1,12.62,13.25,0.21,0.0
20220420:1811,19.27,4.9,12.26,0.48,0.0
20220420:1911,0.0,0.0,10.98,1.1,0.0
20220420:2011,0.0,0.0,7.45,1.79,0.0
20220420:2111,0.0,0.0,3.9,1.93,0.0
20220420:2211,0.0,0.0,2.29,1.79,0.0
20220420:2311,0.0,0.0,1.89,1.86,0.0
20220421:0011,0.0,0.0,1.98,1.93,0.0
20220421:0111,0.0,0.0,1.88,2.0,0.0
20220421:0211,0.0,0.0,1.6,2.0,0.0
20220421:0311,0.0,0.0,1.38,2.07,0.0
20220421:0411,0.0,0.0,1.21,2.07,0.0
20220421:0511,28.22,7.38,1.74,2.0,0.0
20220421:0611,79.15,15.15,5.38,1.66,0.0
20220421:0711,101.86,22.85,7.41,1.86,0.0
20220421:0811,145.91,30.06,7.36,3.31,0.0
20220421:0911,180.32,36.24,9.0,4.14,0.0
20220421:1011,189.27,40.79,10.21,4.55,0.0
20220421:1111,194.78,43.06,11.01,4.69,0.0
20220421:1211,137.65,42.66,11.47,4.55,0.0
20220421:1311,184.45,39.67,11.49,4.28,0.0
20220421:1411,140.4,34.58,11.01,3.86,0.0
20220421:1511,118.38,28.04,10.0,3.24,0.0
20220421:1611,71.08,20.64,9.94,2.62,0.0
20220421:1711,124.4,12.88,11.63,1.79,0.0
20220421:1811,18.58,5.16,11.22,1.66,0.0
20220421:1911,0.0,0.0,8.75,1.86,0.0
20220421:2011,0.0,0.0,6.04,2.0,0.0
20220421:2111,0.0,0.0,4.15,2.0,0.0
20220421:2211,0.0,0.0,3.32,2.0,0.0
20220421:2311,0.0,0.0,2.84,2.07,0.0
20220422:0011,0.0,0.0,2.29,2.0,0.0
20220422:0111,0.0,0.0,1.76,1.93,0.0
20220422:0211,0.0,0.0,1.15,2.0,0.0
20220422:0311,0.0,0.0,0.72,2.0,0.0
20220422:0411,0.0,0.0,0.48,2.07,0.0
20220422:0511,27.53,7.7,1.51,1.93,0.0
20220422:0611,48.87,15.46,5.62,1.59,0.0
20220422:0711,65.61,23.17,7.57,2.0,0.0
20220422:0811,81.21,30.38,7.6,3.31,0.0
20220422:0911,67.45,36.58,9.58,4.34,0.0
20220422:1011,68.83,41.13,10.87,4.62,0.0
20220422:1111,95.67,43.4,11.6,4.55,0.0
20220422:1211,71.58,42.99,11.97,4.41,0.0
20220422:1311,68.83,39.98,11.9,4.14,0.0
20220422:1411,66.76,34.87,11.39,3.79,0.0
20220422:1511,63.32,28.31,10.57,3.45,0.0
20220422:1611,62.8,20.9,10.15,2.97,0.0
20220422:1711,131.44,13.13,11.47,2.14,0.0
20220422:1811,19.27,5.43,12.6,1.66,0.0
20220422:1911,0.0,0.0,10.79,1.79,0.0
20220422:2011,0.0,0.0,8.55,1.86,0.0
20220422:2111,0.0,0.0,5.57,2.0,0.0
20220422:2211,0.0,0.0,4.44,1.93,0.0
20220422:2311,0.0,0.0,3.92,2.0,0.0
20220423:0011,0.0,0.0,3.62,2.07,0.0
20220423:0111,0.0,0.0,3.32,2.14,0.0
20220423:0211,0.0,0.0,3.32,2.14,0.0
20220423:0311,0.0,0.0,2.93,2.21,0.0
20220423:0411,0.0,0.0,2.63,2.21,0.0
20220423:0511,30.97,8.01,3.15,2.07,0.0
20220423:0611,56.44,15.77,5.06,1.86,0.0
20220423:0711,111.45,23.48,6.59,3.1,0.0
20220423:0811,154.17,30.7,6.87,3.38,0.0
20220423:0911,140.4,36.91,7.79,3.52,0.0
20220423:1011,189.27,41.46,8.84,3.72,0.0
20220423:1111,226.43,43.74,9.46,3.59,0.0
20220423:1211,224.37,43.32,9.18,3.52,0.0
20220423:1311,185.14,40.29,9.4,3.52,0.0
20220423:1411,155.54,35.15,9.41,3.45,0.0
20220423:1511,147.97,28.58,8.33,2.97,0.0
20220423:1611,99.23,21.16,8.59,2.41,0.0
20220423:1711,132.73,13.39,9.24,1.86,0.0
20220423:1811,22.71,5.69,7.88,1.93,0.0
20220423:1911,0.0,0.0,8.39,1.38,0.0
20220423:2011,0.0,0.0,5.32,1.72,0.0
20220423:2111,0.0,0.0,3.77,1.86,0.0
20220423:2211,0.0,0.0,3.43,1.79,0.0
20220423:2311,0.0,0.0,3.49,1.66,0.0
20220424:0011,0.0,0.0,2.78,1.66,0.0
20220424:0111,0.0,0.0,1.3,1.93,0.0
20220424:0211,0.0,0.0,0.77,2.0,0.0
20220424:0311,0.0,0.0,0.32,2.0,0.0
20220424:0411,0.0,0.0,-0.55,2.14,0.0
20220424:0511,29.59,8.32,-0.88,2.34,0.0
20220424:0611,46.8,16.08,0.87,2.21,0.0
20220424:0711,70.23,23.79,3.38,3.79,0.0
20220424:0811,83.97,31.02,4.37,4.28,0.0
20220424:0911,74.33,37.23,5.55,4.48,0.0
20220424:1011,79.84,41.8,6.29,4.21,0.0
20220424:1111,118.38,44.07,6.94,4.07,0.0
20220424:1211,117.69,43.64,6.78,3.66,0.0
20220424:1311,156.92,40.59,6.54,3.38,0.0
20220424:1411,170.0,35.44,6.03,2.76,0.0
20220424:1511,130.77,28.84,5.82,2.34,0.0
20220424:1611,132.74,21.42,6.33,2.0,0.0
20220424:1711,87.77,13.65,6.62,1.59,0.0
20220424:1811,15.83,5.95,7.56,1.17,0.0
20220424:1911,0.0,0.0,6.82,0.69,0.0
20220424:2011,0.0,0.0,5.97,0.48,0.0
20220424:2111,0.0,0.0,5.21,0.62,0.0
20220424:2211,0.0,0.0,3.95,1.17,0.0
20220424:2311,0.0,0.0,1.73,1.52,0.0
20220425:0011,0.0,0.0,-0.31,1.66,0.0
20220425:0111,0.0,0.0,-1.12,1.59,0.0
20220425:0211,0.0,0.0,-1.6,1.66,0.0
20220425:0311,0.0,0.0,-1.78,1.72,0.0
20220425:0411,0.0,0.0,-1.54,1.72,0.0
20220425:0511,39.92,8.62,-0.04,1.52,0.0
20220425:0611,53.0,16.38,3.7,0.9,0.0
20220425:0711,82.8,24.09,5.78,1.03,0.0
20220425:0811,130.08,31.33,6.17,1.59,0.0
20220425:0911,143.16,37.55,6.87,1.86,0.0
20220425:1011,155.54,42.13,7.77,1.86,0.0
20220425:1111,109.43,44.4,8.53,1.93,0.0
20220425:1211,117.69,43.96,9.01,2.07,0.0
20220425:1311,97.04,40.89,9.04,2.34,0.0
20220425:1411,88.1,35.72,8.84,2.55,0.0
20220425:1511,77.08,29.11,8.76,2.76,0.0
20220425:1611,79.97,21.67,8.01,2.83,0.0
20220425:1711,146.56,13.9,6.95,2.69,0.0
20220425:1811,22.02,6.2,6.24,2.21,0.0
20220425:1911,0.0,0.0,5.29,1.79,0.0
20220425:2011,0.0,0.0,4.25,1.59,0.0
20220425:2111,0.0,0.0,3.46,1.52,0.0
20220425:2211,0.0,0.0,2.4,1.59,0.0
20220425:2311,0.0,0.0,1.42,1.66,0.0
20220426:0011,0.0,0.0,0.66,1.72,0.0
20220426:0111,0.0,0.0,0.04,1.79,0.0
20220426:0211,0.0,0.0,-0.58,1.86,0.0
20220426:0311,0.0,0.0,-1.08,2.0,0.0
20220426:0411,0.0,0.0,-1.45,2.14,0.0
20220426:0511,30.97,8.92,-0.33,2.0,0.0
20220426:0611,48.87,16.68,2.39,1.93,0.0
20220426:0711,81.12,24.39,5.23,2.9,0.0
20220426:0811,75.02,31.63,5.86,3.31,0.0
20220426:0911,85.34,37.87,6.59,3.03,0.0
20220426:1011,83.97,42.45,7.29,2.55,0.0
20220426:1111,144.53,44.72,8.78,1.72,0.0
20220426:1211,236.07,44.27,11.09,0.55,0.0
20220426:1311,228.5,41.19,11.32,0.76,0.0
20220426:1411,195.46,35.99,8.24,1.79,0.0
20220426:1511,124.57,29.37,7.19,2.28,0.0
20220426:1611,134.81,21.92,6.65,2.41,0.0
20220426:1711,102.52,14.15,6.31,2.34,0.0
20220426:1811,26.15,6.46,6.08,1.93,0.0
20220426:1911,0.0,0.0,3.75,2.14,0.0
20220426:2011,0.0,0.0,3.2,1.59,0.0
20220426:2111,0.0,0.0,3.49,1.31,0.0
20220426:2211,0.0,0.0,3.05,1.03,0.0
20220426:2311,0.0,0.0,3.11,0.69,0.0
20220427:0011,0.0,0.0,2.84,0.28,0.0
20220427:0111,0.0,0.0,2.77,0.41,0.0
20220427:0211,0.0,0.0,2.62,0.55,0.0
20220427:0311,0.0,0.0,2.24,0.83,0.0
20220427:0411,0.69,1.79,1.95,1.03,0.0
20220427:0511,33.04,9.21,2.1,0.83,0.0
20220427:0611,88.78,16.97,3.95,0.21,0.0
20220427:0711,86.41,24.69,4.32,0.76,0.0
20220427:0811,72.95,31.93,4.74,1.38,0.0
20220427:0911,85.34,38.18,5.6,1.72,0.0
20220427:1011,0.0,0.0,6.37,2.0,0.0
20220427:1111,75.02,45.05,7.23,2.14,0.0
20220427:1211,96.36,44.59,7.87,2.41,0.0
20220427:1311,70.89,41.48,8.16,2.62,0.0
20220427:1411,71.58,36.27,8.4,3.03,0.0
20220427:1511,70.89,29.63,8.16,3.38,0.0
20220427:1611,90.83,22.17,7.41,3.52,0.0
20220427:1711,157.12,14.4,6.17,3.31,0.0
20220427:1811,147.06,6.71,4.3,2.55,0.0
20220427:1911,0.0,0.0,2.94,2.41,0.0
20220427:2011,0.0,0.0,1.05,2.14,0.0
20220427:2111,0.0,0.0,0.23,2.0,0.0
20220427:2211,0.0,0.0,-0.54,1.93,0.0
20220427:2311,0.0,0.0,-1.27,1.93,0.0
20220428:0011,0.0,0.0,-1.96,1.93,0.0
20220428:0111,0.0,0.0,-2.86,2.14,0.0
20220428:0211,0.0,0.0,-3.44,2.41,0.0
20220428:0311,0.0,0.0,-3.67,2.48,0.0
20220428:0411,2.75,2.09,-3.69,2.48,0.0
20220428:0511,34.41,9.5,-2.87,2.41,0.0
20220428:0611,51.62,17.26,-0.56,2.48,0.0
20220428:0711,86.67,24.98,3.37,3.31,0.0
20220428:0811,65.38,32.23,4.47,3.59,0.0
20220428:0911,71.58,38.49,5.67,3.45,0.0
20220428:1011,70.89,43.09,6.69,3.38,0.0
20220428:1111,93.6,45.36,7.51,3.38,0.0
20220428:1211,96.36,44.9,7.98,3.52,0.0
20220428:1311,110.12,41.77,8.0,3.79,0.0
20220428:1411,112.87,36.54,7.81,4.0,0.0
20220428:1511,141.09,29.88,7.32,4.07,0.0
20220428:1611,138.61,22.42,6.68,4.0,0.0
20220428:1711,88.09,14.64,5.88,3.86,0.0
20220428:1811,20.77,6.96,4.74,3.17,0.0
20220428:1911,0.0,0.0,3.36,2.48,0.0
20220428:2011,0.0,0.0,2.32,2.41,0.0
20220428:2111,0.0,0.0,1.37,2.14,0.0
20220428:2211,0.0,0.0,0.01,2.0,0.0
20220428:2311,0.0,0.0,-0.41,1.93,0.0
20220429:0011,0.0,0.0,-0.61,2.0,0.0
20220429:0111,0.0,0.0,-0.57,1.93,0.0
20220429:0211,0.0,0.0,-0.83,1.93,0.0
20220429:0311,0.0,0.0,-1.19,1.93,0.0
20220429:0411,2.06,2.38,-1.39,1.93,0.0
20220429:0511,37.85,9.79,-0.57,1.72,0.0
20220429:0611,83.28,17.54,1.25,2.0,0.0
20220429:0711,91.54,25.26,4.0,2.07,0.0
20220429:0811,77.08,32.52,4.63,2.21,0.0
20220429:0911,113.56,38.79,5.82,2.21,0.0
20220429:1011,216.11,43.4,7.22,2.62,0.0
20220429:1111,241.58,45.68,7.82,2.76,0.0
20220429:1211,184.45,45.2,7.61,2.76,0.0
20220429:1311,234.01,42.06,8.09,2.9,0.0
20220429:1411,158.99,36.81,7.45,3.24,0.0
20220429:1511,162.43,30.14,7.37,3.59,0.0
20220429:1611,141.82,22.67,6.96,3.59,0.0
20220429:1711,130.18,14.89,6.27,3.31,0.0
20220429:1811,156.24,7.21,4.8,2.62,0.0
20220429:1911,0.0,0.0,3.38,2.21,0.0
20220429:2011,0.0,0.0,2.39,1.93,0.0
20220429:2111,0.0,0.0,1.62,1.72,0.0
20220429:2211,0.0,0.0,1.08,1.66,0.0
20220429:2311,0.0,0.0,0.36,1.66,0.0
20220430:0011,0.0,0.0,-0.57,1.72,0.0
20220430:0111,0.0,0.0,-1.33,1.86,0.0
20220430:0211,0.0,0.0,-1.82,1.93,0.0
20220430:0311,0.0,0.0,-2.09,1.93,0.0
20220430:0411,2.75,2.66,-2.21,1.86,0.0
20220430:0511,37.85,10.07,-0.36,1.59,0.0
20220430:0611,55.06,17.82,2.85,1.31,0.0
20220430:0711,106.4,25.54,4.11,1.66,0.0
20220430:0811,77.77,32.81,5.44,1.66,0.0
20220430:0911,75.02,39.09,7.26,1.31,0.0
20220430:1011,99.11,43.71,9.37,0.9,0.0
20220430:1111,101.17,45.99,10.31,0.76,0.0
20220430:1211,105.99,45.5,9.76,1.38,0.0
20220430:1311,102.55,42.35,8.39,2.14,0.0
20220430:1411,95.67,37.07,8.22,2.48,0.0
20220430:1511,154.17,30.39,7.99,3.1,0.0
20220430:1611,150.66,22.91,6.93,3.1,0.0
20220430:1711,71.01,15.13,5.97,2.97,0.0
20220430:1811,19.97,7.46,4.66,2.34,0.0
20220430:1911,0.0,0.0,4.43,1.86,0.0
20220430:2011,0.0,0.0,4.0,1.66,0.0
20220430:2111,0.0,0.0,3.43,1.59,0.0
20220430:2211,0.0,0.0,2.62,1.52,0.0
20220430:2311,0.0,0.0,1.61,1.59,0.0
20220501:0011,0.0,0.0,0.82,1.59,0.0
20220501:0111,0.0,0.0,0.34,1.52,0.0
20220501:0211,0.0,0.0,-0.31,1.52,0.0
20220501:0311,0.0,0.0,-0.45,1.52,0.0
20220501:0411,1.38,2.95,-0.16,1.45,0.0
20220501:0511,36.48,10.34,1.93,1.03,0.0
20220501:0611,53.68,18.09,4.81,0.69,0.0
20220501:0711,104.57,25.82,5.94,1.24,0.0
20220501:0811,65.38,33.1,6.14,1.79,0.0
20220501:0911,68.14,39.38,7.53,1.66,0.0
20220501:1011,94.29,44.01,9.39,1.24,0.0
20220501:1111,142.47,46.29,10.61,1.17,0.0
20220501:1211,194.78,45.8,9.36,1.38,0.0
20220501:1311,86.72,42.63,7.65,1.93,0.0
20220501:1411,69.51,37.34,7.7,2.34,0.0
20220501:1511,70.2,30.64,7.35,2.41,0.0
20220501:1611,115.94,23.15,6.75,2.14,0.0
20220501:1711,174.74,15.37,6.16,2.21,0.0
20220501:1811,154.55,7.7,5.28,2.0,0.0
20220501:1911,0.0,0.0,5.02,1.59,0.0
20220501:2011,0.0,0.0,5.22,1.1,0.0
20220501:2111,0.0,0.0,4.26,1.1,0.0
20220501:2211,0.0,0.0,3.24,1.03,0.0
20220501:2311,0.0,0.0,2.38,1.1,0.0
20220502:0011,0.0,0.0,1.6,1.24,0.0
20220502:0111,0.0,0.0,0.76,1.38,0.0
20220502:0211,0.0,0.0,-0.28,1.52,0.0
20220502:0311,0.0,0.0,-0.67,1.59,0.0
20220502:0411,2.06,3.22,-0.37,1.52,0.0
20220502:0511,24.09,10.61,1.37,1.31,0.0
20220502:0611,73.64,18.36,1.59,1.59,0.0
20220502:0711,70.3,26.09,3.01,1.38,0.0
20220502:0811,95.67,33.37,3.43,2.07,0.0
20220502:0911,90.16,39.67,3.79,2.07,0.0
20220502:1011,123.89,44.31,4.4,2.41,0.0
20220502:1111,118.38,46.6,4.5,2.41,0.0
20220502:1211,88.78,46.09,6.35,2.48,0.0
20220502:1311,94.29,42.9,6.94,2.62,0.0
20220502:1411,171.37,37.6,7.02,2.55,0.0
20220502:1511,129.39,30.88,5.88,3.17,0.0
20220502:1611,120.6,23.39,6.3,3.93,0.0
20220502:1711,163.83,15.61,5.55,3.86,0.0
20220502:1811,157.21,7.94,4.39,3.24,0.0
20220502:1911,0.0,0.0,3.18,3.31,0.0
20220502:2011,0.0,0.0,2.01,3.1,0.0
20220502:2111,0.0,0.0,0.86,2.97,0.0
20220502:2211,0.0,0.0,-0.18,2.69,0.0
20220502:2311,0.0,0.0,-1.53,2.41,0.0
20220503:0011,0.0,0.0,-2.58,2.21,0.0
20220503:0111,0.0,0.0,-2.61,2.14,0.0
20220503:0211,0.0,0.0,-2.88,2.07,0.0
20220503:0311,0.0,0.0,-2.95,1.93,0.0
20220503:0411,6.88,3.49,-2.83,1.79,0.0
20220503:0511,39.92,10.88,-0.57,1.45,0.0
20220503:0611,55.75,18.62,0.93,1.38,0.0
20220503:0711,115.9,26.36,3.62,0.9,0.0
20220503:0811,69.51,33.65,6.2,0.48,0.0
20220503:0911,72.95,39.95,5.56,1.45,0.0
20220503:1011,81.21,44.6,8.65,1.86,0.0
20220503:1111,86.03,46.89,9.39,2.14,0.0
20220503:1211,95.67,46.38,9.82,2.48,0.0
20220503:1311,107.37,43.18,10.0,2.62,0.0
20220503:1411,156.92,37.85,9.88,2.62,0.0
20220503:1511,163.8,31.13,9.39,2.55,0.0
20220503:1611,156.47,23.62,8.66,2.69,0.0
20220503:1711,166.37,15.84,7.54,2.69,0.0
20220503:1811,83.19,8.18,6.28,2.28,0.0
20220503:1911,0.0,0.0,5.07,1.59,0.0
20220503:2011,0.0,0.0,3.15,0.9,0.0
20220503:2111,0.0,0.0,3.05,0.69,0.0
20220503:2211,0.0,0.0,2.01,1.1,0.0
20220503:2311,0.0,0.0,1.0,1.17,0.0
20220504:0011,0.0,0.0,0.0,1.24,0.0
20220504:0111,0.0,0.0,-0.83,1.17,0.0
20220504:0211,0.0,0.0,-1.05,1.24,0.0
20220504:0311,0.0,0.0,-1.03,1.17,0.0
20220504:0411,2.06,3.76,-0.28,0.97,0.0
20220504:0511,27.53,11.14,0.23,0.48,0.0
20220504:0611,34.41,18.88,2.1,0.07,0.0
20220504:0711,120.83,26.62,4.12,0.55,0.0
20220504:0811,160.36,33.92,5.28,0.83,0.0
20220504:0911,218.86,40.23,6.31,1.31,0.0
20220504:1011,236.07,44.89,6.84,1.66,0.0
20220504:1111,252.59,47.19,7.53,1.79,0.0
20220504:1211,249.84,46.67,8.33,2.0,0.0
20220504:1311,233.32,43.45,8.7,2.28,0.0
20220504:1411,180.32,38.11,8.39,2.55,0.0
20220504:1511,170.69,31.37,7.73,2.55,0.0
20220504:1611,114.87,23.86,7.12,2.28,0.0
20220504:1711,84.67,16.07,6.66,2.07,0.0
20220504:1811,19.97,8.42,5.96,1.72,0.0
20220504:1911,0.0,0.0,4.68,1.52,0.0
20220504:2011,0.0,0.0,3.94,1.03,0.0
20220504:2111,0.0,0.0,3.28,0.83,0.0
20220504:2211,0.0,0.0,2.87,0.76,0.0
20220504:2311,0.0,0.0,2.93,0.83,0.0
20220505:0011,0.0,0.0,3.21,1.1,0.0
20220505:0111,0.0,0.0,3.44,1.17,0.0
20220505:0211,0.0,0.0,3.77,0.97,0.0
20220505:0311,0.0,0.0,4.0,0.9,0.0
20220505:0411,2.75,4.02,4.28,0.76,0.0
20220505:0511,15.14,11.39,4.64,1.24,0.0
20220505:0611,66.76,19.14,5.44,2.28,0.0
20220505:0711,113.55,26.88,5.73,3.38,0.0
20220505:0811,149.35,34.18,6.66,3.45,0.0
20220505:0911,207.85,40.5,7.39,3.72,0.0
20220505:1011,231.25,45.17,8.1,3.72,0.0
20220505:1111,252.59,47.47,8.68,4.0,0.0
20220505:1211,156.92,46.95,9.04,4.14,0.0
20220505:1311,215.42,43.71,9.54,4.14,0.0
20220505:1411,147.29,38.36,9.51,4.14,0.0
20220505:1511,98.42,31.6,9.16,4.07,0.0
20220505:1611,127.78,24.09,8.7,3.86,0.0
20220505:1711,112.23,16.3,8.01,3.72,0.0
20220505:1811,194.09,8.65,7.19,3.24,0.0
20220505:1911,0.0,0.0,5.97,2.62,0.0
20220505:2011,0.0,0.0,5.1,2.28,0.0
20220505:2111,0.0,0.0,4.75,1.79,0.0
20220505:2211,0.0,0.0,4.13,1.38,0.0
20220505:2311,0.0,0.0,3.5,1.17,0.0
20220506:0011,0.0,0.0,3.64,0.9,0.0
20220506:0111,0.0,0.0,3.96,0.69,0.0
20220506:0211,0.0,0.0,3.66,0.62,0.0
20220506:0311,0.0,0.0,3.32,0.69,0.0
20220506:0411,2.06,4.28,3.16,0.76,0.0
20220506:0511,10.32,11.64,3.88,0.41,0.0
20220506:0611,55.75,19.39,5.62,0.21,0.0
20220506:0711,54.32,27.13,7.22,1.45,0.0
20220506:0811,117.0,34.44,7.95,1.79,0.0
20220506:0911,88.78,40.77,9.0,2.21,0.0
20220506:1011,89.47,45.45,10.03,2.97,0.0
20220506:1111,127.33,47.76,9.87,2.69,0.0
20220506:1211,131.46,47.23,9.73,2.9,0.0
20220506:1311,64.7,43.98,9.76,1.72,0.0
20220506:1411,68.83,38.6,9.69,1.93,0.0
20220506:1511,68.14,31.84,9.05,2.14,0.0
20220506:1611,40.74,24.31,8.89,1.38,0.0
20220506:1711,19.97,16.53,8.24,1.38,0.0
20220506:1811,7.19,8.88,7.55,1.66,0.0
20220506:1911,0.69,1.74,7.0,1.52,0.0
20220506:2011,0.0,0.0,6.76,1.31,0.0
20220506:2111,0.0,0.0,6.61,1.66,0.0
20220506:2211,0.0,0.0,6.49,2.0,0.0
20220506:2311,0.0,0.0,6.32,2.0,0.0
20220507:0011,0.0,0.0,6.01,3.17,0.0
20220507:0111,0.0,0.0,5.35,3.31,0.0
20220507:0211,0.0,0.0,4.33,3.31,0.0
20220507:0311,0.0,0.0,3.33,3.31,0.0
20220507:0411,9.64,4.53,2.75,3.38,0.0
20220507:0511,38.54,11.89,3.04,3.45,0.0
20220507:0611,189.81,19.63,3.77,4.07,0.0
20220507:0711,180.24,27.37,5.02,3.93,0.0
20220507:0811,84.65,34.69,5.8,4.07,0.0
20220507:0911,79.84,41.03,6.84,4.21,0.0
20220507:1011,84.65,45.73,7.89,4.34,0.0
20220507:1111,160.36,48.04,8.68,4.62,0.0
20220507:1211,79.15,47.5,9.05,4.83,0.0
20220507:1311,63.32,44.23,9.15,4.9,0.0
20220507:1411,77.77,38.85,9.02,4.83,0.0
20220507:1511,66.07,32.07,8.58,4.69,0.0
20220507:1611,132.78,24.54,7.9,4.48,0.0
20220507:1711,166.79,16.75,6.86,4.28,0.0
20220507:1811,209.5,9.11,5.47,3.66,0.0
20220507:1911,0.69,1.98,4.02,3.38,0.0
20220507:2011,0.0,0.0,2.64,3.17,0.0
20220507:2111,0.0,0.0,1.7,2.83,0.0
20220507:2211,0.0,0.0,0.94,2.48,0.0
20220507:2311,0.0,0.0,0.17,2.34,0.0
20220508:0011,0.0,0.0,-0.66,2.21,0.0
20220508:0111,0.0,0.0,-1.36,2.14,0.0
20220508:0211,0.0,0.0,-1.95,2.14,0.0
20220508:0311,0.0,0.0,-2.32,2.07,0.0
20220508:0411,14.45,4.77,-2.19,2.0,0.0
20220508:0511,41.3,12.13,-0.26,1.59,0.0
20220508:0611,204.49,19.87,3.77,1.45,0.0
20220508:0711,135.22,27.61,5.98,1.72,0.0
20220508:0811,72.95,34.93,7.78,1.45,0.0
20220508:0911,79.84,41.29,9.39,0.76,0.0
20220508:1011,85.34,45.99,10.66,0.21,0.0
20220508:1111,89.47,48.31,11.66,1.03,0.0
20220508:1211,89.47,47.77,12.29,1.86,0.0
20220508:1311,78.46,44.49,12.38,2.28,0.0
20220508:1411,114.25,39.08,12.12,2.34,0.0
20220508:1511,85.34,32.3,11.59,2.34,0.0
20220508:1611,147.09,24.76,10.85,2.41,0.0
20220508:1711,175.45,16.97,9.8,2.28,0.0
20220508:1811,24.76,9.34,8.73,1.86,0.0
20220508:1911,0.69,2.21,7.28,1.24,0.0
20220508:2011,0.0,0.0,5.89,0.69,0.0
20220508:2111,0.0,0.0,5.5,0.28,0.0
20220508:2211,0.0,0.0,4.81,0.76,0.0
20220508:2311,0.0,0.0,3.64,1.03,0.0
20220509:0011,0.0,0.0,2.9,1.17,0.0
20220509:0111,0.0,0.0,2.8,1.17,0.0
20220509:0211,0.0,0.0,2.7,1.17,0.0
20220509:0311,0.0,0.0,2.93,1.03,0.0
20220509:0411,9.64,5.01,2.87,1.03,0.0
20220509:0511,50.93,12.37,3.18,0.9,0.0
20220509:0611,201.16,20.1,4.57,0.9,0.0
20220509:0711,143.12,27.85,7.23,1.59,0.0
20220509:0811,77.77,35.18,8.83,2.21,0.0
20220509:0911,96.36,41.54,10.2,2.76,0.0
20220509:1011,96.36,46.26,11.23,3.17,0.0
20220509:1111,90.16,48.58,11.83,3.52,0.0
20220509:1211,163.8,48.03,12.15,3.72,0.0
20220509:1311,81.9,44.74,12.06,3.72,0.0
20220509:1411,196.84,39.32,11.59,3.59,0.0
20220509:1511,101.17,32.52,10.94,3.45,0.0
20220509:1611,159.02,24.98,9.91,3.17,0.0
20220509:1711,45.53,17.19,8.7,2.76,0.0
20220509:1811,25.56,9.56,7.61,2.34,0.0
20220509:1911,0.69,2.44,6.59,2.69,0.0
20220509:2011,0.0,0.0,5.64,2.34,0.0
20220509:2111,0.0,0.0,5.09,2.34,0.0
20220509:2211,0.0,0.0,4.94,2.48,0.0
20220509:2311,0.0,0.0,4.94,2.55,0.0
20220510:0011,0.0,0.0,4.98,2.41,0.0
20220510:0111,0.0,0.0,5.08,2.55,0.0
20220510:0211,0.0,0.0,5.03,2.83,0.0
20220510:0311,0.0,0.0,5.25,2.69,0.0
20220510:0411,3.44,5.25,5.48,2.14,0.0
20220510:0511,10.32,12.59,5.93,2.28,0.0
20220510:0611,27.96,20.33,6.53,2.28,0.0
20220510:0711,75.09,28.08,7.7,2.28,0.0
20220510:0811,118.38,35.41,7.94,2.21,0.0
20220510:0911,85.34,41.79,8.25,2.14,0.0
20220510:1011,76.4,46.52,8.66,2.21,0.0
20220510:1111,64.01,48.84,8.89,2.14,0.0
20220510:1211,97.73,48.29,8.45,2.83,0.0
20220510:1311,133.52,44.99,9.27,1.79,0.0
20220510:1411,205.1,39.55,9.11,2.41,0.0
20220510:1511,117.69,32.74,9.1,2.34,0.0
20220510:1611,79.08,25.2,7.79,2.55,0.0
20220510:1711,72.72,17.41,7.57,2.55,0.0
20220510:1811,28.76,9.78,7.03,2.76,0.0
20220510:1911,2.06,2.67,6.44,2.28,0.0
20220510:2011,0.0,0.0,5.84,1.66,0.0
20220510:2111,0.0,0.0,5.57,1.45,0.0
20220510:2211,0.0,0.0,5.42,1.38,0.0
20220510:2311,0.0,0.0,5.33,1.38,0.0
20220511:0011,0.0,0.0,5.36,1.38,0.0
20220511:0111,0.0,0.0,5.11,1.52,0.0
20220511:0211,0.0,0.0,5.12,1.45,0.0
20220511:0311,0.0,0.0,5.06,1.66,0.0
20220511:0411,3.44,5.48,5.33,1.66,0.0
20220511:0511,10.32,12.82,5.99,1.38,0.0
20220511:0611,32.75,20.55,6.91,1.72,0.0
20220511:0711,71.1,28.3,6.47,2.41,0.0
20220511:0811,79.84,35.64,6.41,3.86,0.0
20220511:0911,145.91,42.03,6.31,3.52,0.0
20220511:1011,57.81,46.77,6.46,2.76,0.0
20220511:1111,82.59,49.1,7.72,3.31,0.0
20220511:1211,64.01,48.55,7.32,3.17,0.0
20220511:1311,68.83,45.23,7.94,2.9,0.0
20220511:1411,58.5,39.78,7.4,2.83,0.0
20220511:1511,110.81,32.96,7.85,2.69,0.0
20220511:1611,98.26,25.41,7.27,2.48,0.0
20220511:1711,146.83,17.62,6.79,2.41,0.0
20220511:1811,35.15,9.99,6.15,2.48,0.0
20220511:1911,2.75,2.89,5.52,2.62,0.0
20220511:2011,0.0,0.0,4.88,2.97,0.0
20220511:2111,0.0,0.0,4.51,3.52,0.0
20220511:2211,0.0,0.0,4.33,3.59,0.0
20220511:2311,0.0,0.0,4.07,3.38,0.0
20220512:0011,0.0,0.0,4.13,3.17,0.0
20220512:0111,0.0,0.0,4.05,3.17,0.0
20220512:0211,0.0,0.0,3.91,3.03,0.0
20220512:0311,0.0,0.0,3.88,3.93,0.0
20220512:0411,3.44,5.7,3.83,3.72,0.0
20220512:0511,24.78,13.04,4.04,4.55,0.0
20220512:0611,144.96,20.76,4.26,4.55,0.0
20220512:0711,179.85,28.52,5.81,3.52,0.0
20220512:0811,157.61,35.87,5.98,3.79,0.0
20220512:0911,220.24,42.27,7.07,3.72,0.0
20220512:1011,102.55,47.01,7.89,3.1,0.0
20220512:1111,223.68,49.35,8.0,3.24,0.0
20220512:1211,249.84,48.8,7.84,3.17,0.0
20220512:1311,160.36,45.47,7.9,3.52,0.0
20220512:1411,180.32,40.01,6.84,3.38,0.0
20220512:1511,171.18,33.18,7.44,2.9,0.0
20220512:1611,171.51,25.62,7.4,2.97,0.0
20220512:1711,179.57,17.83,6.78,2.76,0.0
20220512:1811,11.98,10.21,6.26,2.41,0.0
20220512:1911,2.06,3.11,5.33,2.28,0.0
20220512:2011,0.0,0.0,4.51,2.0,0.0
20220512:2111,0.0,0.0,4.15,1.79,0.0
20220512:2211,0.0,0.0,3.53,1.79,0.0
20220512:2311,0.0,0.0,3.29,1.45,0.0
20220513:0011,0.0,0.0,3.75,1.31,0.0
20220513:0111,0.0,0.0,3.73,1.03,0.0
20220513:0211,0.0,0.0,3.78,0.83,0.0
20220513:0311,0.0,0.0,3.68,1.03,0.0
20220513:0411,3.44,5.92,3.85,1.31,0.0
20220513:0511,49.55,13.25,4.62,1.59,0.0
20220513:0611,59.11,20.97,5.27,1.79,0.0
20220513:0711,64.71,28.73,6.25,2.76,0.0
20220513:0811,84.65,36.09,7.27,2.14,0.0
20220513:0911,119.76,42.5,7.19,2.14,0.0
20220513:1011,126.64,47.26,7.37,2.21,0.0
20220513:1111,152.1,49.6,7.27,2.07,0.0
20220513:1211,125.26,49.04,7.57,2.48,0.0
20220513:1311,162.43,45.7,7.82,2.07,0.0
20220513:1411,174.82,40.23,7.9,2.21,0.0
20220513:1511,122.22,33.39,8.38,2.41,0.0
20220513:1611,62.31,25.82,6.91,3.93,0.0
20220513:1711,30.36,18.03,6.49,3.86,0.0
20220513:1811,12.78,10.42,6.61,3.45,0.0
20220513:1911,1.38,3.33,6.38,3.1,0.0
20220513:2011,0.0,0.0,6.31,2.14,0.0
20220513:2111,0.0,0.0,6.34,2.28,0.0
20220513:2211,0.0,0.0,6.29,2.83,0.0
20220513:2311,0.0,0.0,6.42,3.72,0.0
20220514:0011,0.0,0.0,5.89,4.21,0.0
20220514:0111,0.0,0.0,5.13,4.21,0.0
20220514:0211,0.0,0.0,4.54,4.34,0.0
20220514:0311,0.0,0.0,4.15,4.28,0.0
20220514:0411,6.88,6.13,3.87,4.28,0.0
20220514:0511,55.75,13.46,4.05,4.28,0.0
20220514:0611,161.31,21.18,4.74,4.97,0.0
20220514:0711,196.45,28.93,5.35,4.69,0.0
20220514:0811,196.84,36.3,6.29,4.55,0.0
20220514:0911,229.88,42.72,7.05,4.69,0.0
20220514:1011,237.45,47.49,8.1,4.83,0.0
20220514:1111,254.65,49.85,8.44,4.83,0.0
20220514:1211,195.46,49.28,8.61,5.24,0.0
20220514:1311,110.81,45.93,8.72,5.17,0.0
20220514:1411,87.41,40.45,8.86,4.76,0.0
20220514:1511,110.24,33.6,8.2,4.41,0.0
20220514:1611,108.91,26.03,7.68,4.07,0.0
20220514:1711,61.51,18.24,7.46,3.72,0.0
20220514:1811,14.38,10.63,7.24,3.38,0.0
20220514:1911,2.06,3.55,6.74,2.34,0.0
20220514:2011,0.0,0.0,6.54,2.14,0.0
20220514:2111,0.0,0.0,6.21,2.0,0.0
20220514:2211,0.0,0.0,5.96,2.14,0.0
20220514:2311,0.0,0.0,5.82,1.72,0.0
20220515:0011,0.0,0.0,5.73,2.0,0.0
20220515:0111,0.0,0.0,5.61,2.0,0.0
20220515:0211,0.0,0.0,5.5,2.0,0.0
20220515:0311,0.0,0.0,5.42,2.07,0.0
20220515:0411,23.4,6.34,5.51,2.0,0.0
20220515:0511,59.88,13.66,6.05,2.41,0.0
20220515:0611,201.3,21.38,6.97,3.38,0.0
20220515:0711,193.95,29.14,7.7,3.59,0.0
20220515:0811,163.69,36.51,8.8,3.72,0.0
20220515:0911,144.53,42.94,9.93,3.38,0.0
20220515:1011,219.55,47.72,11.48,3.1,0.0
20220515:1111,200.28,50.08,12.65,3.1,0.0
20220515:1211,186.52,49.52,12.45,3.03,0.0
20220515:1311,92.23,46.16,13.46,3.31,0.0
20220515:1411,108.06,40.66,13.31,3.38,0.0
20220515:1511,122.23,33.8,13.27,3.38,0.0
20220515:1611,184.83,26.23,12.86,3.17,0.0
20220515:1711,196.89,18.44,12.25,2.97,0.0
20220515:1811,249.76,10.83,11.48,2.48,0.0
20220515:1911,9.64,3.76,10.02,2.07,0.0
20220515:2011,0.0,0.0,8.35,1.93,0.0
20220515:2111,0.0,0.0,6.93,2.07,0.0
20220515:2211,0.0,0.0,5.87,2.21,0.0
20220515:2311,0.0,0.0,4.63,2.14,0.0
20220516:0011,0.0,0.0,3.59,2.07,0.0
20220516:0111,0.0,0.0,2.84,2.0,0.0
20220516:0211,0.0,0.0,2.32,1.93,0.0
20220516:0311,0.0,0.0,2.18,1.93,0.0
20220516:0411,4.13,6.54,2.8,1.93,0.0
20220516:0511,44.74,13.85,5.6,1.79,0.0
20220516:0611,156.43,21.57,10.01,2.21,0.0
20220516:0711,169.04,29.33,10.5,3.52,0.0
20220516:0811,102.47,36.71,11.38,3.72,0.0
20220516:0911,84.65,43.15,12.63,3.72,0.0
20220516:1011,74.33,47.95,13.7,3.59,0.0
20220516:1111,77.77,50.32,14.51,3.38,0.0
20220516:1211,81.21,49.75,15.02,3.31,0.0
20220516:1311,70.2,46.38,15.31,3.1,0.0
20220516:1411,77.77,40.87,15.31,2.97,0.0
20220516:1511,90.16,34.0,15.03,2.9,0.0
20220516:1611,174.71,26.42,14.51,2.69,0.0
20220516:1711,227.4,18.63,13.73,2.34,0.0
20220516:1811,230.24,11.03,12.78,2.07,0.0
20220516:1911,12.39,3.96,11.35,1.24,0.0
20220516:2011,0.0,0.0,9.19,1.45,0.0
20220516:2111,0.0,0.0,6.95,1.66,0.0
20220516:2211,0.0,0.0,5.15,1.72,0.0
20220516:2311,0.0,0.0,4.48,1.72,0.0
20220517:0011,0.0,0.0,4.48,1.79,0.0
20220517:0111,0.0,0.0,4.2,1.93,0.0
20220517:0211,0.0,0.0,3.92,2.07,0.0
20220517:0311,0.0,0.0,3.81,2.14,0.0
20220517:0411,14.45,6.74,4.02,2.14,0.0
20220517:0511,57.81,14.04,5.88,2.14,0.0
20220517:0611,152.27,21.76,9.28,2.41,0.0
20220517:0711,203.8,29.52,9.67,2.9,0.0
20220517:0811,209.93,36.9,11.15,3.79,0.0
20220517:0911,215.42,43.35,12.33,4.07,0.0
20220517:1011,255.34,48.16,13.21,4.14,0.0
20220517:1111,186.52,50.54,13.91,4.28,0.0
20220517:1211,155.54,49.98,13.82,4.07,0.0
20220517:1311,159.67,46.6,13.89,3.86,0.0
20220517:1411,214.73,41.08,14.0,3.72,0.0
20220517:1511,211.42,34.2,13.7,3.45,0.0
20220517:1611,191.1,26.62,12.94,3.1,0.0
20220517:1711,88.88,18.83,12.56,3.1,0.0
20220517:1811,69.5,11.23,11.79,2.83,0.0
20220517:1911,8.95,4.17,10.66,2.83,0.0
20220517:2011,0.0,0.0,9.45,2.69,0.0
20220517:2111,0.0,0.0,8.07,2.55,0.0
20220517:2211,0.0,0.0,7.01,2.48,0.0
20220517:2311,0.0,0.0,5.78,2.48,0.0
20220518:0011,0.0,0.0,5.06,2.69,0.0
20220518:0111,0.0,0.0,4.64,2.55,0.0
20220518:0211,0.0,0.0,4.33,2.62,0.0
20220518:0311,0.0,0.0,4.39,2.69,0.0
20220518:0411,4.82,6.93,4.79,2.55,0.0
20220518:0511,48.18,14.23,6.83,2.62,0.0
20220518:0611,27.96,21.94,8.82,3.17,0.0
20220518:0711,124.85,29.7,10.27,3.66,0.0
20220518:0811,224.15,37.09,10.5,3.52,0.0
20220518:0911,123.89,43.55,10.92,3.66,0.0
20220518:1011,90.85,48.38,11.05,3.45,0.0
20220518:1111,88.1,50.76,10.24,3.24,0.0
20220518:1211,81.9,50.2,9.24,2.34,0.0
20220518:1311,89.47,46.81,9.27,2.28,0.0
20220518:1411,79.84,41.28,10.39,1.52,0.0
20220518:1511,125.42,34.39,10.72,1.31,0.0
20220518:1611,161.26,26.81,11.29,0.83,0.0
20220518:1711,213.92,19.02,11.66,0.41,0.0
20220518:1811,237.04,11.42,11.6,0.0,0.0
20220518:1911,5.51,4.37,11.54,0.9,0.0
20220518:2011,0.0,0.0,9.93,0.83,0.0
20220518:2111,0.0,0.0,8.4,1.1,0.0
20220518:2211,0.0,0.0,6.14,1.52,0.0
20220518:2311,0.0,0.0,4.54,1.52,0.0
20220519:0011,0.0,0.0,3.97,1.38,0.0
20220519:0111,0.0,0.0,3.94,1.38,0.0
20220519:0211,0.0,0.0,4.11,1.38,0.0
20220519:0311,0.0,0.0,3.68,1.38,0.0
20220519:0411,4.82,7.11,4.5,1.24,0.0
20220519:0511,17.89,14.4,6.39,1.1,0.0
20220519:0611,23.97,22.11,8.42,0.62,0.0
20220519:0711,59.91,29.88,9.54,0.83,0.0
20220519:0811,83.88,37.27,9.96,0.9,0.0
20220519:0911,87.41,43.75,9.91,1.1,0.0
20220519:1011,138.34,48.58,9.82,1.38,0.0
20220519:1111,99.11,50.98,9.62,2.41,0.0
20220519:1211,119.07,50.41,9.59,1.52,0.0
20220519:1311,158.99,47.02,9.9,1.66,0.0
20220519:1411,147.97,41.48,10.87,1.93,0.0
20220519:1511,103.05,34.58,11.17,1.72,0.0
20220519:1611,73.49,26.99,11.5,1.86,0.0
20220519:1711,22.37,19.2,10.92,1.93,0.0
20220519:1811,24.76,11.61,10.17,1.59,0.0
20220519:1911,5.51,4.56,9.07,1.24,0.0
20220519:2011,0.0,0.0,7.97,1.93,0.0
20220519:2111,0.0,0.0,7.35,1.79,0.0
20220519:2211,0.0,0.0,6.68,1.1,0.0
20220519:2311,0.0,0.0,6.31,0.83,0.0
20220520:0011,0.0,0.0,5.13,1.1,0.0
20220520:0111,0.0,0.0,4.16,1.38,0.0
20220520:0211,0.0,0.0,4.84,1.03,0.0
20220520:0311,0.0,0.0,4.83,1.1,0.0
20220520:0411,13.08,7.29,5.52,1.17,0.0
20220520:0511,72.95,14.58,7.26,2.0,0.0
20220520:0611,165.65,22.28,8.44,1.38,0.0
20220520:0711,210.07,30.05,8.35,1.38,0.0
20220520:0811,93.31,37.45,9.55,1.72,0.0
20220520:0911,90.16,43.94,10.98,2.07,0.0
20220520:1011,156.92,48.78,12.44,2.21,0.0
20220520:1111,222.31,51.19,13.34,2.76,0.0
20220520:1211,144.53,50.62,13.65,2.97,0.0
20220520:1311,86.72,47.22,13.98,2.62,0.0
20220520:1411,183.07,41.67,13.95,2.48,0.0
20220520:1511,212.69,34.77,13.45,2.28,0.0
20220520:1611,92.66,27.18,12.43,2.34,0.0
20220520:1711,98.6,19.39,11.15,2.0,0.0
20220520:1811,11.18,11.8,10.26,1.45,0.0
20220520:1911,2.75,4.75,9.77,2.14,0.0
20220520:2011,0.0,0.0,8.67,1.52,0.0
20220520:2111,0.0,0.0,8.04,1.03,0.0
20220520:2211,0.0,0.0,7.47,1.03,0.0
20220520:2311,0.0,0.0,7.05,1.17,0.0
20220521:0011,0.0,0.0,6.77,0.9,0.0
20220521:0111,0.0,0.0,7.04,0.55,0.0
20220521:0211,0.0,0.0,6.7,0.28,0.0
20220521:0311,0.0,0.0,6.13,0.62,0.0
20220521:0411,5.51,7.46,5.91,0.34,0.0
20220521:0511,19.27,14.74,6.42,0.34,0.0
20220521:0611,94.98,22.45,7.84,0.97,0.0
20220521:0711,210.61,30.21,7.85,1.86,0.0
20220521:0811,134.59,37.62,8.85,2.07,0.0
20220521:0911,230.56,44.12,10.73,2.48,0.0
20220521:1011,152.79,48.98,11.74,2.83,0.0
20220521:1111,109.43,51.39,11.12,3.17,0.0
20220521:1211,170.0,50.83,11.25,3.38,0.0
20220521:1311,176.88,47.42,11.64,3.45,0.0
20220521:1411,222.99,41.86,11.69,3.52,0.0
20220521:1511,209.39,34.95,11.37,3.31,0.0
20220521:1611,143.88,27.36,11.42,3.1,0.0
20220521:1711,245.66,19.57,11.21,2.83,0.0
20220521:1811,219.25,11.98,10.48,2.55,0.0
20220521:1911,19.27,4.94,9.02,2.34,0.0
20220521:2011,0.0,0.0,7.64,1.79,0.0
20220521:2111,0.0,0.0,6.82,1.38,0.0
20220521:2211,0.0,0.0,6.31,1.17,0.0
20220521:2311,0.0,0.0,5.58,1.1,0.0
20220522:0011,0.0,0.0,5.02,1.03,0.0
20220522:0111,0.0,0.0,4.77,1.03,0.0
20220522:0211,0.0,0.0,4.82,0.97,0.0
20220522:0311,0.0,0.0,4.45,0.97,0.0
20220522:0411,33.04,7.63,4.63,0.97,0.0
20220522:0511,57.12,14.9,6.11,1.86,0.0
20220522:0611,252.6,22.6,7.43,1.31,0.0
20220522:0711,182.27,30.37,9.2,0.9,0.0
20220522:0811,119.32,37.79,10.65,0.97,0.0
20220522:0911,204.41,44.29,12.03,1.38,0.0
20220522:1011,211.98,49.17,13.25,1.86,0.0
20220522:1111,227.12,51.59,13.94,2.14,0.0
20220522:1211,110.12,51.03,14.25,2.69,0.0
20220522:1311,68.14,47.61,13.95,2.9,0.0
20220522:1411,78.46,42.05,13.68,2.83,0.0
20220522:1511,108.45,35.13,13.26,2.97,0.0
20220522:1611,185.96,27.53,12.77,2.76,0.0
20220522:1711,243.35,19.74,12.28,2.34,0.0
20220522:1811,55.36,12.16,11.41,2.0,0.0
20220522:1911,19.96,5.12,10.32,1.86,0.0
20220522:2011,0.0,0.0,9.46,1.86,0.0
20220522:2111,0.0,0.0,8.71,1.79,0.0
20220522:2211,0.0,0.0,8.2,1.66,0.0
20220522:2311,0.0,0.0,7.96,1.66,0.0
20220523:0011,0.0,0.0,7.77,1.66,0.0
20220523:0111,0.0,0.0,7.75,1.66,0.0
20220523:0211,0.0,0.0,7.6,1.79,0.0
20220523:0311,0.0,0.0,7.74,2.21,0.0
20220523:0411,15.83,7.79,8.18,2.55,0.0
20220523:0511,12.39,15.06,8.31,2.76,0.0
20220523:0611,61.51,22.76,8.92,3.59,0.0
20220523:0711,110.24,30.53,9.31,2.41,0.0
20220523:0811,83.08,37.94,10.02,2.48,0.0
20220523:0911,77.08,44.46,10.24,2.83,0.0
20220523:1011,66.07,49.35,10.41,3.38,0.0
20220523:1111,147.29,51.78,11.55,4.28,0.0
20220523:1211,207.85,51.22,13.19,5.1,0.0
20220523:1311,235.38,47.8,13.58,5.24,0.0
20220523:1411,136.96,42.23,12.87,3.86,0.0
20220523:1511,115.83,35.3,12.21,3.17,0.0
20220523:1611,87.07,27.7,12.22,3.03,0.0
20220523:1711,31.95,19.91,12.25,3.1,0.0
20220523:1811,22.37,12.33,12.14,3.31,0.0
20220523:1911,14.38,5.3,10.99,3.38,0.0
20220523:2011,0.0,0.0,10.56,3.45,0.0
20220523:2111,0.0,0.0,9.98,3.1,0.0
20220523:2211,0.0,0.0,9.5,3.03,0.0
20220523:2311,0.0,0.0,9.31,3.1,0.0
20220524:0011,0.0,0.0,8.97,3.45,0.0
20220524:0111,0.0,0.0,8.44,3.93,0.0
20220524:0211,0.0,0.0,8.2,4.34,0.0
20220524:0311,0.0,0.0,8.09,4.83,0.0
20220524:0411,5.51,7.94,8.0,5.17,0.0
20220524:0511,13.08,15.2,8.03,5.38,0.0
20220524:0611,47.13,22.9,8.0,5.72,0.0
20220524:0711,62.31,30.67,8.65,3.52,0.0
20220524:0811,74.29,38.1,8.67,3.86,0.0
20220524:0911,51.62,44.62,8.53,4.97,0.0
20220524:1011,59.19,49.52,8.58,4.69,0.0
20220524:1111,104.61,51.97,8.77,4.83,0.0
20220524:1211,92.23,51.41,9.89,5.17,0.0
20220524:1311,91.54,47.99,10.33,4.34,0.0
20220524:1411,59.19,42.4,9.94,3.86,0.0
20220524:1511,71.1,35.48,9.55,2.83,0.0
20220524:1611,69.5,27.87,8.79,2.55,0.0
20220524:1711,63.11,20.08,8.38,1.93,0.0
20220524:1811,31.95,12.5,8.1,2.34,0.0
20220524:1911,3.99,5.48,7.43,1.93,0.0
20220524:2011,0.0,0.0,7.13,1.66,0.0
20220524:2111,0.0,0.0,6.95,1.79,0.0
20220524:2211,0.0,0.0,6.88,2.07,0.0
20220524:2311,0.0,0.0,6.75,2.0,0.0
20220525:0011,0.0,0.0,6.67,1.86,0.0
20220525:0111,0.0,0.0,6.57,1.86,0.0
20220525:0211,0.0,0.0,6.13,1.59,0.0
20220525:0311,0.69,1.6,5.73,1.38,0.0
20220525:0411,5.51,8.09,5.47,1.1,0.0
20220525:0511,19.96,15.35,5.62,1.1,0.0
20220525:0611,88.67,23.04,5.96,1.1,0.0
20220525:0711,123.02,30.81,7.44,2.14,0.0
20220525:0811,225.27,38.24,8.3,2.97,0.0
20220525:0911,236.76,44.78,8.37,3.31,0.0
20220525:1011,250.52,49.69,9.42,3.1,0.0
20220525:1111,181.7,52.15,9.63,2.76,0.0
20220525:1211,108.06,51.6,9.86,2.83,0.0
20220525:1311,180.32,48.17,8.8,2.62,0.0
20220525:1411,101.86,42.57,9.47,2.41,0.0
20220525:1511,83.88,35.64,9.41,2.14,0.0
20220525:1611,48.73,28.03,8.33,2.55,0.0
20220525:1711,49.53,20.24,7.8,2.83,0.0
20220525:1811,30.36,12.67,7.05,2.97,0.0
20220525:1911,3.99,5.65,7.3,2.0,0.0
20220525:2011,0.0,0.0,7.16,2.0,0.0
20220525:2111,0.0,0.0,7.09,1.93,0.0
20220525:2211,0.0,0.0,7.14,1.72,0.0
20220525:2311,0.0,0.0,6.94,1.72,0.0
20220526:0011,0.0,0.0,6.55,1.66,0.0
20220526:0111,0.0,0.0,6.39,2.07,0.0
20220526:0211,0.0,0.0,6.19,2.48,0.0
20220526:0311,0.69,1.75,5.9,2.41,0.0
20220526:0411,6.19,8.23,6.03,3.17,0.0
20220526:0511,18.58,15.48,6.13,2.9,0.0
20220526:0611,106.93,23.17,6.39,3.03,0.0
20220526:0711,218.46,30.95,6.97,3.66,0.0
20220526:0811,236.47,38.38,6.86,3.86,0.0
20220526:0911,238.82,44.93,8.16,3.79,0.0
20220526:1011,260.16,49.86,8.47,3.66,0.0
20220526:1111,251.21,52.32,9.58,3.52,0.0
20220526:1211,231.25,51.77,9.33,3.86,0.0
20220526:1311,194.78,48.34,9.31,4.07,0.0
20220526:1411,207.85,42.74,9.39,3.86,0.0
20220526:1511,202.75,35.8,9.17,3.79,0.0
20220526:1611,209.68,28.19,9.05,3.66,0.0
20220526:1711,182.4,20.4,8.28,3.45,0.0
20220526:1811,144.96,12.83,7.6,2.83,0.0
20220526:1911,212.97,5.81,7.09,2.62,0.0
20220526:2011,0.0,0.0,6.12,1.45,0.0
20220526:2111,0.0,0.0,5.1,1.1,0.0
20220526:2211,0.0,0.0,4.45,1.03,0.0
20220526:2311,0.0,0.0,4.14,1.59,0.0
20220527:0011,0.0,0.0,4.25,2.28,0.0
20220527:0111,0.0,0.0,3.92,2.41,0.0
20220527:0211,0.0,0.0,3.55,2.0,0.0
20220527:0311,0.69,1.89,3.06,1.79,0.0
20220527:0411,35.1,8.36,3.3,2.55,0.0
20220527:0511,57.81,15.61,3.77,3.1,0.0
20220527:0611,186.57,23.3,4.53,3.17,0.0
20220527:0711,153.18,31.08,5.51,2.34,0.0
20220527:0811,232.85,38.52,5.73,2.21,0.0
20220527:0911,234.69,45.07,5.09,2.48,0.0
20220527:1011,264.98,50.01,6.75,2.41,0.0
20220527:1111,101.86,52.49,7.6,2.83,0.0
20220527:1211,186.52,51.94,7.7,2.76,0.0
20220527:1311,185.83,48.51,7.84,3.1,0.0
20220527:1411,200.28,42.9,7.64,3.59,0.0
20220527:1511,212.34,35.96,8.11,3.72,0.0
20220527:1611,214.47,28.35,7.16,4.34,0.0
20220527:1711,152.27,20.56,7.14,4.55,0.0
20220527:1811,272.2,12.99,6.77,4.34,0.0
20220527:1911,13.58,5.98,5.77,3.79,0.0
20220527:2011,0.0,0.0,4.95,3.66,0.0
20220527:2111,0.0,0.0,4.42,3.72,0.0
20220527:2211,0.0,0.0,4.27,3.72,0.0
20220527:2311,0.0,0.0,3.92,3.72,0.0
20220528:0011,0.0,0.0,3.84,3.86,0.0
20220528:0111,0.0,0.0,3.63,3.93,0.0
20220528:0211,0.0,0.0,3.69,3.93,0.0
20220528:0311,0.69,2.03,3.4,3.93,0.0
20220528:0411,28.91,8.49,3.73,3.86,0.0
20220528:0511,79.84,15.73,4.74,3.17,0.0
20220528:0611,267.09,23.42,6.03,4.69,0.0
20220528:0711,219.36,31.2,7.86,5.79,0.0
20220528:0811,119.16,38.64,9.31,5.59,0.0
20220528:0911,103.93,45.21,10.21,4.83,0.0
20220528:1011,129.39,50.16,10.96,4.69,0.0
20220528:1111,99.8,52.65,11.57,4.69,0.0
20220528:1211,99.8,52.11,11.74,4.55,0.0
20220528:1311,216.11,48.67,12.23,4.69,0.0
20220528:1411,198.22,43.06,12.51,4.83,0.0
20220528:1511,117.75,36.11,12.55,4.62,0.0
20220528:1611,202.41,28.5,12.25,4.41,0.0
20220528:1711,273.77,20.71,11.36,4.07,0.0
20220528:1811,303.26,13.14,10.03,3.52,0.0
20220528:1911,232.86,6.13,8.59,3.31,0.0
20220528:2011,0.0,0.0,6.97,3.38,0.0
20220528:2111,0.0,0.0,5.74,2.9,0.0
20220528:2211,0.0,0.0,4.85,2.62,0.0
20220528:2311,0.0,0.0,4.03,2.55,0.0
20220529:0011,0.0,0.0,3.4,2.62,0.0
20220529:0111,0.0,0.0,3.06,2.69,0.0
20220529:0211,0.0,0.0,2.96,2.76,0.0
20220529:0311,0.69,2.16,2.66,2.69,0.0
20220529:0411,30.97,8.62,2.74,2.48,0.0
20220529:0511,45.42,15.85,3.88,3.17,0.0
20220529:0611,260.98,23.54,5.23,3.45,0.0
20220529:0711,200.03,31.31,6.59,3.52,0.0
20220529:0811,178.06,38.76,7.76,3.59,0.0
20220529:0911,186.52,45.34,8.96,3.86,0.0
20220529:1011,245.71,50.31,9.64,3.93,0.0
20220529:1111,264.29,52.81,10.12,3.79,0.0
20220529:1211,269.11,52.27,9.78,3.72,0.0
20220529:1311,247.77,48.83,9.24,3.72,0.0
20220529:1411,198.22,43.22,8.43,3.59,0.0
20220529:1511,191.4,36.26,7.99,3.31,0.0
20220529:1611,217.2,28.65,8.27,3.24,0.0
20220529:1711,223.59,20.86,7.96,3.03,0.0
20220529:1811,236.88,13.29,7.78,2.83,0.0
20220529:1911,21.57,6.29,6.82,2.07,0.0
20220529:2011,0.0,0.0,6.28,1.38,0.0
20220529:2111,0.0,0.0,5.15,1.38,0.0
20220529:2211,0.0,0.0,3.81,1.17,0.0
20220529:2311,0.0,0.0,3.06,1.03,0.0
20220530:0011,0.0,0.0,2.77,1.03,0.0
20220530:0111,0.0,0.0,3.21,0.97,0.0
20220530:0211,0.0,0.0,3.59,0.97,0.0
20220530:0311,0.69,2.28,4.2,0.97,0.0
20220530:0411,30.97,8.73,4.56,0.9,0.0
20220530:0511,64.7,15.96,5.41,0.76,0.0
20220530:0611,72.69,23.64,6.26,0.76,0.0
20220530:0711,169.89,31.42,7.64,1.52,0.0
20220530:0811,161.41,38.88,8.16,1.72,0.0
20220530:0911,191.33,45.47,8.86,2.0,0.0
20220530:1011,254.65,50.44,9.67,2.41,0.0
20220530:1111,261.54,52.96,10.24,2.48,0.0
20220530:1211,110.12,52.43,10.47,2.48,0.0
20220530:1311,255.34,48.98,9.98,2.21,0.0
20220530:1411,136.96,43.36,9.84,2.0,0.0
20220530:1511,223.54,36.41,10.2,2.0,0.0
20220530:1611,178.79,28.79,9.87,1.72,0.0
20220530:1711,90.36,21.0,9.57,1.52,0.0
20220530:1811,32.75,13.43,9.06,1.38,0.0
20220530:1911,10.38,6.43,8.31,0.9,0.0
20220530:2011,0.0,0.0,7.77,0.55,0.0
20220530:2111,0.0,0.0,6.88,0.48,0.0
20220530:2211,0.0,0.0,6.47,0.41,0.0
20220530:2311,0.0,0.0,5.42,0.83,0.0
20220531:0011,0.0,0.0,4.68,0.97,0.0
20220531:0111,0.0,0.0,4.06,1.03,0.0
20220531:0211,0.0,0.0,4.04,1.03,0.0
20220531:0311,0.69,2.4,3.86,1.1,0.0
20220531:0411,11.01,8.84,4.76,0.9,0.0
20220531:0511,35.1,16.07,6.49,0.76,0.0
20220531:0611,232.55,23.75,7.91,0.76,0.0
20220531:0711,222.98,31.53,10.25,1.72,0.0
20220531:0811,243.24,38.99,10.94,1.52,0.0
20220531:0911,140.4,45.58,11.63,0.9,0.0
20220531:1011,260.85,50.57,12.21,0.76,0.0
20220531:1111,195.46,53.1,12.47,1.17,0.0
20220531:1211,206.48,52.57,12.77,1.38,0.0
20220531:1311,247.77,49.13,10.85,1.38,0.0
20220531:1411,191.33,43.51,10.31,1.66,0.0
20220531:1511,230.86,36.55,10.72,1.79,0.0
20220531:1611,213.52,28.93,10.79,1.66,0.0
20220531:1711,103.45,21.14,10.09,1.59,0.0
20220531:1811,53.9,13.57,9.86,1.24,0.0
20220531:1911,11.18,6.58,9.67,1.03,0.0
20220531:2011,0.0,0.0,8.99,1.17,0.0
20220531:2111,0.0,0.0,8.08,1.03,0.0
20220531:2211,0.0,0.0,6.9,0.9,0.0
20220531:2311,0.0,0.0,6.55,0.76,0.0
20220601:0011,0.0,0.0,6.22,0.69,0.0
20220601:0111,0.0,0.0,6.11,0.76,0.0
20220601:0211,0.0,0.0,5.91,0.97,0.0
20220601:0311,1.38,2.51,5.7,1.03,0.0
20220601:0411,6.88,8.95,6.08,0.9,0.0
20220601:0511,28.22,16.17,7.29,1.1,0.0
20220601:0611,93.46,23.84,8.55,0.83,0.0
20220601:0711,221.78,31.62,9.72,0.41,0.0
20220601:0811,240.18,39.09,10.88,1.31,0.0
20220601:0911,232.63,45.69,10.91,2.07,0.0
20220601:1011,218.18,50.7,11.27,2.07,0.0
20220601:1111,266.35,53.23,11.59,1.93,0.0
20220601:1211,269.79,52.72,12.27,1.86,0.0
20220601:1311,245.02,49.27,12.5,2.14,0.0
20220601:1411,195.46,43.65,12.36,2.48,0.0
20220601:1511,220.15,36.68,12.13,2.76,0.0
20220601:1611,212.93,29.06,11.45,2.55,0.0
20220601:1711,130.21,21.27,10.88,2.0,0.0
20220601:1811,129.56,13.71,10.47,1.59,0.0
20220601:1911,75.86,6.71,9.93,1.66,0.0
20220601:2011,0.0,0.0,9.17,1.45,0.0
20220601:2111,0.0,0.0,8.59,1.17,0.0
20220601:2211,0.0,0.0,8.17,1.1,0.0
20220601:2311,0.0,0.0,7.76,1.03,0.0
20220602:0011,0.0,0.0,7.47,1.1,0.0
20220602:0111,0.0,0.0,7.14,1.24,0.0
20220602:0211,0.0,0.0,6.94,1.45,0.0
20220602:0311,1.38,2.62,6.79,1.45,0.0
20220602:0411,6.88,9.04,6.86,1.66,0.0
20220602:0511,18.58,16.26,7.07,2.34,0.0
20220602:0611,39.14,23.93,7.59,2.41,0.0
20220602:0711,191.33,31.71,8.33,2.14,0.0
20220602:0811,178.29,39.19,8.41,2.9,0.0
20220602:0911,207.16,45.8,8.7,3.31,0.0
20220602:1011,247.08,50.81,9.04,3.52,0.0
20220602:1111,270.48,53.36,9.49,4.07,0.0
20220602:1211,267.73,52.85,9.6,4.0,0.0
20220602:1311,211.29,49.41,9.67,4.07,0.0
20220602:1411,170.69,43.78,9.56,4.0,0.0
20220602:1511,186.64,36.81,9.31,3.86,0.0
20220602:1611,70.3,29.19,9.5,4.07,0.0
20220602:1711,48.73,21.4,9.77,3.72,0.0
20220602:1811,31.95,13.84,9.41,3.66,0.0
20220602:1911,9.59,6.85,8.41,2.28,0.0
20220602:2011,0.0,0.0,7.71,1.79,0.0
20220602:2111,0.0,0.0,7.28,1.72,0.0
20220602:2211,0.0,0.0,7.14,1.66,0.0
20220602:2311,0.0,0.0,6.98,2.07,0.0
20220603:0011,0.0,0.0,6.89,2.28,0.0
20220603:0111,0.0,0.0,6.93,2.14,0.0
20220603:0211,0.0,0.0,6.88,1.79,0.0
20220603:0311,1.38,2.72,6.88,2.34,0.0
20220603:0411,6.88,9.14,6.99,2.76,0.0
20220603:0511,34.41,16.35,7.3,2.97,0.0
20220603:0611,122.12,24.02,7.85,3.66,0.0
20220603:0711,197.75,31.8,8.67,4.14,0.0
20220603:0811,246.13,39.27,9.62,4.34,0.0
20220603:0911,205.1,45.9,10.11,4.48,0.0
20220603:1011,241.58,50.92,10.71,4.55,0.0
20220603:1111,220.93,53.49,11.65,4.34,0.0
20220603:1211,236.07,52.98,12.48,4.14,0.0
20220603:1311,231.25,49.54,12.46,3.93,0.0
20220603:1411,79.15,43.91,12.35,3.72,0.0
20220603:1511,137.29,36.94,12.75,3.86,0.0
20220603:1611,212.21,29.31,11.99,3.66,0.0
20220603:1711,275.18,21.53,11.41,3.66,0.0
20220603:1811,296.78,13.97,10.77,3.31,0.0
20220603:1911,267.61,6.98,10.07,3.03,0.0
20220603:2011,0.0,0.0,8.83,2.41,0.0
20220603:2111,0.0,0.0,7.54,2.0,0.0
20220603:2211,0.0,0.0,6.33,1.86,0.0
20220603:2311,0.0,0.0,5.8,1.86,0.0
20220604:0011,0.0,0.0,5.64,1.79,0.0
20220604:0111,0.0,0.0,5.73,1.72,0.0
20220604:0211,0.0,0.0,5.28,1.72,0.0
20220604:0311,2.75,2.81,5.22,1.66,0.0
20220604:0411,30.28,9.22,5.51,1.52,0.0
20220604:0511,50.93,16.43,8.4,1.24,0.0
20220604:0611,294.19,24.09,10.22,1.31,0.0
20220604:0711,212.99,31.88,12.78,0.69,0.0
20220604:0811,125.36,39.36,14.37,0.14,0.0
20220604:0911,60.57,45.99,15.57,1.1,0.0
20220604:1011,70.2,51.03,16.21,1.66,0.0
20220604:1111,85.34,53.6,16.6,2.07,0.0
20220604:1211,74.33,53.11,16.89,2.28,0.0
20220604:1311,62.63,49.66,17.21,2.55,0.0
20220604:1411,75.02,44.03,17.03,3.03,0.0
20220604:1511,137.38,37.06,16.49,3.24,0.0
20220604:1611,215.39,29.43,15.72,3.31,0.0
20220604:1711,282.37,21.65,14.6,3.1,0.0
20220604:1811,316.64,14.09,13.34,2.76,0.0
20220604:1911,272.08,7.1,12.54,2.28,0.0
20220604:2011,0.0,0.0,10.55,2.0,0.0
20220604:2111,0.0,0.0,8.56,2.07,0.0
20220604:2211,0.0,0.0,7.13,2.07,0.0
20220604:2311,0.0,0.0,6.02,2.14,0.0
20220605:0011,0.0,0.0,4.99,2.07,0.0
20220605:0111,0.0,0.0,4.19,2.14,0.0
20220605:0211,0.0,0.0,3.74,2.28,0.0
20220605:0311,3.44,2.89,3.49,2.21,0.0
20220605:0411,31.66,9.3,4.31,2.07,0.0
20220605:0511,49.55,16.5,6.98,1.59,0.0
20220605:0611,295.92,24.17,9.99,1.72,0.0
20220605:0711,216.23,31.95,11.03,2.21,0.0
20220605:0811,131.09,39.43,12.55,2.41,0.0
20220605:0911,62.63,46.07,14.37,2.0,0.0
20220605:1011,70.2,51.13,16.27,1.24,0.0
20220605:1111,70.2,53.71,17.46,0.97,0.0
20220605:1211,61.94,53.22,18.17,1.38,0.0
20220605:1311,66.07,49.78,18.86,1.45,0.0
20220605:1411,77.77,44.15,19.44,0.9,0.0
20220605:1511,147.79,37.18,19.7,0.55,0.0
20220605:1611,217.67,29.55,19.47,1.1,0.0
20220605:1711,222.99,21.76,18.52,1.38,0.0
20220605:1811,222.0,14.2,17.26,0.97,0.0
20220605:1911,200.61,7.22,15.98,1.66,0.0
20220605:2011,0.0,0.0,14.03,1.1,0.0
20220605:2111,0.0,0.0,11.5,1.38,0.0
20220605:2211,0.0,0.0,9.8,1.52,0.0
20220605:2311,0.0,0.0,8.14,1.72,0.0
20220606:0011,0.0,0.0,6.54,1.86,0.0
20220606:0111,0.0,0.0,5.31,1.93,0.0
20220606:0211,0.0,0.0,4.61,1.93,0.0
20220606:0311,2.06,2.97,4.0,1.86,0.0
20220606:0411,35.79,9.37,5.46,1.66,0.0
20220606:0511,75.71,16.57,8.71,1.45,0.0
20220606:0611,240.63,24.23,13.06,1.79,0.0
20220606:0711,220.96,32.01,14.52,2.62,0.0
20220606:0811,235.49,39.5,15.78,2.97,0.0
20220606:0911,145.22,46.15,17.06,3.38,0.0
20220606:1011,158.99,51.22,18.13,3.79,0.0
20220606:1111,103.24,53.82,18.95,3.93,0.0
20220606:1211,73.64,53.33,19.61,4.07,0.0
20220606:1311,72.95,49.9,19.95,4.21,0.0
20220606:1411,90.85,44.26,20.07,4.21,0.0
20220606:1511,151.15,37.29,19.89,4.07,0.0
20220606:1611,229.13,29.66,19.35,3.93,0.0
20220606:1711,170.18,21.87,18.66,3.45,0.0
20220606:1811,39.94,14.32,17.53,2.97,0.0
20220606:1911,31.93,7.33,15.79,2.21,0.0
20220606:2011,0.0,0.0,15.0,2.28,0.0
20220606:2111,0.0,0.0,14.19,2.14,0.0
20220606:2211,0.0,0.0,13.64,1.86,0.0
20220606:2311,0.0,0.0,13.16,1.79,0.0
20220607:0011,0.0,0.0,12.76,2.14,0.0
20220607:0111,0.0,0.0,12.53,2.28,0.0
20220607:0211,0.0,0.0,12.42,2.21,0.0
20220607:0311,1.38,3.05,12.14,2.21,0.0
20220607:0411,13.08,9.44,12.24,2.41,0.0
20220607:0511,37.85,16.63,12.41,2.48,0.0
20220607:0611,74.29,24.29,13.18,2.62,0.0
20220607:0711,60.71,32.07,13.5,2.9,0.0
20220607:0811,140.59,39.57,14.13,2.97,0.0
20220607:0911,210.6,46.23,15.0,3.1,0.0
20220607:1011,262.22,51.3,14.67,2.69,0.0
20220607:1111,132.83,53.91,13.81,3.17,0.0
20220607:1211,232.63,53.44,13.84,3.31,0.0
20220607:1311,102.55,50.01,13.74,3.03,0.0
20220607:1411,109.43,44.37,12.9,2.62,0.0
20220607:1511,100.65,37.39,12.43,1.59,0.0
20220607:1611,69.5,29.77,12.82,1.93,0.0
20220607:1711,89.56,21.98,12.91,1.72,0.0
20220607:1811,123.01,14.42,13.0,2.07,0.0
20220607:1911,47.28,7.44,11.13,1.45,0.0
20220607:2011,0.0,0.0,10.83,1.52,0.0
20220607:2111,0.0,0.0,10.2,1.52,0.0
20220607:2211,0.0,0.0,9.32,1.59,0.0
20220607:2311,0.0,0.0,8.32,1.52,0.0
20220608:0011,0.0,0.0,7.54,1.59,0.0
20220608:0111,0.0,0.0,6.42,1.66,0.0
20220608:0211,0.0,0.0,6.24,1.38,0.0
20220608:0311,2.75,3.11,6.93,1.03,0.0
20220608:0411,44.05,9.5,7.69,0.83,0.0
20220608:0511,79.15,16.69,9.56,1.1,0.0
20220608:0611,282.86,24.34,10.33,1.52,0.0
20220608:0711,220.82,32.13,11.66,1.79,0.0
20220608:0811,147.86,39.63,12.39,2.07,0.0
20220608:0911,176.19,46.29,13.28,2.07,0.0
20220608:1011,263.6,51.38,14.55,2.21,0.0
20220608:1111,207.16,54.0,15.22,2.62,0.0
20220608:1211,172.75,53.54,14.64,3.31,0.0
20220608:1311,253.28,50.11,13.91,3.52,0.0
20220608:1411,230.56,44.47,13.31,2.97,0.0
20220608:1511,230.22,37.5,13.2,2.55,0.0
20220608:1611,218.24,29.87,12.95,2.28,0.0
20220608:1711,188.51,22.08,12.8,2.0,0.0
20220608:1811,145.51,14.52,12.53,1.72,0.0
20220608:1911,191.21,7.54,11.18,2.0,0.0
20220608:2011,0.0,0.0,10.26,1.52,0.0
20220608:2111,0.0,0.0,9.58,0.9,0.0
20220608:2211,0.0,0.0,8.2,1.45,0.0
20220608:2311,0.0,0.0,7.48,1.72,0.0
20220609:0011,0.0,0.0,6.71,1.52,0.0
20220609:0111,0.0,0.0,6.17,1.24,0.0
20220609:0211,0.0,0.0,5.47,1.31,0.0
20220609:0311,1.38,3.17,5.09,1.31,0.0
20220609:0411,6.88,9.55,6.14,1.17,0.0
20220609:0511,21.34,16.73,8.7,0.83,0.0
20220609:0611,164.94,24.39,11.55,0.41,0.0
20220609:0711,199.94,32.18,12.25,0.69,0.0
20220609:0811,197.05,39.68,13.92,1.24,0.0
20220609:0911,240.2,46.35,14.84,1.79,0.0
20220609:1011,262.91,51.45,14.95,2.0,0.0
20220609:1111,232.63,54.08,14.74,2.14,0.0
20220609:1211,258.78,53.63,15.0,2.41,0.0
20220609:1311,251.21,50.2,14.66,2.21,0.0
20220609:1411,185.83,44.57,14.89,2.28,0.0
20220609:1511,153.48,37.59,14.6,2.14,0.0
20220609:1611,195.38,29.96,13.87,2.14,0.0
20220609:1711,106.53,22.18,13.14,1.86,0.0
20220609:1811,55.12,14.62,12.73,1.31,0.0
20220609:1911,13.58,7.63,10.99,1.1,0.0
20220609:2011,0.69,1.54,10.55,0.76,0.0
20220609:2111,0.0,0.0,10.27,0.48,0.0
20220609:2211,0.0,0.0,10.04,0.83,0.0
20220609:2311,0.0,0.0,9.66,0.83,0.0
20220610:0011,0.0,0.0,9.38,0.69,0.0
20220610:0111,0.0,0.0,8.73,0.69,0.0
20220610:0211,0.0,0.0,8.05,0.69,0.0
20220610:0311,1.38,3.23,7.86,0.48,0.0
20220610:0411,7.57,9.6,8.04,0.62,0.0
20220610:0511,30.97,16.78,8.47,0.97,0.0
20220610:0611,35.15,24.43,8.89,1.24,0.0
20220610:0711,111.04,32.22,10.32,1.86,0.0
20220610:0811,194.62,39.72,11.24,2.34,0.0
20220610:0911,161.05,46.4,12.31,2.69,0.0
20220610:1011,173.44,51.51,13.44,3.45,0.0
20220610:1111,165.87,54.16,13.73,3.79,0.0
20220610:1211,99.11,53.71,13.51,3.52,0.0
20220610:1311,87.41,50.29,13.03,3.31,0.0
20220610:1411,69.51,44.66,12.79,3.38,0.0
20220610:1511,79.08,37.68,12.42,3.24,0.0
20220610:1611,122.6,30.05,12.21,3.1,0.0
20220610:1711,90.35,22.27,11.66,2.69,0.0
20220610:1811,53.52,14.71,11.38,2.62,0.0
20220610:1911,9.59,7.73,10.93,2.07,0.0
20220610:2011,0.69,1.63,10.19,2.0,0.0
20220610:2111,0.0,0.0,9.57,1.45,0.0
20220610:2211,0.0,0.0,9.79,2.21,0.0
20220610:2311,0.0,0.0,9.16,1.17,0.0
20220611:0011,0.0,0.0,9.0,1.31,0.0
20220611:0111,0.0,0.0,9.16,1.79,0.0
20220611:0211,0.0,0.0,8.74,1.1,0.0
20220611:0311,1.38,3.27,8.79,1.24,0.0
20220611:0411,7.57,9.64,9.48,1.72,0.0
20220611:0511,21.34,16.82,10.12,1.45,0.0
20220611:0611,135.11,24.47,10.69,1.66,0.0
20220611:0711,115.03,32.25,11.16,2.14,0.0
20220611:0811,250.26,39.76,12.21,2.28,0.0
20220611:0911,233.32,46.45,12.75,2.55,0.0
20220611:1011,216.8,51.57,13.27,3.31,0.0
20220611:1111,128.7,54.23,13.87,3.03,0.0
20220611:1211,164.49,53.79,13.07,3.66,0.0
20220611:1311,77.77,50.38,12.99,3.31,0.0
20220611:1411,187.2,44.74,12.46,3.38,0.0
20220611:1511,94.26,37.77,12.29,3.66,0.0
20220611:1611,76.69,30.14,12.08,3.52,0.0
20220611:1711,60.71,22.35,11.55,3.52,0.0
20220611:1811,29.56,14.8,10.73,3.59,0.0
20220611:1911,7.19,7.81,10.14,2.97,0.0
20220611:2011,0.69,1.72,9.32,3.17,0.0
20220611:2111,0.0,0.0,9.19,2.69,0.0
20220611:2211,0.0,0.0,9.21,2.41,0.0
20220611:2311,0.0,0.0,9.08,2.62,0.0
20220612:0011,0.0,0.0,9.04,2.83,0.0
20220612:0111,0.0,0.0,8.65,3.03,0.0
20220612:0211,0.0,0.0,8.67,2.97,0.0
20220612:0311,1.38,3.31,8.59,2.41,0.0
20220612:0411,7.57,9.68,8.66,2.28,0.0
20220612:0511,14.45,16.85,8.84,2.0,0.0
20220612:0611,39.14,24.5,9.32,2.0,0.0
20220612:0711,62.31,32.28,10.2,2.0,0.0
20220612:0811,156.57,39.79,9.97,2.0,0.0
20220612:0911,204.41,46.49,9.68,2.0,0.0
20220612:1011,57.12,51.62,10.24,1.86,0.0
20220612:1111,203.03,54.29,10.8,2.07,0.0
20220612:1211,139.71,53.87,11.09,2.0,0.0
20220612:1311,152.79,50.46,11.01,2.62,0.0
20220612:1411,134.9,44.82,10.67,2.62,0.0
20220612:1511,192.41,37.85,10.56,2.55,0.0
20220612:1611,127.4,30.22,10.83,2.62,0.0
20220612:1711,59.11,22.43,9.47,2.97,0.0
20220612:1811,47.13,14.88,8.59,2.21,0.0
20220612:1911,6.39,7.89,7.97,2.14,0.0
20220612:2011,0.69,1.8,7.21,1.72,0.0
20220612:2111,0.0,0.0,6.54,1.52,0.0
20220612:2211,0.0,0.0,5.77,1.52,0.0
20220612:2311,0.0,0.0,6.12,1.72,0.0
20220613:0011,0.0,0.0,5.84,1.66,0.0
20220613:0111,0.0,0.0,5.49,1.66,0.0
20220613:0211,0.0,0.0,5.53,1.66,0.0
20220613:0311,4.13,3.35,6.01,2.48,0.0
20220613:0411,25.47,9.71,6.44,2.62,0.0
20220613:0511,60.57,16.87,6.61,3.1,0.0
20220613:0611,66.3,24.52,7.18,2.83,0.0
20220613:0711,81.48,32.31,8.78,2.21,0.0
20220613:0811,146.19,39.82,9.53,2.28,0.0
20220613:0911,181.7,46.52,10.0,2.34,0.0
20220613:1011,139.03,51.66,9.69,2.69,0.0
20220613:1111,107.37,54.35,9.9,2.76,0.0
20220613:1211,186.52,53.93,10.03,2.9,0.0
20220613:1311,211.29,50.53,11.52,3.1,0.0
20220613:1411,223.68,44.9,9.93,3.86,0.0
20220613:1511,190.83,37.92,10.28,3.17,0.0
20220613:1611,166.71,30.29,9.73,3.86,0.0
20220613:1711,95.14,22.51,9.35,3.66,0.0
20220613:1811,16.78,14.95,9.06,3.86,0.0
20220613:1911,10.38,7.97,8.48,2.41,0.0
20220613:2011,0.69,1.87,7.84,2.83,0.0
20220613:2111,0.0,0.0,7.43,2.41,0.0
20220613:2211,0.0,0.0,7.42,2.55,0.0
20220613:2311,0.0,0.0,7.15,2.48,0.0
20220614:0011,0.0,0.0,7.02,2.34,0.0
20220614:0111,0.0,0.0,7.01,2.34,0.0
20220614:0211,0.0,0.0,6.83,1.93,0.0
20220614:0311,2.06,3.38,6.88,1.66,0.0
20220614:0411,7.57,9.73,7.37,1.79,0.0
20220614:0511,20.65,16.89,7.92,2.21,0.0
20220614:0611,87.07,24.54,8.75,3.03,0.0
20220614:0711,128.61,32.32,10.07,3.59,0.0
20220614:0811,249.89,39.84,10.86,3.52,0.0
20220614:0911,234.01,46.55,11.97,3.72,0.0
20220614:1011,178.95,51.7,12.74,3.72,0.0
20220614:1111,272.55,54.4,13.5,3.45,0.0
20220614:1211,271.86,53.99,13.84,3.38,0.0
20220614:1311,260.16,50.59,14.12,3.24,0.0
20220614:1411,226.43,44.97,14.02,3.17,0.0
20220614:1511,236.64,37.99,13.96,3.03,0.0
20220614:1611,231.84,30.36,13.54,2.9,0.0
20220614:1711,176.72,22.58,12.95,2.83,0.0
20220614:1811,125.82,15.02,12.07,2.62,0.0
20220614:1911,19.97,8.03,11.2,2.28,0.0
20220614:2011,0.69,1.94,10.0,2.0,0.0
20220614:2111,0.0,0.0,8.86,1.79,0.0
20220614:2211,0.0,0.0,7.96,1.59,0.0
20220614:2311,0.0,0.0,7.28,1.59,0.0
20220615:0011,0.0,0.0,6.91,1.66,0.0
20220615:0111,0.0,0.0,6.45,1.79,0.0
20220615:0211,0.0,0.0,6.02,1.93,0.0
20220615:0311,11.7,3.4,5.65,1.93,0.0
20220615:0411,33.72,9.75,6.03,1.72,0.0
20220615:0511,56.44,16.9,8.18,1.59,0.0
20220615:0611,295.74,24.55,10.15,1.72,0.0
20220615:0711,229.2,32.34,11.84,2.07,0.0
20220615:0811,225.37,39.86,13.03,2.14,0.0
20220615:0911,243.64,46.57,13.72,2.34,0.0
20220615:1011,224.37,51.73,14.31,2.21,0.0
20220615:1111,241.58,54.44,15.1,2.14,0.0
20220615:1211,257.41,54.04,15.52,2.48,0.0
20220615:1311,249.84,50.65,15.38,2.83,0.0
20220615:1411,173.44,45.03,14.87,3.1,0.0
20220615:1511,239.51,38.06,14.47,3.17,0.0
20220615:1611,216.17,30.43,14.08,3.17,0.0
20220615:1711,276.5,22.64,13.61,3.17,0.0
20220615:1811,312.36,15.09,12.57,2.97,0.0
20220615:1911,66.51,8.1,11.03,2.76,0.0
20220615:2011,1.38,2.0,10.07,2.55,0.0
20220615:2111,0.0,0.0,8.85,2.21,0.0
20220615:2211,0.0,0.0,7.99,2.0,0.0
20220615:2311,0.0,0.0,7.11,1.79,0.0
20220616:0011,0.0,0.0,6.3,1.72,0.0
20220616:0111,0.0,0.0,5.69,1.79,0.0
20220616:0211,0.0,0.0,5.37,1.86,0.0
20220616:0311,11.7,3.41,5.08,1.93,0.0
20220616:0411,33.72,9.76,6.12,1.86,0.0
20220616:0511,50.93,16.91,8.91,1.72,0.0
20220616:0611,297.21,24.55,11.04,2.28,0.0
20220616:0711,229.53,32.34,13.07,2.62,0.0
20220616:0811,149.8,39.86,14.36,2.97,0.0
20220616:0911,83.28,46.58,15.45,3.24,0.0
20220616:1011,107.37,51.75,16.43,3.86,0.0
20220616:1111,186.52,54.47,16.47,3.72,0.0
20220616:1211,229.19,54.09,16.94,3.86,0.0
20220616:1311,117.0,50.71,17.4,3.86,0.0
20220616:1411,176.19,45.09,17.79,3.86,0.0
20220616:1511,204.51,38.12,17.23,3.72,0.0
20220616:1611,225.8,30.49,16.27,3.45,0.0
20220616:1711,277.84,22.7,15.28,2.83,0.0
20220616:1811,260.64,15.15,14.66,2.48,0.0
20220616:1911,246.76,8.16,13.9,2.07,0.0
20220616:2011,0.69,2.05,12.62,1.24,0.0
20220616:2111,0.0,0.0,11.06,1.03,0.0
20220616:2211,0.0,0.0,9.25,1.17,0.0
20220616:2311,0.0,0.0,7.73,1.45,0.0
20220617:0011,0.0,0.0,6.9,1.24,0.0
20220617:0111,0.0,0.0,6.7,1.31,0.0
20220617:0211,0.0,0.0,6.36,1.38,0.0
20220617:0311,2.06,3.42,6.09,1.38,0.0
20220617:0411,7.57,9.76,7.21,0.9,0.0
20220617:0511,28.22,16.91,9.73,0.34,0.0
20220617:0611,99.87,24.55,12.54,0.21,0.0
20220617:0711,107.04,32.34,13.46,1.03,0.0
20220617:0811,119.83,39.87,13.61,1.93,0.0
20220617:0911,117.0,46.59,13.91,2.9,0.0
20220617:1011,151.42,51.77,13.53,3.31,0.0
20220617:1111,107.37,54.5,12.27,3.1,0.0
20220617:1211,103.24,54.13,11.13,2.69,0.0
20220617:1311,99.8,50.75,10.93,3.59,0.0
20220617:1411,61.25,45.14,10.93,3.52,0.0
20220617:1511,63.11,38.17,11.2,3.38,0.0
20220617:1611,51.13,30.54,11.61,3.59,0.0
20220617:1711,33.55,22.76,11.58,3.17,0.0
20220617:1811,32.75,15.2,11.4,2.62,0.0
20220617:1911,20.77,8.21,11.35,2.0,0.0
20220617:2011,0.69,2.1,11.18,1.45,0.0
20220617:2111,0.0,0.0,10.84,1.03,0.0
20220617:2211,0.0,0.0,10.64,0.76,0.0
20220617:2311,0.0,0.0,10.05,1.52,0.0
20220618:0011,0.0,0.0,9.99,2.55,0.0
20220618:0111,0.0,0.0,9.39,2.83,0.0
20220618:0211,0.0,0.0,8.24,2.76,0.0
20220618:0311,4.82,3.43,7.05,2.55,0.0
20220618:0411,37.85,9.76,6.84,2.55,0.0
20220618:0511,53.0,16.91,7.53,2.34,0.0
20220618:0611,288.01,24.55,8.33,2.97,0.0
20220618:0711,243.48,32.34,9.2,4.28,0.0
20220618:0811,248.03,39.86,9.75,4.34,0.0
20220618:0911,275.21,46.59,10.35,4.48,0.0
20220618:1011,252.59,51.78,11.1,4.41,0.0
20220618:1111,269.11,54.52,11.42,4.62,0.0
20220618:1211,279.43,54.16,11.35,4.55,0.0
20220618:1311,264.98,50.79,11.49,4.76,0.0
20220618:1411,227.12,45.18,11.1,4.9,0.0
20220618:1511,169.55,38.22,10.67,4.41,0.0
20220618:1611,191.46,30.59,9.95,4.21,0.0
20220618:1711,281.53,22.8,9.24,3.93,0.0
20220618:1811,149.79,15.25,8.93,3.52,0.0
20220618:1911,7.19,8.25,8.49,2.48,0.0
20220618:2011,0.69,2.15,7.75,2.07,0.0
20220618:2111,0.0,0.0,6.72,1.45,0.0
20220618:2211,0.0,0.0,6.08,0.83,0.0
20220618:2311,0.0,0.0,4.99,1.17,0.0
20220619:0011,0.0,0.0,4.89,1.24,0.0
20220619:0111,0.0,0.0,5.07,1.17,0.0
20220619:0211,0.0,0.0,4.53,1.45,0.0
20220619:0311,2.06,3.42,4.36,1.52,0.0
20220619:0411,7.57,9.75,5.1,1.45,0.0
20220619:0511,22.02,16.9,7.92,1.79,0.0
20220619:0611,69.5,24.54,8.97,2.0,0.0
20220619:0711,81.48,32.32,9.31,1.86,0.0
20220619:0811,122.22,39.85,9.98,1.93,0.0
20220619:0911,213.81,46.59,10.0,2.28,0.0
20220619:1011,90.16,51.78,9.26,2.48,0.0
20220619:1111,173.44,54.53,9.04,2.21,0.0
20220619:1211,134.9,54.19,8.75,1.93,0.0
20220619:1311,87.41,50.83,9.98,1.45,0.0
20220619:1411,102.55,45.22,10.75,1.1,0.0
20220619:1511,80.68,38.26,11.28,1.1,0.0
20220619:1611,75.89,30.63,10.87,0.69,0.0
20220619:1711,178.71,22.85,10.74,0.34,0.0
20220619:1811,117.11,15.29,10.32,0.41,0.0
20220619:1911,101.86,8.29,9.88,0.48,0.0
20220619:2011,0.69,2.18,9.27,0.97,0.0
20220619:2111,0.0,0.0,8.64,1.31,0.0
20220619:2211,0.0,0.0,7.47,1.66,0.0
20220619:2311,0.0,0.0,6.44,1.86,0.0
20220620:0011,0.0,0.0,5.46,1.93,0.0
20220620:0111,0.0,0.0,4.63,1.93,0.0
20220620:0211,0.0,0.0,3.93,1.93,0.0
20220620:0311,11.7,3.41,3.49,1.93,0.0
20220620:0411,33.72,9.74,4.4,1.59,0.0
20220620:0511,51.62,16.88,7.8,1.1,0.0
20220620:0611,305.99,24.52,11.27,0.76,0.0
20220620:0711,233.26,32.31,13.06,0.83,0.0
20220620:0811,154.0,39.84,14.89,1.03,0.0
20220620:0911,86.48,46.58,16.15,1.38,0.0
20220620:1011,195.46,51.78,17.24,1.93,0.0
20220620:1111,273.24,54.54,18.07,2.34,0.0
20220620:1211,260.85,54.2,18.83,2.48,0.0
20220620:1311,209.92,50.85,18.69,2.9,0.0
20220620:1411,76.4,45.26,17.9,3.59,0.0
20220620:1511,148.24,38.3,16.86,3.79,0.0
20220620:1611,226.32,30.67,15.95,3.59,0.0
20220620:1711,276.86,22.88,14.94,3.31,0.0
20220620:1811,287.91,15.32,13.65,2.9,0.0
20220620:1911,34.59,8.33,12.35,2.48,0.0
20220620:2011,0.69,2.21,10.51,2.21,0.0
20220620:2111,0.0,0.0,8.73,1.86,0.0
20220620:2211,0.0,0.0,7.41,1.52,0.0
20220620:2311,0.0,0.0,5.97,1.45,0.0
20220621:0011,0.0,0.0,5.86,1.38,0.0
20220621:0111,0.0,0.0,5.71,1.38,0.0
20220621:0211,0.0,0.0,5.6,1.52,0.0
20220621:0311,2.06,3.4,5.9,1.59,0.0
20220621:0411,25.47,9.72,7.34,1.59,0.0
20220621:0511,82.59,16.86,8.36,2.07,0.0
20220621:0611,180.99,24.49,9.52,3.1,0.0
20220621:0711,238.23,32.28,11.65,2.62,0.0
20220621:0811,205.47,39.82,12.88,3.17,0.0
20220621:0911,269.77,46.56,13.03,3.1,0.0
20220621:1011,227.12,51.77,13.43,2.97,0.0
20220621:1111,221.62,54.54,13.62,2.69,0.0
20220621:1211,130.08,54.22,12.99,2.48,0.0
20220621:1311,98.42,50.87,12.53,2.41,0.0
20220621:1411,80.53,45.28,12.13,2.14,0.0
20220621:1511,160.67,38.33,12.3,2.14,0.0
20220621:1611,71.1,30.7,11.98,2.28,0.0
20220621:1711,46.33,22.92,11.55,2.14,0.0
20220621:1811,135.88,15.35,11.09,1.86,0.0
20220621:1911,7.99,8.35,10.87,1.86,0.0
20220621:2011,0.69,2.24,10.45,1.86,0.0
20220621:2111,0.0,0.0,9.94,1.66,0.0
20220621:2211,0.0,0.0,9.7,1.52,0.0
20220621:2311,0.0,0.0,9.59,1.38,0.0
20220622:0011,0.0,0.0,9.36,1.59,0.0
20220622:0111,0.0,0.0,9.19,1.66,0.0
20220622:0211,0.0,0.0,9.04,1.93,0.0
20220622:0311,2.06,3.37,8.75,2.07,0.0
20220622:0411,7.57,9.69,8.86,1.79,0.0
20220622:0511,49.55,16.83,9.31,2.69,0.0
20220622:0611,194.62,24.47,9.66,2.76,0.0
20220622:0711,231.29,32.25,10.65,2.69,0.0
20220622:0811,234.37,39.79,11.81,2.55,0.0
20220622:0911,155.85,46.54,12.6,2.76,0.0
20220622:1011,200.28,51.75,13.52,2.97,0.0
20220622:1111,225.06,54.54,14.16,3.03,0.0
20220622:1211,211.98,54.22,14.35,3.31,0.0
20220622:1311,221.62,50.89,14.25,3.45,0.0
20220622:1411,233.32,45.3,14.11,3.45,0.0
20220622:1511,238.26,38.35,13.95,3.86,0.0
20220622:1611,156.0,30.73,12.7,3.03,0.0
20220622:1711,55.12,22.94,11.94,2.55,0.0
20220622:1811,17.57,15.38,11.31,2.14,0.0
20220622:1911,8.79,8.38,10.85,1.52,0.0
20220622:2011,0.69,2.26,10.57,1.52,0.0
20220622:2111,0.0,0.0,10.34,1.31,0.0
20220622:2211,0.0,0.0,10.39,1.31,0.0
20220622:2311,0.0,0.0,10.41,1.59,0.0
20220623:0011,0.0,0.0,10.4,1.52,0.0
20220623:0111,0.0,0.0,10.21,1.24,0.0
20220623:0211,0.0,0.0,10.17,1.45,0.0
20220623:0311,1.38,3.35,10.12,1.52,0.0
20220623:0411,6.88,9.66,10.3,1.38,0.0
20220623:0511,31.66,16.8,10.59,1.31,0.0
20220623:0611,73.49,24.43,11.24,1.31,0.0
20220623:0711,126.22,32.22,11.92,1.72,0.0
20220623:0811,140.59,39.76,12.4,1.45,0.0
20220623:0911,200.33,46.51,12.9,2.0,0.0
20220623:1011,142.47,51.73,13.63,2.21,0.0
20220623:1111,170.0,54.52,14.06,2.21,0.0
20220623:1211,79.84,54.22,14.54,2.14,0.0
20220623:1311,106.68,50.9,15.4,2.21,0.0
20220623:1411,177.57,45.32,15.8,2.34,0.0
20220623:1511,229.11,38.37,15.83,2.21,0.0
20220623:1611,227.84,30.75,15.36,1.93,0.0
20220623:1711,255.65,22.96,14.94,1.79,0.0
20220623:1811,297.6,15.4,14.5,1.45,0.0
20220623:1911,270.28,8.39,13.93,0.9,0.0
20220623:2011,2.06,2.27,12.99,0.9,0.0
20220623:2111,0.0,0.0,11.21,0.97,0.0
20220623:2211,0.0,0.0,9.6,1.17,0.0
20220623:2311,0.0,0.0,8.36,1.38,0.0
20220624:0011,0.0,0.0,7.35,1.59,0.0
20220624:0111,0.0,0.0,6.95,1.72,0.0
20220624:0211,0.0,0.0,6.51,1.86,0.0
20220624:0311,11.7,3.31,6.55,1.72,0.0
20220624:0411,40.61,9.62,8.07,1.52,0.0
20220624:0511,66.07,16.76,11.38,1.31,0.0
20220624:0611,289.61,24.39,15.05,1.38,0.0
20220624:0711,233.75,32.18,16.69,2.28,0.0
20220624:0811,158.29,39.72,18.2,3.31,0.0
20220624:0911,90.4,46.47,19.71,3.72,0.0
20220624:1011,86.03,51.7,21.04,4.07,0.0
20220624:1111,72.27,54.5,22.07,4.34,0.0
20220624:1211,90.16,54.21,22.57,4.62,0.0
20220624:1311,81.9,50.9,22.62,4.76,0.0
20220624:1411,82.59,45.33,22.45,4.9,0.0
20220624:1511,202.54,38.38,21.98,5.03,0.0
20220624:1611,222.35,30.76,21.26,4.83,0.0
20220624:1711,244.89,22.98,20.53,4.76,0.0
20220624:1811,131.68,15.41,19.61,4.34,0.0
20220624:1911,20.77,8.4,18.5,4.14,0.0
20220624:2011,1.38,2.27,17.36,4.28,0.0
20220624:2111,0.0,0.0,15.95,4.0,0.0
20220624:2211,0.0,0.0,14.9,3.72,0.0
20220624:2311,0.0,0.0,14.47,3.38,0.0
20220625:0011,0.0,0.0,14.21,3.03,0.0
20220625:0111,0.0,0.0,14.06,2.34,0.0
20220625:0211,0.0,0.0,14.01,1.93,0.0
20220625:0311,1.38,3.27,13.89,1.93,0.0
20220625:0411,9.64,9.58,14.03,1.79,0.0
20220625:0511,54.37,16.71,14.19,2.28,0.0
20220625:0611,194.2,24.35,15.07,2.76,0.0
20220625:0711,235.19,32.13,16.34,3.52,0.0
20220625:0811,170.01,39.67,17.04,3.45,0.0
20220625:0911,111.05,46.43,18.0,3.31,0.0
20220625:1011,128.01,51.66,18.72,2.97,0.0
20220625:1111,163.12,54.48,19.6,2.83,0.0
20220625:1211,120.44,54.19,20.22,2.97,0.0
20220625:1311,216.8,50.89,20.25,2.97,0.0
20220625:1411,185.14,45.33,20.4,2.97,0.0
20220625:1511,238.53,38.39,20.15,2.76,0.0
20220625:1611,227.73,30.77,19.75,2.62,0.0
20220625:1711,84.68,22.98,19.05,2.34,0.0
20220625:1811,161.94,15.42,18.44,2.07,0.0
20220625:1911,202.49,8.4,17.07,1.93,0.0
20220625:2011,0.69,2.27,16.08,1.59,0.0
20220625:2111,0.0,0.0,14.91,1.52,0.0
20220625:2211,0.0,0.0,13.81,1.66,0.0
20220625:2311,0.0,0.0,13.1,1.66,0.0
20220626:0011,0.0,0.0,13.03,1.66,0.0
20220626:0111,0.0,0.0,12.61,1.66,0.0
20220626:0211,0.0,0.0,12.51,1.66,0.0
20220626:0311,8.26,3.22,12.43,1.72,0.0
20220626:0411,30.28,9.53,13.02,1.79,0.0
20220626:0511,29.59,16.66,14.31,2.14,0.0
20220626:0611,208.93,24.29,15.39,2.9,0.0
20220626:0711,236.96,32.08,17.55,3.17,0.0
20220626:0811,243.49,39.62,17.72,3.31,0.0
20220626:0911,71.9,46.38,18.29,3.66,0.0
20220626:1011,48.18,51.62,19.27,3.72,0.0
20220626:1111,64.7,54.44,19.57,3.86,0.0
20220626:1211,50.24,54.17,17.68,4.21,0.0
20220626:1311,47.49,50.88,16.78,2.9,0.0
20220626:1411,42.67,45.33,16.68,3.52,0.0
20220626:1511,64.71,38.39,15.69,2.34,0.0
20220626:1611,107.04,30.77,15.05,1.66,0.0
20220626:1711,29.56,22.99,14.28,2.0,0.0
20220626:1811,212.4,15.42,13.93,1.17,0.0
20220626:1911,27.16,8.4,13.68,1.38,0.0
20220626:2011,0.69,2.26,13.09,1.03,0.0
20220626:2111,0.0,0.0,12.37,0.83,0.0
20220626:2211,0.0,0.0,11.7,0.97,0.0
20220626:2311,0.0,0.0,10.98,0.83,0.0
20220627:0011,0.0,0.0,10.65,0.62,0.0
20220627:0111,0.0,0.0,9.95,0.97,0.0
20220627:0211,0.0,0.0,9.18,1.1,0.0
20220627:0311,1.38,3.17,8.49,1.24,0.0
20220627:0411,6.88,9.48,8.8,1.24,0.0
20220627:0511,16.52,16.61,9.65,1.03,0.0
20220627:0611,31.15,24.24,10.63,1.38,0.0
20220627:0711,134.58,32.03,12.08,1.93,0.0
20220627:0811,188.21,39.57,12.01,1.72,0.0
20220627:0911,246.16,46.33,12.7,1.59,0.0
20220627:1011,160.36,51.57,13.29,1.31,0.0
20220627:1111,271.86,54.4,14.23,1.1,0.0
20220627:1211,167.25,54.14,15.03,0.55,0.0
20220627:1311,135.59,50.86,15.23,0.41,0.0
20220627:1411,95.67,45.32,15.13,1.66,0.0
20220627:1511,71.9,38.38,13.67,1.93,0.0
20220627:1611,75.89,30.77,12.87,1.72,0.0
20220627:1711,27.96,22.98,11.85,1.31,0.0
20220627:1811,30.36,15.41,11.14,1.31,0.0
20220627:1911,10.38,8.39,11.71,0.83,0.0
20220627:2011,0.69,2.25,11.38,1.1,0.0
20220627:2111,0.0,0.0,10.65,1.17,0.0
20220627:2211,0.0,0.0,10.14,1.03,0.0
20220627:2311,0.0,0.0,10.43,0.97,0.0
20220628:0011,0.0,0.0,10.53,1.24,0.0
20220628:0111,0.0,0.0,9.8,0.83,0.0
20220628:0211,0.0,0.0,8.88,0.83,0.0
20220628:0311,11.01,3.11,7.94,0.9,0.0
20220628:0411,44.05,9.42,8.68,0.55,0.0
20220628:0511,84.65,16.55,9.92,0.41,0.0
20220628:0611,0.0,0.0,11.34,0.28,0.0
20220628:0711,0.0,0.0,12.32,1.17,0.0
20220628:0811,0.0,0.0,13.46,2.0,0.0
20220628:0911,239.42,46.27,14.35,2.41,0.0
20220628:1011,264.98,51.52,14.78,2.48,0.0
20220628:1111,264.98,54.35,14.98,2.76,0.0
20220628:1211,264.98,54.11,15.49,2.62,0.0
20220628:1311,153.48,50.84,15.87,2.48,0.0
20220628:1411,176.88,45.3,16.09,2.62,0.0
20220628:1511,146.27,38.37,15.62,2.28,0.0
20220628:1611,220.74,30.76,15.22,2.07,0.0
20220628:1711,291.08,22.97,14.79,1.86,0.0
20220628:1811,305.69,15.4,14.08,1.79,0.0
20220628:1911,303.55,8.38,12.71,1.66,0.0
20220628:2011,6.88,2.23,11.33,1.31,0.0
20220628:2111,0.0,0.0,10.32,0.14,0.0
20220628:2211,0.0,0.0,8.87,0.76,0.0
20220628:2311,0.0,0.0,7.39,1.17,0.0
20220629:0011,0.0,0.0,6.0,1.38,0.0
20220629:0111,0.0,0.0,5.13,1.45,0.0
20220629:0211,0.0,0.0,4.68,1.45,0.0
20220629:0311,9.64,3.05,4.62,1.45,0.0
20220629:0411,33.72,9.35,6.27,1.03,0.0
20220629:0511,0.0,0.0,8.95,0.48,0.0
20220629:0611,0.0,0.0,11.83,0.76,0.0
20220629:0711,0.0,0.0,13.63,2.21,0.0
20220629:0811,154.39,39.44,14.69,2.41,0.0
20220629:0911,82.59,46.21,15.84,2.55,0.0
20220629:1011,85.34,51.46,16.77,2.69,0.0
20220629:1111,109.43,54.3,17.41,2.55,0.0
20220629:1211,97.73,54.06,17.92,2.34,0.0
20220629:1311,81.21,50.81,18.52,2.14,0.0
20220629:1411,79.15,45.28,19.07,2.34,0.0
20220629:1511,143.68,38.36,19.09,2.48,0.0
20220629:1611,220.16,30.75,18.66,2.55,0.0
20220629:1711,288.88,22.96,17.92,2.41,0.0
20220629:1811,329.0,15.38,17.1,1.93,0.0
20220629:1911,203.88,8.36,15.79,1.79,0.0
20220629:2011,6.88,2.2,14.39,1.38,0.0
20220629:2111,0.0,0.0,12.65,1.59,0.0
20220629:2211,0.0,0.0,10.75,1.45,0.0
20220629:2311,0.0,0.0,9.29,1.66,0.0
20220630:0011,0.0,0.0,8.27,1.66,0.0
20220630:0111,0.0,0.0,8.23,1.59,0.0
20220630:0211,0.0,0.0,8.56,1.59,0.0
20220630:0311,1.38,2.98,9.01,1.59,0.0
20220630:0411,14.45,9.28,10.29,1.45,0.0
20220630:0511,79.84,16.41,12.76,1.31,0.0
20220630:0611,101.49,24.04,15.18,1.59,0.0
20220630:0711,221.82,31.83,16.32,2.28,0.0
20220630:0811,177.78,39.37,17.37,2.83,0.0
20220630:0911,103.24,46.14,18.17,3.03,0.0
20220630:1011,194.78,51.39,18.68,3.03,0.0
20220630:1111,234.69,54.24,19.45,2.97,0.0
20220630:1211,240.89,54.01,20.1,2.83,0.0
20220630:1311,224.37,50.77,20.67,2.76,0.0
20220630:1411,93.6,45.25,20.99,2.69,0.0
20220630:1511,145.4,38.33,21.11,2.55,0.0
20220630:1611,216.2,30.73,20.9,2.41,0.0
20220630:1711,274.8,22.94,20.32,2.14,0.0
20220630:1811,303.17,15.36,19.49,1.79,0.0
20220630:1911,241.84,8.33,18.25,1.86,0.0
20220630:2011,7.57,2.17,16.7,1.79,0.0
20220630:2111,0.0,0.0,14.84,1.45,0.0
20220630:2211,0.0,0.0,13.11,1.66,0.0
20220630:2311,0.0,0.0,11.33,1.79,0.0
20220701:0011,0.0,0.0,10.5,1.79,0.0
20220701:0111,0.0,0.0,9.99,1.86,0.0
20220701:0211,0.0,0.0,9.89,1.86,0.0
20220701:0311,1.38,2.9,10.06,1.93,0.0
20220701:0411,41.3,9.2,11.12,1.86,0.0
20220701:0511,69.51,16.33,14.3,1.72,0.0
20220701:0611,266.18,23.96,17.43,1.86,0.0
20220701:0711,228.85,31.75,18.83,2.62,0.0
20220701:0811,218.33,39.29,20.14,3.66,0.0
20220701:0911,237.45,46.06,20.76,3.93,0.0
20220701:1011,258.78,51.32,21.82,5.03,0.0
20220701:1111,207.16,54.17,21.94,4.97,0.0
20220701:1211,203.72,53.96,21.17,4.69,0.0
20220701:1311,218.18,50.72,20.27,4.21,0.0
20220701:1411,81.21,45.21,18.05,3.31,0.0
20220701:1511,42.34,38.3,16.22,3.03,0.0
20220701:1611,62.31,30.7,15.24,2.21,0.0
20220701:1711,29.56,22.91,14.17,2.14,0.0
20220701:1811,24.76,15.33,13.43,1.79,0.0
20220701:1911,7.19,8.29,12.56,1.59,0.0
20220701:2011,0.69,2.13,12.07,1.45,0.0
20220701:2111,0.0,0.0,11.68,1.72,0.0
20220701:2211,0.0,0.0,11.39,1.59,0.0
20220701:2311,0.0,0.0,11.17,1.03,0.0
20220702:0011,0.0,0.0,10.64,0.9,0.0
20220702:0111,0.0,0.0,10.45,1.24,0.0
20220702:0211,0.0,0.0,10.2,1.03,0.0
20220702:0311,7.57,2.82,10.57,1.45,0.0
20220702:0411,12.39,9.12,10.23,0.83,0.0
20220702:0511,13.77,16.25,10.68,1.72,0.0
20220702:0611,225.19,23.88,11.21,2.21,0.0
20220702:0711,106.25,31.67,11.49,2.41,0.0
20220702:0811,238.98,39.21,12.34,2.62,0.0
20220702:0911,239.51,45.98,13.01,3.03,0.0
20220702:1011,249.84,51.24,14.12,3.17,0.0
20220702:1111,92.23,54.1,14.55,3.59,0.0
20220702:1211,92.23,53.89,15.39,4.07,0.0
20220702:1311,83.28,50.67,14.48,4.14,0.0
20220702:1411,89.47,45.17,14.49,3.79,0.0
20220702:1511,175.97,38.27,14.76,3.66,0.0
20220702:1611,215.74,30.67,14.59,3.72,0.0
20220702:1711,171.05,22.88,13.96,3.79,0.0
20220702:1811,38.34,15.29,13.27,3.52,0.0
20220702:1911,21.57,8.25,12.08,3.59,0.0
20220702:2011,5.51,2.08,11.35,3.03,0.0
20220702:2111,0.0,0.0,10.62,2.9,0.0
20220702:2211,0.0,0.0,9.94,2.83,0.0
20220702:2311,0.0,0.0,10.16,2.0,0.0
20220703:0011,0.0,0.0,10.59,2.0,0.0
20220703:0111,0.0,0.0,10.26,2.07,0.0
20220703:0211,0.0,0.0,10.23,1.79,0.0
20220703:0311,1.38,2.73,10.23,1.79,0.0
20220703:0411,6.88,9.03,10.34,2.28,0.0
20220703:0511,39.23,16.16,10.76,1.86,0.0
20220703:0611,117.64,23.79,10.66,2.14,0.0
20220703:0711,207.19,31.58,12.28,1.72,0.0
20220703:0811,105.45,39.12,12.9,1.79,0.0
20220703:0911,145.22,45.89,13.49,2.14,0.0
20220703:1011,99.8,51.15,14.01,2.62,0.0
20220703:1111,190.65,54.02,14.24,2.55,0.0
20220703:1211,273.24,53.82,13.93,2.21,0.0
20220703:1311,250.52,50.61,14.24,2.21,0.0
20220703:1411,231.94,45.12,15.04,2.0,0.0
20220703:1511,236.04,38.23,14.23,2.07,0.0
20220703:1611,151.13,30.63,13.83,2.07,0.0
20220703:1711,171.78,22.84,13.1,1.93,0.0
20220703:1811,109.16,15.25,12.83,1.59,0.0
20220703:1911,105.8,8.21,12.41,1.59,0.0
20220703:2011,0.69,2.03,11.44,1.03,0.0
20220703:2111,0.0,0.0,10.45,0.83,0.0
20220703:2211,0.0,0.0,9.53,0.55,0.0
20220703:2311,0.0,0.0,9.43,0.55,0.0
20220704:0011,0.0,0.0,9.46,0.48,0.0
20220704:0111,0.0,0.0,9.23,0.34,0.0
20220704:0211,0.0,0.0,9.14,0.14,0.0
20220704:0311,1.38,2.64,8.32,0.62,0.0
20220704:0411,6.88,8.94,8.81,0.76,0.0
20220704:0511,13.77,16.07,9.02,1.24,0.0
20220704:0611,33.55,23.7,10.19,1.66,0.0
20220704:0711,90.27,31.49,10.75,2.07,0.0
20220704:0811,203.78,39.03,11.05,2.28,0.0
20220704:0911,97.73,45.8,11.12,2.21,0.0
20220704:1011,145.22,51.06,11.5,2.69,0.0
20220704:1111,127.33,53.93,10.88,2.41,0.0
20220704:1211,195.46,53.75,11.08,2.41,0.0
20220704:1311,196.15,50.55,11.67,2.41,0.0
20220704:1411,117.0,45.07,11.24,2.21,0.0
20220704:1511,237.67,38.18,11.16,2.07,0.0
20220704:1611,59.91,30.58,10.9,1.79,0.0
20220704:1711,187.88,22.79,10.29,1.86,0.0
20220704:1811,37.55,15.2,9.53,1.93,0.0
20220704:1911,13.58,8.16,9.12,2.07,0.0
20220704:2011,0.69,1.97,8.2,1.45,0.0
20220704:2111,0.0,0.0,7.91,1.38,0.0
20220704:2211,0.0,0.0,7.93,1.24,0.0
20220704:2311,0.0,0.0,7.85,1.38,0.0
20220705:0011,0.0,0.0,7.88,1.52,0.0
20220705:0111,0.0,0.0,7.77,1.38,0.0
20220705:0211,0.0,0.0,7.77,1.17,0.0
20220705:0311,1.38,2.54,7.77,1.17,0.0
20220705:0411,6.88,8.84,7.82,1.38,0.0
20220705:0511,19.96,15.97,8.07,1.66,0.0
20220705:0611,64.71,23.6,8.73,1.52,0.0
20220705:0711,128.18,31.39,10.1,1.52,0.0
20220705:0811,181.69,38.93,10.15,1.79,0.0
20220705:0911,186.52,45.7,10.34,2.21,0.0
20220705:1011,209.23,50.96,11.68,2.07,0.0
20220705:1111,201.66,53.84,10.69,2.48,0.0
20220705:1211,214.05,53.66,11.81,2.48,0.0
20220705:1311,185.83,50.48,11.34,3.24,0.0
20220705:1411,83.28,45.01,11.5,3.86,0.0
20220705:1511,232.68,38.12,11.64,4.14,0.0
20220705:1611,221.56,30.53,11.11,4.07,0.0
20220705:1711,185.98,22.74,10.72,3.93,0.0
20220705:1811,207.75,15.15,9.98,3.86,0.0
20220705:1911,147.17,8.1,9.4,3.31,0.0
20220705:2011,3.44,1.91,8.46,3.38,0.0
20220705:2111,0.0,0.0,7.59,3.03,0.0
20220705:2211,0.0,0.0,7.04,2.9,0.0
20220705:2311,0.0,0.0,6.82,2.83,0.0
20220706:0011,0.0,0.0,7.26,2.97,0.0
20220706:0111,0.0,0.0,7.08,2.76,0.0
20220706:0211,0.0,0.0,6.83,2.62,0.0
20220706:0311,1.38,2.44,6.85,2.48,0.0
20220706:0411,39.92,8.74,7.13,1.93,0.0
20220706:0511,54.37,15.87,7.77,2.41,0.0
20220706:0611,60.71,23.5,9.13,2.97,0.0
20220706:0711,211.33,31.29,10.32,3.45,0.0
20220706:0811,241.05,38.83,11.02,3.1,0.0
20220706:0911,224.37,45.6,11.48,3.17,0.0
20220706:1011,225.06,50.86,11.48,3.52,0.0
20220706:1111,107.37,53.74,11.6,3.79,0.0
20220706:1211,117.69,53.57,11.17,3.86,0.0
20220706:1311,120.44,50.4,10.77,3.1,0.0
20220706:1411,132.14,44.94,10.7,2.76,0.0
20220706:1511,102.25,38.06,10.67,2.69,0.0
20220706:1611,80.68,30.47,11.25,2.21,0.0
20220706:1711,35.95,22.68,11.26,2.76,0.0
20220706:1811,39.94,15.09,11.2,1.86,0.0
20220706:1911,11.98,8.03,11.38,2.28,0.0
20220706:2011,0.69,1.84,11.12,1.93,0.0
20220706:2111,0.0,0.0,10.85,1.86,0.0
20220706:2211,0.0,0.0,10.67,1.45,0.0
20220706:2311,0.0,0.0,10.53,1.38,0.0
20220707:0011,0.0,0.0,10.49,2.21,0.0
20220707:0111,0.0,0.0,10.27,2.14,0.0
20220707:0211,0.0,0.0,9.91,3.17,0.0
20220707:0311,1.38,2.33,9.29,3.59,0.0
20220707:0411,11.01,8.63,8.75,3.52,0.0
20220707:0511,78.46,15.76,8.86,3.52,0.0
20220707:0611,274.95,23.39,9.55,4.34,0.0
20220707:0711,224.61,31.18,10.86,5.17,0.0
20220707:0811,154.96,38.72,12.36,4.69,0.0
20220707:0911,184.45,45.49,13.36,4.97,0.0
20220707:1011,108.74,50.75,14.24,4.97,0.0
20220707:1111,95.67,53.63,14.8,4.76,0.0
20220707:1211,88.78,53.48,15.41,4.76,0.0
20220707:1311,90.85,50.31,15.64,4.62,0.0
20220707:1411,90.16,44.86,15.52,4.62,0.0
20220707:1511,137.54,37.99,15.17,4.62,0.0
20220707:1611,209.6,30.41,14.5,4.48,0.0
20220707:1711,275.43,22.62,13.65,4.21,0.0
20220707:1811,195.82,15.02,12.56,3.79,0.0
20220707:1911,210.1,7.96,10.94,3.24,0.0
20220707:2011,5.51,1.76,9.71,3.31,0.0
20220707:2111,0.0,0.0,8.65,2.9,0.0
20220707:2211,0.0,0.0,7.94,2.55,0.0
20220707:2311,0.0,0.0,7.75,2.62,0.0
20220708:0011,0.0,0.0,7.77,2.69,0.0
20220708:0111,0.0,0.0,8.0,2.07,0.0
20220708:0211,0.0,0.0,8.17,1.72,0.0
20220708:0311,0.69,2.22,8.45,1.66,0.0
20220708:0411,6.19,8.52,9.0,2.0,0.0
20220708:0511,73.64,15.65,9.69,2.62,0.0
20220708:0611,195.31,23.28,10.42,3.03,0.0
20220708:0711,195.16,31.07,10.91,3.52,0.0
20220708:0811,238.43,38.61,11.22,3.52,0.0
20220708:0911,239.51,45.37,11.74,3.45,0.0
20220708:1011,238.82,50.63,11.81,3.45,0.0
20220708:1111,231.94,53.52,12.33,3.93,0.0
20220708:1211,240.89,53.37,12.62,4.28,0.0
20220708:1311,258.78,50.22,12.97,4.62,0.0
20220708:1411,227.12,44.78,13.03,4.62,0.0
20220708:1511,233.86,37.92,13.09,4.48,0.0
20220708:1611,77.49,30.34,12.43,3.79,0.0
20220708:1711,104.69,22.55,11.74,3.59,0.0
20220708:1811,24.76,14.95,11.05,3.31,0.0
20220708:1911,9.59,7.88,10.56,3.72,0.0
20220708:2011,0.69,1.67,10.03,3.17,0.0
20220708:2111,0.0,0.0,9.52,2.76,0.0
20220708:2211,0.0,0.0,9.06,2.9,0.0
20220708:2311,0.0,0.0,8.92,2.69,0.0
20220709:0011,0.0,0.0,8.43,3.59,0.0
20220709:0111,0.0,0.0,8.41,3.79,0.0
20220709:0211,0.0,0.0,8.31,4.14,0.0
20220709:0311,0.69,2.1,7.94,3.86,0.0
20220709:0411,6.19,8.4,7.91,3.17,0.0
20220709:0511,22.71,15.53,7.96,4.34,0.0
20220709:0611,85.48,23.17,9.0,4.14,0.0
20220709:0711,104.65,30.96,10.09,4.76,0.0
20220709:0811,162.25,38.49,10.05,4.28,0.0
20220709:0911,231.94,45.25,9.92,4.48,0.0
20220709:1011,119.07,50.51,11.04,4.83,0.0
20220709:1111,152.1,53.4,10.77,4.41,0.0
20220709:1211,263.6,53.26,11.48,4.69,0.0
20220709:1311,261.54,50.12,11.78,5.24,0.0
20220709:1411,205.1,44.7,11.7,5.52,0.0
20220709:1511,236.2,37.84,11.57,5.59,0.0
20220709:1611,192.13,30.26,11.27,5.59,0.0
20220709:1711,51.13,22.47,10.58,5.1,0.0
20220709:1811,17.57,14.87,10.04,4.62,0.0
20220709:1911,6.39,7.8,9.22,3.86,0.0
20220709:2011,0.69,1.58,8.59,3.86,0.0
20220709:2111,0.0,0.0,7.86,3.31,0.0
20220709:2211,0.0,0.0,7.55,3.24,0.0
20220709:2311,0.0,0.0,7.43,3.24,0.0
20220710:0011,0.0,0.0,7.3,3.31,0.0
20220710:0111,0.0,0.0,6.94,3.31,0.0
20220710:0211,0.0,0.0,6.63,3.31,0.0
20220710:0311,0.69,1.97,6.73,3.31,0.0
20220710:0411,37.17,8.28,6.85,2.97,0.0
20220710:0511,51.62,15.41,7.46,3.59,0.0
20220710:0611,283.89,23.05,8.59,3.52,0.0
20220710:0711,220.47,30.84,10.02,3.24,0.0
20220710:0811,143.92,38.37,11.48,3.17,0.0
20220710:0911,90.85,45.13,12.77,2.97,0.0
20220710:1011,98.42,50.38,13.93,2.76,0.0
20220710:1111,147.29,53.28,15.03,2.69,0.0
20220710:1211,200.28,53.14,15.71,2.9,0.0
20220710:1311,154.17,50.02,15.95,3.45,0.0
20220710:1411,204.41,44.6,15.87,3.66,0.0
20220710:1511,235.84,37.76,15.2,3.59,0.0
20220710:1611,214.29,30.18,14.07,3.52,0.0
20220710:1711,93.47,22.39,12.93,3.24,0.0
20220710:1811,225.99,14.78,12.03,2.69,0.0
20220710:1911,177.94,7.71,12.08,2.48,0.0
20220710:2011,0.69,1.49,10.81,2.28,0.0
20220710:2111,0.0,0.0,9.6,2.21,0.0
20220710:2211,0.0,0.0,8.83,2.14,0.0
20220710:2311,0.0,0.0,8.19,2.14,0.0
20220711:0011,0.0,0.0,7.86,2.14,0.0
20220711:0111,0.0,0.0,7.53,2.07,0.0
20220711:0211,0.0,0.0,7.53,2.0,0.0
20220711:0311,0.69,1.84,6.91,2.0,0.0
20220711:0411,31.66,8.15,7.35,1.93,0.0
20220711:0511,51.62,15.29,9.81,1.45,0.0
20220711:0611,278.53,22.92,13.03,1.31,0.0
20220711:0711,216.71,30.71,15.1,1.66,0.0
20220711:0811,142.14,38.25,16.59,1.93,0.0
20220711:0911,88.78,45.0,17.99,2.0,0.0
20220711:1011,84.65,50.25,19.28,1.79,0.0
20220711:1111,89.47,53.15,20.07,1.93,0.0
20220711:1211,96.36,53.02,20.46,2.34,0.0
20220711:1311,255.34,49.91,20.45,2.62,0.0
20220711:1411,205.79,44.5,20.17,2.9,0.0
20220711:1511,137.43,37.66,19.39,3.03,0.0
20220711:1611,201.07,30.09,18.56,2.83,0.0
20220711:1711,256.05,22.3,17.79,2.34,0.0
20220711:1811,253.23,14.69,17.15,1.86,0.0
20220711:1911,12.78,7.61,16.38,1.24,0.0
20220711:2011,0.69,1.38,15.16,0.9,0.0
20220711:2111,0.0,0.0,13.8,0.48,0.0
20220711:2211,0.0,0.0,13.2,0.69,0.0
20220711:2311,0.0,0.0,12.5,0.9,0.0
20220712:0011,0.0,0.0,12.64,0.83,0.0
20220712:0111,0.0,0.0,13.08,0.48,0.0
20220712:0211,0.0,0.0,13.03,0.34,0.0
20220712:0311,0.69,1.71,12.73,0.62,0.0
20220712:0411,9.64,8.02,12.42,0.76,0.0
20220712:0511,19.96,15.16,12.22,0.83,0.0
20220712:0611,60.71,22.79,13.68,0.83,0.0
20220712:0711,100.65,30.58,14.43,1.52,0.0
20220712:0811,175.22,38.11,15.24,1.79,0.0
20220712:0911,114.94,44.86,15.88,1.93,0.0
20220712:1011,126.64,50.11,16.2,2.0,0.0
20220712:1111,162.43,53.01,17.47,2.41,0.0
20220712:1211,123.89,52.89,17.39,2.55,0.0
20220712:1311,154.17,49.79,17.56,2.34,0.0
20220712:1411,222.99,44.4,17.79,1.59,0.0
20220712:1511,208.78,37.57,18.42,1.59,0.0
20220712:1611,120.14,30.0,18.0,1.45,0.0
20220712:1711,168.08,22.21,17.53,1.38,0.0
20220712:1811,44.73,14.6,16.54,1.38,0.0
20220712:1911,9.59,7.51,14.77,1.52,0.0
20220712:2011,0.0,0.0,14.08,1.17,0.0
20220712:2111,0.0,0.0,13.12,1.1,0.0
20220712:2211,0.0,0.0,12.22,1.1,0.0
20220712:2311,0.0,0.0,12.04,0.9,0.0
20220713:0011,0.0,0.0,11.96,0.76,0.0
20220713:0111,0.0,0.0,12.04,0.48,0.0
20220713:0211,0.0,0.0,11.79,0.21,0.0
20220713:0311,0.69,1.56,11.59,0.21,0.0
20220713:0411,35.79,7.88,11.57,0.21,0.0
20220713:0511,46.8,15.02,11.91,0.28,0.0
20220713:0611,99.94,22.66,12.31,0.48,0.0
20220713:0711,44.73,30.45,12.73,2.0,0.0
20220713:0811,237.18,37.98,12.47,2.0,0.0
20220713:0911,212.67,44.72,12.06,3.03,0.0
20220713:1011,252.59,49.97,12.76,3.45,0.0
20220713:1111,256.03,52.87,12.62,4.14,0.0
20220713:1211,209.23,52.75,12.15,4.14,0.0
20220713:1311,167.93,49.66,11.97,3.86,0.0
20220713:1411,227.81,44.28,12.02,4.0,0.0
20220713:1511,193.54,37.46,11.78,3.79,0.0
20220713:1611,145.02,29.9,11.35,3.86,0.0
20220713:1711,108.67,22.11,10.53,4.21,0.0
20220713:1811,76.81,14.49,10.51,4.14,0.0
20220713:1911,20.77,7.4,9.71,4.07,0.0
20220713:2011,0.0,0.0,9.16,3.17,0.0
20220713:2111,0.0,0.0,8.73,3.03,0.0
20220713:2211,0.0,0.0,8.76,3.38,0.0
20220713:2311,0.0,0.0,8.65,2.34,0.0
20220714:0011,0.0,0.0,8.39,2.28,0.0
20220714:0111,0.0,0.0,8.0,2.9,0.0
20220714:0211,0.0,0.0,7.67,2.69,0.0
20220714:0311,0.69,1.42,7.75,2.83,0.0
20220714:0411,5.51,7.74,7.75,3.03,0.0
20220714:0511,16.52,14.88,8.02,3.45,0.0
20220714:0611,31.15,22.52,8.41,3.59,0.0
20220714:0711,165.11,30.31,9.33,2.83,0.0
20220714:0811,143.79,37.84,9.51,2.83,0.0
20220714:0911,235.38,44.58,9.38,3.45,0.0
20220714:1011,253.28,49.82,10.79,3.24,0.0
20220714:1111,228.5,52.72,11.08,3.72,0.0
20220714:1211,246.39,52.61,11.72,4.34,0.0
20220714:1311,258.09,49.53,11.5,4.83,0.0
20220714:1411,233.32,44.16,11.5,5.38,0.0
20220714:1511,229.76,37.35,11.07,5.31,0.0
20220714:1611,94.26,29.79,11.08,5.31,0.0
20220714:1711,154.69,22.0,10.48,5.03,0.0
20220714:1811,46.33,14.38,9.89,4.76,0.0
20220714:1911,13.58,7.28,9.16,4.14,0.0
20220714:2011,0.0,0.0,8.34,3.86,0.0
20220714:2111,0.0,0.0,7.46,3.52,0.0
20220714:2211,0.0,0.0,6.89,3.24,0.0
20220714:2311,0.0,0.0,6.5,3.03,0.0
20220715:0011,0.0,0.0,6.11,2.9,0.0
20220715:0111,0.0,0.0,5.83,2.9,0.0
20220715:0211,0.0,0.0,5.53,2.83,0.0
20220715:0311,0.0,0.0,5.34,2.76,0.0
20220715:0411,7.57,7.59,5.71,2.83,0.0
20220715:0511,73.64,14.74,6.67,2.55,0.0
20220715:0611,142.46,22.38,8.21,3.93,0.0
20220715:0711,218.26,30.17,9.53,3.79,0.0
20220715:0811,237.65,37.7,10.26,3.52,0.0
20220715:0911,170.0,44.43,10.47,3.38,0.0
20220715:1011,143.16,49.67,10.85,3.17,0.0
20220715:1111,271.86,52.56,11.48,3.24,0.0
20220715:1211,232.63,52.46,11.29,3.45,0.0
20220715:1311,258.78,49.4,11.33,3.72,0.0
20220715:1411,171.37,44.04,11.38,3.66,0.0
20220715:1511,232.12,37.23,10.99,3.66,0.0
20220715:1611,214.45,29.68,10.57,3.72,0.0
20220715:1711,222.05,21.89,9.66,3.52,0.0
20220715:1811,108.09,14.27,8.77,3.31,0.0
20220715:1911,12.78,7.16,8.05,3.03,0.0
20220715:2011,0.0,0.0,7.42,2.69,0.0
20220715:2111,0.0,0.0,6.48,2.9,0.0
20220715:2211,0.0,0.0,6.22,3.17,0.0
20220715:2311,0.0,0.0,6.39,3.93,0.0
20220716:0011,0.0,0.0,6.3,3.24,0.0
20220716:0111,0.0,0.0,6.07,3.17,0.0
20220716:0211,0.0,0.0,6.01,3.03,0.0
20220716:0311,0.0,0.0,5.56,2.83,0.0
20220716:0411,33.72,7.44,5.86,2.97,0.0
20220716:0511,71.58,14.59,6.93,3.86,0.0
20220716:0611,258.84,22.24,8.15,4.21,0.0
20220716:0711,218.97,30.02,9.78,3.93,0.0
20220716:0811,148.89,37.55,10.9,4.21,0.0
20220716:0911,139.71,44.28,12.0,4.21,0.0
20220716:1011,97.04,49.51,12.87,4.14,0.0
20220716:1111,154.86,52.4,13.61,4.34,0.0
20220716:1211,120.44,52.31,13.99,4.48,0.0
20220716:1311,112.87,49.25,14.05,4.55,0.0
20220716:1411,107.37,43.91,14.0,4.41,0.0
20220716:1511,122.24,37.11,13.57,4.41,0.0
20220716:1611,194.3,29.56,12.86,4.55,0.0
20220716:1711,245.16,21.77,11.9,4.48,0.0
20220716:1811,246.45,14.14,10.87,3.93,0.0
20220716:1911,64.73,7.03,9.94,3.52,0.0
20220716:2011,0.0,0.0,8.89,3.24,0.0
20220716:2111,0.0,0.0,8.32,2.9,0.0
20220716:2211,0.0,0.0,7.79,2.41,0.0
20220716:2311,0.0,0.0,7.39,2.07,0.0
20220717:0011,0.0,0.0,6.99,2.34,0.0
20220717:0111,0.0,0.0,6.89,2.76,0.0
20220717:0211,0.0,0.0,6.89,2.69,0.0
20220717:0311,0.0,0.0,6.89,2.48,0.0
20220717:0411,30.97,7.29,7.23,2.41,0.0
20220717:0511,15.83,14.44,7.52,2.07,0.0
20220717:0611,199.72,22.09,8.78,1.79,0.0
20220717:0711,177.32,29.87,10.6,1.59,0.0
20220717:0811,224.58,37.39,12.32,3.1,0.0
20220717:0911,195.46,44.12,12.6,3.1,0.0
20220717:1011,130.77,49.35,13.48,3.03,0.0
20220717:1111,143.16,52.23,14.43,3.17,0.0
20220717:1211,170.0,52.14,15.01,3.17,0.0
20220717:1311,186.52,49.1,15.27,3.31,0.0
20220717:1411,90.16,43.77,14.77,2.76,0.0
20220717:1511,106.25,36.98,14.21,2.21,0.0
20220717:1611,68.7,29.43,14.19,2.48,0.0
20220717:1711,40.74,21.64,13.58,2.21,0.0
20220717:1811,41.54,14.01,13.15,1.52,0.0
20220717:1911,7.19,6.9,12.08,0.97,0.0
20220717:2011,0.0,0.0,11.82,0.83,0.0
20220717:2111,0.0,0.0,11.42,0.55,0.0
20220717:2211,0.0,0.0,11.14,0.55,0.0
20220717:2311,0.0,0.0,10.94,0.62,0.0
20220718:0011,0.0,0.0,10.97,0.83,0.0
20220718:0111,0.0,0.0,11.01,0.55,0.0
20220718:0211,0.0,0.0,11.17,0.62,0.0
20220718:0311,0.0,0.0,11.32,0.69,0.0
20220718:0411,4.82,7.13,11.57,1.1,0.0
20220718:0511,62.63,14.29,11.75,0.97,0.0
20220718:0611,92.7,21.93,12.11,1.03,0.0
20220718:0711,206.02,29.72,13.55,0.97,0.0
20220718:0811,216.29,37.24,14.65,1.31,0.0
20220718:0911,198.22,43.96,16.05,1.31,0.0
20220718:1011,251.21,49.18,18.47,2.14,0.0
20220718:1111,260.16,52.06,19.59,3.24,0.0
20220718:1211,223.68,51.98,19.96,3.38,0.0
20220718:1311,174.82,48.94,20.29,3.45,0.0
20220718:1411,187.2,43.62,20.2,3.31,0.0
20220718:1511,172.81,36.84,19.63,3.31,0.0
20220718:1611,202.91,29.3,19.07,3.17,0.0
20220718:1711,202.62,21.51,18.37,2.83,0.0
20220718:1811,64.35,13.88,17.56,2.21,0.0
20220718:1911,155.26,6.76,16.37,2.14,0.0
20220718:2011,0.0,0.0,15.04,1.45,0.0
20220718:2111,0.0,0.0,13.45,1.24,0.0
20220718:2211,0.0,0.0,11.97,1.31,0.0
20220718:2311,0.0,0.0,11.25,1.24,0.0
20220719:0011,0.0,0.0,10.57,1.31,0.0
20220719:0111,0.0,0.0,9.6,1.45,0.0
20220719:0211,0.0,0.0,9.04,1.45,0.0
20220719:0311,0.0,0.0,8.45,1.38,0.0
20220719:0411,30.28,6.96,8.85,1.24,0.0
20220719:0511,69.51,14.13,11.42,0.69,0.0
20220719:0611,229.66,21.78,15.5,0.69,0.0
20220719:0711,208.73,29.56,17.77,0.55,0.0
20220719:0811,163.51,37.08,19.12,1.24,0.0
20220719:0911,112.18,43.79,20.35,1.31,0.0
20220719:1011,103.93,49.0,21.81,1.66,0.0
20220719:1111,105.99,51.88,23.03,1.79,0.0
20220719:1211,100.48,51.8,23.74,2.21,0.0
20220719:1311,112.87,48.78,23.61,2.76,0.0
20220719:1411,115.63,43.47,23.11,2.9,0.0
20220719:1511,133.36,36.7,22.6,2.62,0.0
20220719:1611,191.9,29.16,22.1,2.21,0.0
20220719:1711,218.95,21.37,21.63,1.79,0.0
20220719:1811,153.44,13.74,20.85,1.52,0.0
20220719:1911,99.79,6.61,19.63,1.79,0.0
20220719:2011,0.0,0.0,17.8,1.79,0.0
20220719:2111,0.0,0.0,15.86,1.79,0.0
20220719:2211,0.0,0.0,14.39,1.72,0.0
20220719:2311,0.0,0.0,13.67,1.79,0.0
20220720:0011,0.0,0.0,13.69,1.86,0.0
20220720:0111,0.0,0.0,13.91,2.0,0.0
20220720:0211,0.0,0.0,14.05,1.86,0.0
20220720:0311,0.0,0.0,13.92,1.93,0.0
20220720:0411,13.08,6.79,13.89,2.0,0.0
20220720:0511,67.45,13.96,15.0,1.86,0.0
20220720:0611,234.49,21.61,18.37,1.79,0.0
20220720:0711,203.22,29.4,20.35,1.93,0.0
20220720:0811,152.32,36.91,21.53,3.03,0.0
20220720:0911,107.37,43.62,22.71,3.38,0.0
20220720:1011,127.33,48.82,23.93,3.66,0.0
20220720:1111,125.95,51.7,24.7,3.45,0.0
20220720:1211,130.77,51.62,24.65,3.17,0.0
20220720:1311,147.29,48.61,25.17,3.1,0.0
20220720:1411,130.77,43.31,25.27,2.97,0.0
20220720:1511,170.72,36.55,24.25,2.48,0.0
20220720:1611,200.92,29.02,23.59,1.31,0.0
20220720:1711,148.27,21.23,23.07,0.62,0.0
20220720:1811,58.54,13.59,22.14,0.41,0.0
20220720:1911,5.59,6.46,22.09,1.59,0.0
20220720:2011,0.0,0.0,20.01,1.1,0.0
20220720:2111,0.0,0.0,19.96,0.28,0.0
20220720:2211,0.0,0.0,18.24,1.45,0.0
20220720:2311,0.0,0.0,17.94,1.66,0.0
20220721:0011,0.0,0.0,17.17,2.0,0.0
20220721:0111,0.0,0.0,16.58,2.07,0.0
20220721:0211,0.0,0.0,15.92,2.0,0.0
20220721:0311,0.0,0.0,15.36,2.0,0.0
20220721:0411,4.13,6.62,15.1,2.07,0.0
20220721:0511,48.87,13.79,15.25,1.93,0.0
20220721:0611,148.38,21.45,15.81,2.14,0.0
20220721:0711,154.87,29.24,17.21,1.86,0.0
20220721:0811,216.35,36.74,17.89,2.21,0.0
20220721:0911,161.05,43.44,18.03,2.55,0.0
20220721:1011,222.99,48.64,18.6,2.83,0.0
20220721:1111,245.02,51.51,19.27,3.17,0.0
20220721:1211,262.22,51.44,19.88,3.52,0.0
20220721:1311,247.77,48.44,20.37,3.66,0.0
20220721:1411,209.23,43.15,20.26,3.66,0.0
20220721:1511,218.39,36.4,19.56,3.79,0.0
20220721:1611,196.95,28.87,18.44,3.93,0.0
20220721:1711,154.43,21.08,17.15,3.79,0.0
20220721:1811,50.33,13.44,16.01,3.45,0.0
20220721:1911,17.57,6.3,15.23,2.9,0.0
20220721:2011,0.0,0.0,14.09,3.03,0.0
20220721:2111,0.0,0.0,12.84,2.83,0.0
20220721:2211,0.0,0.0,12.06,2.83,0.0
20220721:2311,0.0,0.0,11.56,2.69,0.0
20220722:0011,0.0,0.0,11.07,2.62,0.0
20220722:0111,0.0,0.0,11.3,2.55,0.0
20220722:0211,0.0,0.0,11.12,2.55,0.0
20220722:0311,0.0,0.0,11.35,2.48,0.0
20220722:0411,28.22,6.45,11.74,2.34,0.0
20220722:0511,57.12,13.62,13.34,2.0,0.0
20220722:0611,171.92,21.28,15.07,1.66,0.0
20220722:0711,208.57,29.07,16.93,1.59,0.0
20220722:0811,165.79,36.57,18.72,1.45,0.0
20220722:0911,199.59,43.26,20.36,0.97,0.0
20220722:1011,192.71,48.45,21.7,0.48,0.0
20220722:1111,214.05,51.32,22.74,0.34,0.0
20220722:1211,92.23,51.24,23.11,1.24,0.0
20220722:1311,107.37,48.25,22.68,1.86,0.0
20220722:1411,102.55,42.98,21.8,2.07,0.0
20220722:1511,121.4,36.24,20.44,1.79,0.0
20220722:1611,197.74,28.71,20.01,1.31,0.0
20220722:1711,114.01,20.92,19.37,1.1,0.0
20220722:1811,47.93,13.28,18.42,0.83,0.0
20220722:1911,7.19,6.13,17.08,1.45,0.0
20220722:2011,0.0,0.0,15.93,1.38,0.0
20220722:2111,0.0,0.0,14.97,1.17,0.0
20220722:2211,0.0,0.0,14.22,0.97,0.0
20220722:2311,0.0,0.0,13.52,1.03,0.0
20220723:0011,0.0,0.0,13.03,1.1,0.0
20220723:0111,0.0,0.0,12.75,0.9,0.0
20220723:0211,0.0,0.0,12.62,1.1,0.0
20220723:0311,0.0,0.0,12.87,1.24,0.0
20220723:0411,7.57,6.27,12.69,1.03,0.0
20220723:0511,11.01,13.45,12.71,0.83,0.0
20220723:0611,41.54,21.11,12.63,0.69,0.0
20220723:0711,103.05,28.89,12.5,0.76,0.0
20220723:0811,163.81,36.39,12.86,0.41,0.0
20220723:0911,129.39,43.08,13.77,1.24,0.0
20220723:1011,137.65,48.25,14.01,1.66,0.0
20220723:1111,200.28,51.11,14.02,1.72,0.0
20220723:1211,167.93,51.05,13.84,1.79,0.0
20220723:1311,156.92,48.07,13.55,1.86,0.0
20220723:1411,170.69,42.8,14.17,1.66,0.0
20220723:1511,215.72,36.07,14.43,1.72,0.0
20220723:1611,192.1,28.55,14.55,2.21,0.0
20220723:1711,171.05,20.76,13.71,2.41,0.0
20220723:1811,161.01,13.12,12.88,2.21,0.0
20220723:1911,42.79,5.96,11.2,2.21,0.0
20220723:2011,0.0,0.0,10.25,2.21,0.0
20220723:2111,0.0,0.0,9.39,2.07,0.0
20220723:2211,0.0,0.0,8.85,1.45,0.0
20220723:2311,0.0,0.0,8.3,1.03,0.0
20220724:0011,0.0,0.0,7.47,0.9,0.0
20220724:0111,0.0,0.0,7.91,0.76,0.0
20220724:0211,0.0,0.0,7.85,0.14,0.0
20220724:0311,0.0,0.0,7.75,0.41,0.0
20220724:0411,24.78,6.08,7.76,0.48,0.0
20220724:0511,11.01,13.27,8.75,0.55,0.0
20220724:0611,68.7,20.93,10.31,0.83,0.0
20220724:0711,56.72,28.72,11.88,1.52,0.0
20220724:0811,68.7,36.21,12.4,2.76,0.0
20220724:0911,65.38,42.89,12.45,3.93,0.0
20220724:1011,101.86,48.06,12.33,4.0,0.0
20220724:1111,70.89,50.91,12.84,3.52,0.0
20220724:1211,78.46,50.84,13.49,4.14,0.0
20220724:1311,60.57,47.87,13.8,3.38,0.0
20220724:1411,50.93,42.62,14.04,2.14,0.0
20220724:1511,84.68,35.9,14.62,2.14,0.0
20220724:1611,72.69,28.38,14.61,2.07,0.0
20220724:1711,68.7,20.59,14.42,2.83,0.0
20220724:1811,11.98,12.95,13.89,3.24,0.0
20220724:1911,6.39,5.79,13.48,2.41,0.0
20220724:2011,0.0,0.0,12.98,2.14,0.0
20220724:2111,0.0,0.0,12.82,2.14,0.0
20220724:2211,0.0,0.0,12.84,2.34,0.0
20220724:2311,0.0,0.0,12.9,2.21,0.0
20220725:0011,0.0,0.0,13.13,2.83,0.0
20220725:0111,0.0,0.0,13.21,2.14,0.0
20220725:0211,0.0,0.0,13.22,2.41,0.0
20220725:0311,0.0,0.0,13.27,2.21,0.0
20220725:0411,3.44,5.9,13.42,2.0,0.0
20220725:0511,10.32,13.09,13.43,1.93,0.0
20220725:0611,21.57,20.76,13.46,1.93,0.0
20220725:0711,67.1,28.54,14.38,1.93,0.0
20220725:0811,86.27,36.03,14.82,2.83,0.0
20220725:0911,132.14,42.69,14.36,2.76,0.0
20220725:1011,71.58,47.85,14.56,3.24,0.0
20220725:1111,0.0,0.0,15.23,3.79,0.0
20220725:1211,88.1,50.63,15.52,4.07,0.0
20220725:1311,121.82,47.67,14.88,3.72,0.0
20220725:1411,158.99,42.43,14.84,2.14,0.0
20220725:1511,133.41,35.72,15.0,1.86,0.0
20220725:1611,109.44,28.21,14.37,2.34,0.0
20220725:1711,128.73,20.42,13.48,2.21,0.0
20220725:1811,44.73,12.77,12.79,2.28,0.0
20220725:1911,48.17,5.6,12.13,1.66,0.0
20220725:2011,0.0,0.0,11.18,2.0,0.0
20220725:2111,0.0,0.0,10.42,2.0,0.0
20220725:2211,0.0,0.0,9.93,2.21,0.0
20220725:2311,0.0,0.0,9.37,2.9,0.0
20220726:0011,0.0,0.0,8.98,3.31,0.0
20220726:0111,0.0,0.0,8.67,2.83,0.0
20220726:0211,0.0,0.0,8.37,2.9,0.0
20220726:0311,0.0,0.0,8.07,3.03,0.0
20220726:0411,3.44,5.71,7.73,3.31,0.0
20220726:0511,48.18,12.9,7.77,3.66,0.0
20220726:0611,131.58,20.57,7.87,4.76,0.0
20220726:0711,195.27,28.35,8.7,4.9,0.0
20220726:0811,184.35,35.84,8.96,5.17,0.0
20220726:0911,211.29,42.5,9.22,4.76,0.0
20220726:1011,195.46,47.64,9.47,5.59,0.0
20220726:1111,251.9,50.48,9.75,6.0,0.0
20220726:1211,254.65,50.42,10.0,6.14,0.0
20220726:1311,185.83,47.47,9.8,6.14,0.0
20220726:1411,167.25,42.24,9.62,5.93,0.0
20220726:1511,129.41,35.53,9.75,6.0,0.0
20220726:1611,100.65,28.03,9.68,6.28,0.0
20220726:1711,94.15,20.24,9.63,5.93,0.0
20220726:1811,24.76,12.59,9.25,5.38,0.0
20220726:1911,18.58,5.41,8.4,4.97,0.0
20220726:2011,0.0,0.0,8.31,4.21,0.0
20220726:2111,0.0,0.0,8.18,4.0,0.0
20220726:2211,0.0,0.0,8.09,4.55,0.0
20220726:2311,0.0,0.0,7.93,4.28,0.0
20220727:0011,0.0,0.0,7.55,4.0,0.0
20220727:0111,0.0,0.0,7.25,3.93,0.0
20220727:0211,0.0,0.0,7.19,3.79,0.0
20220727:0311,0.0,0.0,6.99,3.66,0.0
20220727:0411,17.21,5.51,6.95,3.52,0.0
20220727:0511,53.0,12.72,7.52,4.28,0.0
20220727:0611,240.3,20.39,8.29,4.34,0.0
20220727:0711,181.05,28.17,9.19,4.62,0.0
20220727:0811,108.89,35.65,10.49,4.21,0.0
20220727:0911,136.27,42.3,11.61,4.21,0.0
20220727:1011,153.48,47.43,12.27,4.0,0.0
20220727:1111,98.42,50.26,13.23,3.86,0.0
20220727:1211,90.85,50.2,13.58,3.93,0.0
20220727:1311,101.17,47.25,13.49,4.07,0.0
20220727:1411,88.1,42.04,13.23,4.14,0.0
20220727:1511,84.29,35.34,12.83,4.07,0.0
20220727:1611,162.02,27.84,12.32,3.93,0.0
20220727:1711,222.01,20.06,11.6,3.66,0.0
20220727:1811,191.64,12.4,10.97,3.45,0.0
20220727:1911,22.02,5.22,9.86,2.62,0.0
20220727:2011,0.0,0.0,8.73,2.34,0.0
20220727:2111,0.0,0.0,7.94,2.21,0.0
20220727:2211,0.0,0.0,7.47,2.14,0.0
20220727:2311,0.0,0.0,6.61,2.07,0.0
20220728:0011,0.0,0.0,6.31,2.07,0.0
20220728:0111,0.0,0.0,5.92,1.86,0.0
20220728:0211,0.0,0.0,5.16,1.72,0.0
20220728:0311,0.0,0.0,4.7,1.72,0.0
20220728:0411,22.71,5.31,4.57,1.79,0.0
20220728:0511,44.74,12.52,6.45,1.45,0.0
20220728:0611,239.35,20.2,10.72,1.17,0.0
20220728:0711,174.26,27.98,13.63,1.1,0.0
20220728:0811,93.92,35.45,15.66,1.79,0.0
20220728:0911,86.03,42.09,16.91,2.41,0.0
20220728:1011,86.03,47.21,17.73,2.62,0.0
20220728:1111,83.97,50.04,18.39,2.62,0.0
20220728:1211,93.6,49.97,19.0,2.62,0.0
20220728:1311,114.94,47.04,19.19,2.62,0.0
20220728:1411,117.0,41.83,18.93,2.48,0.0
20220728:1511,76.86,35.14,18.09,2.21,0.0
20220728:1611,156.86,27.65,17.92,1.86,0.0
20220728:1711,221.65,19.86,17.36,1.79,0.0
20220728:1811,242.82,12.2,16.51,1.45,0.0
20220728:1911,18.58,5.02,14.71,1.17,0.0
20220728:2011,0.0,0.0,13.19,1.1,0.0
20220728:2111,0.0,0.0,11.18,1.24,0.0
20220728:2211,0.0,0.0,10.09,1.31,0.0
20220728:2311,0.0,0.0,9.4,1.31,0.0
20220729:0011,0.0,0.0,8.33,1.45,0.0
20220729:0111,0.0,0.0,6.85,1.66,0.0
20220729:0211,0.0,0.0,6.14,1.52,0.0
20220729:0311,0.0,0.0,5.78,1.38,0.0
20220729:0411,3.44,5.11,5.95,1.31,0.0
20220729:0511,58.5,12.33,7.97,1.03,0.0
20220729:0611,233.44,20.01,10.64,1.03,0.0
20220729:0711,172.89,27.79,12.2,2.14,0.0
20220729:0811,96.11,35.25,13.22,2.41,0.0
20220729:0911,158.99,41.88,14.2,2.97,0.0
20220729:1011,205.1,46.99,15.11,3.03,0.0
20220729:1111,203.72,49.81,15.75,2.9,0.0
20220729:1211,235.38,49.74,16.65,2.97,0.0
20220729:1311,214.05,46.81,16.63,2.62,0.0
20220729:1411,211.29,41.62,16.69,2.34,0.0
20220729:1511,156.23,34.94,16.58,2.14,0.0
20220729:1611,180.56,27.45,16.44,2.14,0.0
20220729:1711,210.98,19.67,15.9,2.21,0.0
20220729:1811,157.5,12.0,14.8,1.93,0.0
20220729:1911,19.96,4.81,13.5,0.9,0.0
20220729:2011,0.0,0.0,12.17,0.83,0.0
20220729:2111,0.0,0.0,10.68,0.9,0.0
20220729:2211,0.0,0.0,9.8,1.17,0.0
20220729:2311,0.0,0.0,8.96,1.45,0.0
20220730:0011,0.0,0.0,8.28,1.52,0.0
20220730:0111,0.0,0.0,7.68,1.66,0.0
20220730:0211,0.0,0.0,7.23,1.72,0.0
20220730:0311,0.0,0.0,7.18,1.79,0.0
20220730:0411,18.58,4.91,7.56,1.79,0.0
20220730:0511,41.3,12.13,9.39,1.45,0.0
20220730:0611,98.26,19.81,12.11,1.59,0.0
20220730:0711,187.57,27.59,13.94,3.38,0.0
20220730:0811,191.3,35.05,14.24,3.52,0.0
20220730:0911,143.16,41.67,15.16,3.59,0.0
20220730:1011,119.76,46.77,16.18,3.66,0.0
20220730:1111,206.48,49.57,16.74,3.72,0.0
20220730:1211,254.65,49.5,16.9,3.72,0.0
20220730:1311,187.2,46.58,16.48,3.45,0.0
20220730:1411,141.78,41.4,16.48,3.45,0.0
20220730:1511,130.08,34.73,16.25,3.45,0.0
20220730:1611,115.23,27.25,15.42,2.41,0.0
20220730:1711,86.12,19.47,15.01,1.93,0.0
20220730:1811,30.36,11.8,14.75,1.59,0.0
20220730:1911,19.27,4.6,13.8,1.38,0.0
20220730:2011,0.0,0.0,12.84,1.31,0.0
20220730:2111,0.0,0.0,11.73,1.38,0.0
20220730:2211,0.0,0.0,11.2,1.45,0.0
20220730:2311,0.0,0.0,11.0,1.45,0.0
20220731:0011,0.0,0.0,11.04,1.31,0.0
20220731:0111,0.0,0.0,10.75,1.38,0.0
20220731:0211,0.0,0.0,10.58,1.24,0.0
20220731:0311,0.0,0.0,10.32,1.31,0.0
20220731:0411,2.75,4.7,10.38,1.03,0.0
20220731:0511,15.83,11.93,11.16,0.97,0.0
20220731:0611,41.54,19.61,12.17,1.52,0.0
20220731:0711,37.55,27.39,12.47,0.83,0.0
20220731:0811,135.0,34.85,12.8,0.76,0.0
20220731:0911,142.47,41.45,13.25,0.9,0.0
20220731:1011,166.56,46.54,13.74,1.17,0.0
20220731:1111,220.93,49.33,14.03,1.03,0.0
20220731:1211,192.71,49.26,14.26,1.24,0.0
20220731:1311,208.54,46.35,14.11,1.66,0.0
20220731:1411,55.75,41.18,14.34,1.52,0.0
20220731:1511,33.04,34.52,14.04,1.24,0.0
20220731:1611,176.44,27.04,13.47,1.1,0.0
20220731:1711,152.31,19.26,13.55,1.17,0.0
20220731:1811,136.37,11.59,13.16,1.38,0.0
20220731:1911,17.21,4.38,12.64,2.0,0.0
20220731:2011,0.0,0.0,11.08,2.14,0.0
20220731:2111,0.0,0.0,9.9,2.07,0.0
20220731:2211,0.0,0.0,9.06,2.07,0.0
20220731:2311,0.0,0.0,8.01,2.21,0.0
20220801:0011,0.0,0.0,7.41,2.48,0.0
20220801:0111,0.0,0.0,6.95,2.76,0.0
20220801:0211,0.0,0.0,6.56,2.9,0.0
20220801:0311,0.0,0.0,6.33,2.9,0.0
20220801:0411,13.08,4.49,6.27,2.83,0.0
20220801:0511,46.11,11.73,6.79,3.03,0.0
20220801:0611,60.57,19.41,7.85,3.03,0.0
20220801:0711,164.83,27.19,9.43,3.86,0.0
20220801:0811,90.0,34.64,10.49,4.21,0.0
20220801:0911,93.6,41.23,11.56,4.34,0.0
20220801:1011,83.97,46.3,12.43,4.34,0.0
20220801:1111,95.67,49.08,13.03,4.34,0.0
20220801:1211,100.48,49.01,13.45,4.41,0.0
20220801:1311,98.42,46.11,13.82,4.34,0.0
20220801:1411,83.28,40.95,13.9,4.21,0.0
20220801:1511,77.08,34.3,13.65,4.07,0.0
20220801:1611,142.89,26.82,13.14,3.79,0.0
20220801:1711,211.56,19.04,12.5,3.38,0.0
20220801:1811,242.29,11.37,11.69,2.62,0.0
20220801:1911,15.14,4.16,10.27,2.14,0.0
20220801:2011,0.0,0.0,9.0,1.52,0.0
20220801:2111,0.0,0.0,7.82,1.1,0.0
20220801:2211,0.0,0.0,8.01,0.69,0.0
20220801:2311,0.0,0.0,8.2,0.48,0.0
20220802:0011,0.0,0.0,7.42,0.76,0.0
20220802:0111,0.0,0.0,6.88,0.83,0.0
20220802:0211,0.0,0.0,6.96,0.9,0.0
20220802:0311,0.0,0.0,7.05,1.1,0.0
20220802:0411,3.44,4.27,7.4,1.38,0.0
20220802:0511,9.64,11.52,8.48,1.79,0.0
20220802:0611,22.02,19.21,9.5,2.07,0.0
20220802:0711,43.14,26.98,9.9,3.66,0.0
20220802:0811,55.06,34.42,10.59,3.86,0.0
20220802:0911,68.14,41.01,10.9,3.86,0.0
20220802:1011,98.42,46.07,11.11,3.79,0.0
20220802:1111,103.93,48.83,11.57,4.14,0.0
20220802:1211,100.48,48.76,11.85,3.38,0.0
20220802:1311,61.94,45.86,12.16,2.55,0.0
20220802:1411,48.87,40.71,12.66,2.14,0.0
20220802:1511,98.42,34.07,13.25,1.66,0.0
20220802:1611,87.07,26.6,13.53,1.17,0.0
20220802:1711,81.39,18.82,14.19,1.93,0.0
20220802:1811,23.97,11.15,14.62,2.21,0.0
20220802:1911,10.32,3.93,14.28,1.93,0.0
20220802:2011,0.0,0.0,14.12,1.66,0.0
20220802:2111,0.0,0.0,13.86,1.66,0.0
20220802:2211,0.0,0.0,13.79,1.52,0.0
20220802:2311,0.0,0.0,13.68,1.52,0.0
20220803:0011,0.0,0.0,13.61,1.59,0.0
20220803:0111,0.0,0.0,13.78,1.72,0.0
20220803:0211,0.0,0.0,13.94,1.86,0.0
20220803:0311,0.0,0.0,13.8,1.59,0.0
20220803:0411,2.06,4.06,13.87,1.86,0.0
20220803:0511,33.04,11.31,14.05,2.41,0.0
20220803:0611,30.28,19.0,14.33,3.17,0.0
20220803:0711,71.9,26.78,15.44,1.93,0.0
20220803:0811,51.62,34.21,15.52,3.79,0.0
20220803:0911,87.41,40.78,15.24,2.97,0.0
20220803:1011,49.55,45.82,15.3,2.28,0.0
20220803:1111,79.15,48.58,16.32,2.34,0.0
20220803:1211,110.81,48.5,16.39,3.24,0.0
20220803:1311,187.2,45.61,16.07,2.76,0.0
20220803:1411,79.15,40.47,15.12,2.9,0.0
20220803:1511,68.14,33.84,15.29,2.97,0.0
20220803:1611,95.86,26.38,14.24,2.48,0.0
20220803:1711,74.19,18.6,13.81,2.28,0.0
20220803:1811,45.91,10.92,13.6,1.93,0.0
20220803:1911,4.13,3.7,12.53,2.9,0.0
20220803:2011,0.0,0.0,12.04,1.66,0.0
20220803:2111,0.0,0.0,11.98,1.52,0.0
20220803:2211,0.0,0.0,11.95,1.59,0.0
20220803:2311,0.0,0.0,11.84,1.59,0.0
20220804:0011,0.0,0.0,11.67,1.52,0.0
20220804:0111,0.0,0.0,11.84,1.59,0.0
20220804:0211,0.0,0.0,11.56,1.66,0.0
20220804:0311,0.0,0.0,11.52,1.66,0.0
20220804:0411,8.95,3.84,11.55,1.45,0.0
20220804:0511,38.54,11.1,11.91,1.59,0.0
20220804:0611,57.81,18.79,12.67,2.55,0.0
20220804:0711,103.85,26.56,13.06,2.14,0.0
20220804:0811,106.68,33.99,14.27,2.07,0.0
20220804:0911,211.29,40.55,15.43,2.21,0.0
20220804:1011,172.75,45.58,15.02,2.55,0.0
20220804:1111,251.21,48.32,15.88,2.55,0.0
20220804:1211,245.71,48.24,16.23,2.55,0.0
20220804:1311,144.53,45.35,15.72,2.41,0.0
20220804:1411,178.95,40.23,15.3,2.69,0.0
20220804:1511,175.5,33.6,14.3,2.55,0.0
20220804:1611,171.35,26.14,13.83,2.28,0.0
20220804:1711,120.38,18.37,12.71,2.14,0.0
20220804:1811,41.91,10.68,12.11,2.14,0.0
20220804:1911,13.77,3.46,11.38,2.0,0.0
20220804:2011,0.0,0.0,10.33,2.07,0.0
20220804:2111,0.0,0.0,9.42,2.21,0.0
20220804:2211,0.0,0.0,8.87,2.28,0.0
20220804:2311,0.0,0.0,8.53,2.28,0.0
20220805:0011,0.0,0.0,8.11,2.07,0.0
20220805:0111,0.0,0.0,7.67,1.93,0.0
20220805:0211,0.0,0.0,7.17,2.0,0.0
20220805:0311,0.0,0.0,6.54,2.0,0.0
20220805:0411,14.45,3.61,5.81,1.86,0.0
20220805:0511,50.93,10.88,6.78,1.66,0.0
20220805:0611,57.81,18.58,8.87,2.48,0.0
20220805:0711,149.11,26.35,9.95,2.76,0.0
20220805:0811,105.3,33.77,10.89,3.17,0.0
20220805:0911,212.67,40.32,11.92,3.66,0.0
20220805:1011,242.26,45.33,12.64,3.93,0.0
20220805:1111,242.26,48.06,13.03,4.14,0.0
20220805:1211,218.18,47.97,13.2,4.28,0.0
20220805:1311,208.54,45.09,13.1,4.28,0.0
20220805:1411,216.11,39.97,12.76,4.34,0.0
20220805:1511,181.7,33.36,12.46,4.28,0.0
20220805:1611,107.99,25.91,11.95,4.21,0.0
20220805:1711,95.34,18.13,11.26,3.86,0.0
20220805:1811,142.87,10.45,10.54,3.59,0.0
20220805:1911,12.39,3.21,9.61,3.17,0.0
20220805:2011,0.0,0.0,8.61,3.24,0.0
20220805:2111,0.0,0.0,7.87,2.97,0.0
20220805:2211,0.0,0.0,7.4,2.76,0.0
20220805:2311,0.0,0.0,7.1,2.69,0.0
20220806:0011,0.0,0.0,7.11,2.69,0.0
20220806:0111,0.0,0.0,7.0,2.55,0.0
20220806:0211,0.0,0.0,7.15,2.28,0.0
20220806:0311,0.0,0.0,7.49,2.21,0.0
20220806:0411,2.06,3.39,7.71,2.21,0.0
20220806:0511,16.52,10.66,8.08,3.24,0.0
20220806:0611,90.16,18.37,8.99,4.21,0.0
20220806:0711,131.12,26.14,9.12,4.07,0.0
20220806:0811,148.66,33.55,9.68,4.28,0.0
20220806:0911,162.43,40.08,10.07,4.21,0.0
20220806:1011,134.21,45.07,10.09,4.21,0.0
20220806:1111,184.45,47.79,10.82,4.14,0.0
20220806:1211,240.2,47.7,11.12,4.14,0.0
20220806:1311,234.01,44.83,11.92,4.76,0.0
20220806:1411,207.16,39.72,11.95,4.62,0.0
20220806:1511,177.57,33.11,11.73,4.55,0.0
20220806:1611,103.05,25.66,11.62,4.34,0.0
20220806:1711,80.45,17.89,11.37,3.86,0.0
20220806:1811,24.76,10.2,10.69,3.17,0.0
20220806:1911,10.32,2.96,10.15,2.34,0.0
20220806:2011,0.0,0.0,9.15,1.79,0.0
20220806:2111,0.0,0.0,8.26,1.31,0.0
20220806:2211,0.0,0.0,7.81,0.97,0.0
20220806:2311,0.0,0.0,7.9,0.9,0.0
20220807:0011,0.0,0.0,8.08,0.76,0.0
20220807:0111,0.0,0.0,7.84,0.9,0.0
20220807:0211,0.0,0.0,7.58,1.03,0.0
20220807:0311,0.0,0.0,7.48,0.97,0.0
20220807:0411,1.38,3.16,7.64,0.9,0.0
20220807:0511,33.04,10.44,8.49,1.03,0.0
20220807:0611,63.32,18.15,9.37,1.66,0.0
20220807:0711,95.06,25.92,10.02,1.79,0.0
20220807:0811,101.86,33.32,10.62,2.21,0.0
20220807:0911,64.01,39.84,10.45,2.0,0.0
20220807:1011,92.91,44.82,10.9,2.41,0.0
20220807:1111,94.98,47.52,11.36,2.48,0.0
20220807:1211,94.98,47.42,11.86,2.41,0.0
20220807:1311,118.38,44.55,12.15,2.34,0.0
20220807:1411,84.65,39.46,12.61,2.48,0.0
20220807:1511,123.89,32.86,12.44,2.28,0.0
20220807:1611,148.29,25.42,12.3,2.55,0.0
20220807:1711,105.56,17.64,12.21,2.14,0.0
20220807:1811,27.16,9.95,11.63,1.24,0.0
20220807:1911,3.44,2.71,11.36,1.24,0.0
20220807:2011,0.0,0.0,11.22,0.97,0.0
20220807:2111,0.0,0.0,10.8,0.83,0.0
20220807:2211,0.0,0.0,10.41,1.03,0.0
20220807:2311,0.0,0.0,9.91,1.1,0.0
20220808:0011,0.0,0.0,9.63,1.1,0.0
20220808:0111,0.0,0.0,9.31,1.03,0.0
20220808:0211,0.0,0.0,9.26,1.38,0.0
20220808:0311,0.0,0.0,8.87,1.31,0.0
20220808:0411,1.38,2.93,8.81,1.38,0.0
20220808:0511,33.04,10.22,8.93,1.45,0.0
20220808:0611,23.4,17.93,9.73,2.28,0.0
20220808:0711,134.82,25.69,10.76,2.69,0.0
20220808:0811,173.44,33.09,11.88,3.03,0.0
20220808:0911,209.92,39.6,12.73,3.1,0.0
20220808:1011,200.97,44.55,13.9,2.97,0.0
20220808:1111,91.54,47.24,14.91,2.83,0.0
20220808:1211,92.23,47.14,15.69,2.76,0.0
20220808:1311,84.65,44.28,16.1,2.62,0.0
20220808:1411,79.15,39.19,16.49,2.69,0.0
20220808:1511,82.59,32.6,16.46,2.76,0.0
20220808:1611,117.95,25.16,16.11,2.83,0.0
20220808:1711,176.97,17.39,15.36,2.69,0.0
20220808:1811,194.55,9.7,14.37,2.28,0.0
20220808:1911,4.82,2.45,13.12,1.93,0.0
20220808:2011,0.0,0.0,11.85,1.59,0.0
20220808:2111,0.0,0.0,10.79,1.59,0.0
20220808:2211,0.0,0.0,9.9,1.59,0.0
20220808:2311,0.0,0.0,9.24,1.59,0.0
20220809:0011,0.0,0.0,8.67,1.59,0.0
20220809:0111,0.0,0.0,8.44,1.45,0.0
20220809:0211,0.0,0.0,8.21,1.45,0.0
20220809:0311,0.0,0.0,8.11,1.38,0.0
20220809:0411,4.82,2.7,7.71,1.52,0.0
20220809:0511,44.05,9.99,8.85,1.17,0.0
20220809:0611,89.47,17.71,11.79,0.97,0.0
20220809:0711,135.34,25.47,13.48,1.17,0.0
20220809:0811,100.48,32.86,15.06,1.52,0.0
20220809:0911,112.18,39.35,16.4,1.93,0.0
20220809:1011,135.59,44.29,17.17,1.93,0.0
20220809:1111,212.67,46.96,17.73,1.79,0.0
20220809:1211,189.27,46.85,18.36,1.86,0.0
20220809:1311,173.44,43.99,18.46,2.28,0.0
20220809:1411,153.48,38.91,18.24,2.41,0.0
20220809:1511,125.26,32.34,18.11,2.48,0.0
20220809:1611,154.66,24.91,17.8,2.55,0.0
20220809:1711,118.72,17.13,17.02,2.21,0.0
20220809:1811,14.38,9.44,16.05,1.79,0.0
20220809:1911,4.13,2.18,14.62,1.45,0.0
20220809:2011,0.0,0.0,13.63,0.9,0.0
20220809:2111,0.0,0.0,12.89,0.9,0.0
20220809:2211,0.0,0.0,12.07,0.83,0.0
20220809:2311,0.0,0.0,11.69,0.83,0.0
20220810:0011,0.0,0.0,11.38,0.76,0.0
20220810:0111,0.0,0.0,10.27,0.76,0.0
20220810:0211,0.0,0.0,9.58,0.83,0.0
20220810:0311,0.0,0.0,9.49,0.83,0.0
20220810:0411,8.95,2.46,9.26,0.9,0.0
20220810:0511,37.85,9.77,10.03,0.76,0.0
20220810:0611,55.06,17.48,12.56,0.48,0.0
20220810:0711,121.23,25.24,14.68,0.62,0.0
20220810:0811,72.95,32.62,16.13,1.59,0.0
20220810:0911,75.02,39.1,17.47,2.34,0.0
20220810:1011,142.47,44.02,18.44,2.76,0.0
20220810:1111,150.73,46.67,18.96,2.83,0.0
20220810:1211,218.86,46.56,19.37,2.97,0.0
20220810:1311,204.41,43.71,19.34,3.17,0.0
20220810:1411,204.41,38.64,19.08,3.17,0.0
20220810:1511,166.56,32.07,18.65,3.03,0.0
20220810:1611,141.32,24.64,18.09,2.97,0.0
20220810:1711,166.74,16.87,17.33,2.76,0.0
20220810:1811,167.86,9.17,16.46,2.14,0.0
20220810:1911,5.51,1.91,15.14,1.45,0.0
20220810:2011,0.0,0.0,13.78,0.97,0.0
20220810:2111,0.0,0.0,13.07,0.62,0.0
20220810:2211,0.0,0.0,12.61,0.41,0.0
20220810:2311,0.0,0.0,12.27,0.48,0.0
20220811:0011,0.0,0.0,11.94,0.55,0.0
20220811:0111,0.0,0.0,11.32,0.69,0.0
20220811:0211,0.0,0.0,10.15,0.83,0.0
20220811:0311,0.0,0.0,9.81,0.76,0.0
20220811:0411,0.69,2.22,9.75,0.83,0.0
20220811:0511,43.36,9.54,10.64,0.69,0.0
20220811:0611,88.78,17.26,13.1,0.41,0.0
20220811:0711,145.67,25.01,14.18,0.28,0.0
20220811:0811,96.36,32.38,15.72,0.76,0.0
20220811:0911,80.53,38.85,17.34,1.52,0.0
20220811:1011,89.47,43.75,18.55,1.86,0.0
20220811:1111,91.54,46.39,19.47,2.21,0.0
20220811:1211,94.98,46.27,19.94,2.55,0.0
20220811:1311,86.72,43.41,20.03,2.76,0.0
20220811:1411,80.53,38.35,19.83,2.76,0.0
20220811:1511,77.08,31.79,19.38,2.76,0.0
20220811:1611,105.24,24.37,18.65,2.62,0.0
20220811:1711,165.21,16.61,17.71,2.21,0.0
20220811:1811,169.29,8.9,16.65,1.52,0.0
20220811:1911,2.75,1.64,15.32,1.1,0.0
20220811:2011,0.0,0.0,13.48,0.83,0.0
20220811:2111,0.0,0.0,12.17,0.97,0.0
20220811:2211,0.0,0.0,11.0,1.17,0.0
20220811:2311,0.0,0.0,9.98,1.31,0.0
20220812:0011,0.0,0.0,9.28,1.45,0.0
20220812:0111,0.0,0.0,8.89,1.52,0.0
20220812:0211,0.0,0.0,8.56,1.52,0.0
20220812:0311,0.0,0.0,8.36,1.59,0.0
20220812:0411,3.44,1.98,8.28,1.66,0.0
20220812:0511,34.41,9.3,8.96,1.45,0.0
20220812:0611,55.06,17.03,11.87,0.69,0.0
20220812:0711,113.04,24.78,14.53,0.62,0.0
20220812:0811,70.89,32.14,16.61,0.62,0.0
20220812:0911,82.59,38.59,18.28,1.03,0.0
20220812:1011,86.72,43.47,19.51,1.66,0.0
20220812:1111,87.41,46.09,20.34,1.93,0.0
20220812:1211,90.85,45.97,20.9,2.07,0.0
20220812:1311,88.78,43.12,21.2,2.07,0.0
20220812:1411,79.84,38.07,21.3,1.86,0.0
20220812:1511,76.4,31.52,21.15,1.72,0.0
20220812:1611,101.27,24.1,20.75,1.66,0.0
20220812:1711,163.02,16.33,20.02,1.52,0.0
20220812:1811,171.78,8.63,18.98,1.1,0.0
20220812:1911,1.38,1.36,17.46,0.83,0.0
20220812:2011,0.0,0.0,15.67,0.83,0.0
20220812:2111,0.0,0.0,14.06,1.1,0.0
20220812:2211,0.0,0.0,12.96,1.24,0.0
20220812:2311,0.0,0.0,11.64,1.45,0.0
20220813:0011,0.0,0.0,10.45,1.59,0.0
20220813:0111,0.0,0.0,9.8,1.66,0.0
20220813:0211,0.0,0.0,9.31,1.66,0.0
20220813:0311,0.0,0.0,9.0,1.72,0.0
20220813:0411,2.06,1.74,8.82,1.72,0.0
20220813:0511,36.48,9.07,9.83,1.45,0.0
20220813:0611,56.44,16.8,13.37,0.83,0.0
20220813:0711,110.19,24.55,16.32,0.48,0.0
20220813:0811,73.64,31.9,18.76,0.69,0.0
20220813:0911,85.34,38.33,20.25,1.17,0.0
20220813:1011,86.72,43.19,21.25,1.59,0.0
20220813:1111,91.54,45.8,21.99,1.79,0.0
20220813:1211,88.78,45.66,22.53,1.86,0.0
20220813:1311,86.03,42.82,22.79,1.86,0.0
20220813:1411,82.59,37.77,22.83,1.86,0.0
20220813:1511,76.4,31.23,22.59,1.86,0.0
20220813:1611,97.52,23.82,22.1,1.79,0.0
20220813:1711,156.36,16.06,21.35,1.45,0.0
20220813:1811,156.78,8.35,20.3,0.97,0.0
20220813:1911,0.0,0.0,18.91,0.69,0.0
20220813:2011,0.0,0.0,16.88,1.1,0.0
20220813:2111,0.0,0.0,14.99,1.52,0.0
20220813:2211,0.0,0.0,13.95,1.59,0.0
20220813:2311,0.0,0.0,13.64,1.52,0.0
20220814:0011,0.0,0.0,14.04,1.45,0.0
20220814:0111,0.0,0.0,14.92,1.31,0.0
20220814:0211,0.0,0.0,15.21,1.24,0.0
20220814:0311,0.0,0.0,14.18,1.38,0.0
20220814:0411,0.69,1.49,12.73,1.59,0.0
20220814:0511,35.79,8.83,12.03,1.72,0.0
20220814:0611,59.19,16.57,14.74,0.83,0.0
20220814:0711,106.77,24.31,17.7,0.55,0.0
20220814:0811,75.02,31.65,19.75,0.83,0.0
20220814:0911,88.78,38.07,21.06,1.38,0.0
20220814:1011,87.41,42.91,22.11,1.72,0.0
20220814:1111,91.54,45.5,22.97,1.93,0.0
20220814:1211,134.9,45.36,23.55,2.14,0.0
20220814:1311,192.02,42.51,23.76,2.21,0.0
20220814:1411,173.44,37.48,23.74,2.14,0.0
20220814:1511,164.49,30.94,23.56,2.07,0.0
20220814:1611,98.31,23.54,23.15,1.72,0.0
20220814:1711,56.72,15.78,22.28,1.52,0.0
20220814:1811,38.18,8.07,20.82,1.52,0.0
20220814:1911,0.0,0.0,18.39,1.59,0.0
20220814:2011,0.0,0.0,17.2,1.72,0.0
20220814:2111,0.0,0.0,15.96,1.59,0.0
20220814:2211,0.0,0.0,15.29,1.66,0.0
20220814:2311,0.0,0.0,14.8,1.59,0.0
20220815:0011,0.0,0.0,14.46,1.86,0.0
20220815:0111,0.0,0.0,14.31,2.21,0.0
20220815:0211,0.0,0.0,14.03,2.14,0.0
20220815:0311,0.0,0.0,13.79,1.86,0.0
20220815:0411,0.0,0.0,14.07,1.93,0.0
20220815:0511,10.32,8.59,14.28,1.93,0.0
20220815:0611,81.9,16.33,15.52,2.07,0.0
20220815:0711,123.53,24.08,16.5,2.69,0.0
20220815:0811,163.8,31.41,17.74,2.9,0.0
20220815:0911,196.84,37.8,18.06,3.03,0.0
20220815:1011,220.93,42.62,19.08,2.97,0.0
20220815:1111,205.79,45.19,19.44,3.17,0.0
20220815:1211,144.53,45.04,20.67,3.24,0.0
20220815:1311,170.69,42.2,21.24,3.17,0.0
20220815:1411,162.43,37.18,22.26,3.66,0.0
20220815:1511,137.65,30.65,22.28,3.17,0.0
20220815:1611,108.78,23.25,22.06,2.55,0.0
20220815:1711,132.16,15.49,21.6,2.69,0.0
20220815:1811,115.7,7.78,20.69,2.28,0.0
20220815:1911,0.0,0.0,19.11,2.41,0.0
20220815:2011,0.0,0.0,17.98,2.48,0.0
20220815:2111,0.0,0.0,17.18,2.14,0.0
20220815:2211,0.0,0.0,16.35,1.93,0.0
20220815:2311,0.0,0.0,15.86,1.79,0.0
20220816:0011,0.0,0.0,15.58,1.86,0.0
20220816:0111,0.0,0.0,15.3,2.07,0.0
20220816:0211,0.0,0.0,15.26,1.93,0.0
20220816:0311,0.0,0.0,15.1,2.0,0.0
20220816:0411,0.0,0.0,15.34,2.07,0.0
20220816:0511,12.39,8.35,15.53,1.93,0.0
20220816:0611,50.93,16.09,16.38,1.79,0.0
20220816:0711,116.89,23.83,17.28,1.93,0.0
20220816:0811,152.79,31.15,18.12,2.76,0.0
20220816:0911,185.83,37.53,18.54,2.41,0.0
20220816:1011,40.61,42.34,19.38,1.45,0.0
20220816:1111,68.83,44.89,19.58,1.72,0.0
20220816:1211,77.77,44.73,18.81,1.79,0.0
20220816:1311,39.92,41.89,18.6,1.93,0.0
20220816:1411,114.25,36.87,18.29,1.79,0.0
20220816:1511,28.91,30.35,18.32,1.31,0.0
20220816:1611,24.76,22.96,18.46,1.38,0.0
20220816:1711,93.78,15.2,17.51,1.66,0.0
20220816:1811,6.39,7.48,16.84,1.17,0.0
20220816:1911,0.0,0.0,16.05,0.97,0.0
20220816:2011,0.0,0.0,15.65,0.76,0.0
20220816:2111,0.0,0.0,15.28,0.41,0.0
20220816:2211,0.0,0.0,14.86,0.69,0.0
20220816:2311,0.0,0.0,14.53,0.76,0.0
20220817:0011,0.0,0.0,14.28,0.69,0.0
20220817:0111,0.0,0.0,14.04,0.69,0.0
20220817:0211,0.0,0.0,13.76,0.69,0.0
20220817:0311,0.0,0.0,13.45,0.69,0.0
20220817:0411,0.0,0.0,13.3,0.76,0.0
20220817:0511,25.47,8.11,13.22,0.9,0.0
20220817:0611,66.76,15.85,13.07,0.97,0.0
20220817:0711,139.44,23.59,13.41,1.45,0.0
20220817:0811,164.49,30.9,13.37,1.72,0.0
20220817:0911,199.59,37.26,13.89,2.55,0.0
20220817:1011,203.72,42.04,14.5,2.76,0.0
20220817:1111,112.18,44.58,15.56,2.83,0.0
20220817:1211,108.06,44.41,16.45,2.97,0.0
20220817:1311,154.86,41.57,16.07,2.83,0.0
20220817:1411,133.52,36.56,16.11,3.03,0.0
20220817:1511,158.99,30.05,15.65,3.1,0.0
20220817:1611,137.8,22.66,15.14,3.1,0.0
20220817:1711,138.51,14.9,14.58,2.97,0.0
20220817:1811,127.99,7.19,13.67,2.55,0.0
20220817:1911,0.0,0.0,11.87,2.07,0.0
20220817:2011,0.0,0.0,10.53,1.86,0.0
20220817:2111,0.0,0.0,9.49,1.66,0.0
20220817:2211,0.0,0.0,8.3,1.59,0.0
20220817:2311,0.0,0.0,7.47,1.59,0.0
20220818:0011,0.0,0.0,7.07,1.59,0.0
20220818:0111,0.0,0.0,6.81,1.52,0.0
20220818:0211,0.0,0.0,6.75,1.45,0.0
20220818:0311,0.0,0.0,6.36,1.45,0.0
20220818:0411,0.0,0.0,6.43,1.45,0.0
20220818:0511,33.72,7.87,7.04,1.38,0.0
20220818:0611,52.31,15.61,9.5,1.17,0.0
20220818:0711,86.92,23.35,12.57,0.55,0.0
20220818:0811,79.15,30.65,13.66,0.41,0.0
20220818:0911,108.06,36.99,14.8,0.83,0.0
20220818:1011,108.06,41.75,15.62,1.79,0.0
20220818:1111,107.37,44.26,16.15,2.28,0.0
20220818:1211,214.73,44.08,16.26,2.48,0.0
20220818:1311,173.44,41.25,16.29,2.97,0.0
20220818:1411,197.53,36.24,15.04,2.34,0.0
20220818:1511,123.89,29.74,14.7,1.86,0.0
20220818:1611,119.58,22.36,14.24,1.93,0.0
20220818:1711,129.84,14.6,13.38,1.86,0.0
20220818:1811,94.07,6.88,12.37,1.66,0.0
20220818:1911,0.0,0.0,11.63,1.17,0.0
20220818:2011,0.0,0.0,10.54,0.83,0.0
20220818:2111,0.0,0.0,10.49,0.48,0.0
20220818:2211,0.0,0.0,9.91,0.69,0.0
20220818:2311,0.0,0.0,9.79,0.55,0.0
20220819:0011,0.0,0.0,8.56,0.97,0.0
20220819:0111,0.0,0.0,8.04,1.31,0.0
20220819:0211,0.0,0.0,8.36,1.31,0.0
20220819:0311,0.0,0.0,8.85,1.24,0.0
20220819:0411,0.0,0.0,9.24,1.31,0.0
20220819:0511,6.88,7.62,9.75,1.59,0.0
20220819:0611,28.91,15.37,10.55,1.66,0.0
20220819:0711,83.08,23.1,10.86,2.41,0.0
20220819:0811,79.84,30.39,11.9,2.9,0.0
20220819:0911,85.34,36.71,12.38,2.28,0.0
20220819:1011,56.44,41.45,12.73,2.41,0.0
20220819:1111,67.45,43.94,12.84,2.14,0.0
20220819:1211,55.75,43.75,13.39,2.14,0.0
20220819:1311,55.75,40.92,13.11,1.93,0.0
20220819:1411,59.19,35.93,13.2,1.59,0.0
20220819:1511,33.72,29.43,13.27,2.07,0.0
20220819:1611,59.91,22.06,13.14,2.28,0.0
20220819:1711,47.13,14.3,13.23,1.72,0.0
20220819:1811,5.59,6.58,13.09,1.38,0.0
20220819:1911,0.0,0.0,12.32,1.72,0.0
20220819:2011,0.0,0.0,12.21,0.9,0.0
20220819:2111,0.0,0.0,12.06,0.34,0.0
20220819:2211,0.0,0.0,11.91,0.48,0.0
20220819:2311,0.0,0.0,11.66,0.9,0.0
20220820:0011,0.0,0.0,11.11,1.03,0.0
20220820:0111,0.0,0.0,10.34,0.97,0.0
20220820:0211,0.0,0.0,10.09,0.83,0.0
20220820:0311,0.0,0.0,9.99,0.69,0.0
20220820:0411,0.0,0.0,9.58,0.48,0.0
20220820:0511,33.72,7.37,9.33,0.34,0.0
20220820:0611,77.08,15.12,9.99,0.28,0.0
20220820:0711,138.69,22.85,11.77,1.38,0.0
20220820:0811,163.12,30.13,12.87,1.86,0.0
20220820:0911,198.22,36.43,13.84,2.62,0.0
20220820:1011,152.79,41.15,14.55,3.1,0.0
20220820:1111,141.78,43.62,15.07,3.59,0.0
20220820:1211,206.48,43.42,15.46,3.86,0.0
20220820:1311,167.93,40.59,15.69,3.24,0.0
20220820:1411,63.32,35.6,15.6,3.38,0.0
20220820:1511,80.53,29.12,15.04,3.24,0.0
20220820:1611,48.73,21.75,14.1,2.97,0.0
20220820:1711,58.09,13.99,13.32,2.55,0.0
20220820:1811,51.52,6.27,12.67,2.83,0.0
20220820:1911,0.0,0.0,11.85,2.21,0.0
20220820:2011,0.0,0.0,11.71,2.14,0.0
20220820:2111,0.0,0.0,11.47,2.21,0.0
20220820:2211,0.0,0.0,11.5,1.93,0.0
20220820:2311,0.0,0.0,11.63,2.0,0.0
20220821:0011,0.0,0.0,11.52,2.21,0.0
20220821:0111,0.0,0.0,11.98,1.93,0.0
20220821:0211,0.0,0.0,11.82,3.1,0.0
20220821:0311,0.0,0.0,11.99,2.62,0.0
20220821:0411,0.0,0.0,11.7,3.79,0.0
20220821:0511,32.35,7.12,10.73,3.52,0.0
20220821:0611,70.89,14.88,11.26,1.59,0.0
20220821:0711,113.27,22.6,11.74,2.83,0.0
20220821:0811,59.19,29.86,12.75,1.79,0.0
20220821:0911,103.93,36.15,13.26,1.93,0.0
20220821:1011,167.93,40.84,14.09,2.14,0.0
20220821:1111,161.74,43.3,14.21,2.41,0.0
20220821:1211,170.69,43.09,13.62,2.62,0.0
20220821:1311,209.92,40.26,13.05,3.1,0.0
20220821:1411,141.78,35.28,12.23,2.9,0.0
20220821:1511,128.01,28.8,12.13,2.97,0.0
20220821:1611,123.69,21.43,11.26,2.69,0.0
20220821:1711,116.02,13.68,11.33,2.07,0.0
20220821:1811,26.84,5.95,10.66,1.79,0.0
20220821:1911,0.0,0.0,10.01,2.21,0.0
20220821:2011,0.0,0.0,9.33,1.79,0.0
20220821:2111,0.0,0.0,8.95,1.38,0.0
20220821:2211,0.0,0.0,8.78,1.38,0.0
20220821:2311,0.0,0.0,8.01,1.17,0.0
20220822:0011,0.0,0.0,7.77,1.1,0.0
20220822:0111,0.0,0.0,7.79,0.9,0.0
20220822:0211,0.0,0.0,8.16,0.55,0.0
20220822:0311,0.0,0.0,8.39,0.41,0.0
20220822:0411,0.0,0.0,8.3,0.21,0.0
20220822:0511,30.97,6.87,8.12,0.28,0.0
20220822:0611,72.95,14.63,8.61,0.21,0.0
20220822:0711,134.58,22.35,10.72,1.38,0.0
20220822:0811,152.79,29.6,11.58,1.59,0.0
20220822:0911,194.78,35.87,12.49,1.38,0.0
20220822:1011,198.9,40.54,13.58,1.59,0.0
20220822:1111,207.16,42.97,14.25,1.66,0.0
20220822:1211,205.1,42.75,14.56,1.59,0.0
20220822:1311,216.11,39.92,14.82,1.45,0.0
20220822:1411,188.58,34.94,15.3,1.38,0.0
20220822:1511,153.48,28.48,15.03,1.45,0.0
20220822:1611,97.73,21.12,14.72,1.66,0.0
20220822:1711,92.03,13.36,14.3,1.1,0.0
20220822:1811,25.47,5.64,13.4,1.31,0.0
20220822:1911,0.0,0.0,12.37,1.03,0.0
20220822:2011,0.0,0.0,11.65,0.41,0.0
20220822:2111,0.0,0.0,11.02,0.62,0.0
20220822:2211,0.0,0.0,9.11,1.24,0.0
20220822:2311,0.0,0.0,8.46,1.31,0.0
20220823:0011,0.0,0.0,8.6,1.24,0.0
20220823:0111,0.0,0.0,8.29,1.31,0.0
20220823:0211,0.0,0.0,7.88,1.45,0.0
20220823:0311,0.0,0.0,7.37,1.59,0.0
20220823:0411,0.0,0.0,7.21,1.59,0.0
20220823:0511,16.52,6.62,7.11,1.66,0.0
20220823:0611,63.32,14.38,8.74,1.52,0.0
20220823:0711,83.28,22.09,12.49,2.14,0.0
20220823:0811,156.92,29.33,13.79,3.1,0.0
20220823:0911,185.83,35.58,15.24,4.48,0.0
20220823:1011,117.69,40.23,16.28,4.69,0.0
20220823:1111,192.71,42.64,16.8,4.69,0.0
20220823:1211,92.23,42.41,16.78,4.76,0.0
20220823:1311,113.56,39.58,16.43,4.41,0.0
20220823:1411,151.42,34.61,15.82,3.66,0.0
20220823:1511,65.38,28.15,15.55,3.45,0.0
20220823:1611,105.99,20.79,15.08,3.17,0.0
20220823:1711,87.47,13.04,14.75,2.97,0.0
20220823:1811,21.34,5.31,14.16,3.45,0.0
20220823:1911,0.0,0.0,13.77,3.31,0.0
20220823:2011,0.0,0.0,13.09,3.24,0.0
20220823:2111,0.0,0.0,12.73,3.1,0.0
20220823:2211,0.0,0.0,12.3,2.97,0.0
20220823:2311,0.0,0.0,12.41,2.76,0.0
20220824:0011,0.0,0.0,12.22,2.97,0.0
20220824:0111,0.0,0.0,12.0,2.83,0.0
20220824:0211,0.0,0.0,11.89,2.62,0.0
20220824:0311,0.0,0.0,11.92,2.62,0.0
20220824:0411,0.0,0.0,11.99,2.69,0.0
20220824:0511,18.58,6.36,12.35,2.9,0.0
20220824:0611,57.12,14.13,13.09,3.03,0.0
20220824:0711,112.87,21.84,14.52,3.45,0.0
20220824:0811,147.29,29.06,15.43,4.0,0.0
20220824:0911,164.49,35.29,16.19,4.41,0.0
20220824:1011,181.7,39.92,16.54,4.48,0.0
20220824:1111,200.97,42.31,17.07,4.69,0.0
20220824:1211,214.05,42.06,17.8,4.9,0.0
20220824:1311,202.35,39.23,17.83,4.34,0.0
20220824:1411,180.32,34.27,18.05,4.76,0.0
20220824:1511,146.6,27.82,17.9,4.97,0.0
20220824:1611,89.47,20.47,17.74,4.14,0.0
20220824:1711,79.73,12.72,17.33,3.59,0.0
20220824:1811,17.89,4.99,16.82,3.52,0.0
20220824:1911,0.0,0.0,16.83,3.66,0.0
20220824:2011,0.0,0.0,16.44,3.45,0.0
20220824:2111,0.0,0.0,16.07,3.31,0.0
20220824:2211,0.0,0.0,15.76,3.17,0.0
20220824:2311,0.0,0.0,15.39,2.83,0.0
20220825:0011,0.0,0.0,15.28,2.55,0.0
20220825:0111,0.0,0.0,15.3,2.55,0.0
20220825:0211,0.0,0.0,15.25,2.48,0.0
20220825:0311,0.0,0.0,14.93,2.21,0.0
20220825:0411,0.0,0.0,14.86,2.0,0.0
20220825:0511,4.13,6.11,14.93,1.86,0.0
20220825:0611,34.41,13.87,15.07,1.86,0.0
20220825:0711,61.25,21.58,15.98,2.62,0.0
20220825:0811,73.64,28.79,16.02,2.76,0.0
20220825:0911,102.55,35.0,15.54,3.03,0.0
20220825:1011,69.51,39.6,15.58,3.17,0.0
20220825:1111,111.5,41.97,16.24,3.17,0.0
20220825:1211,79.84,41.72,17.23,3.72,0.0
20220825:1311,48.18,38.88,17.59,3.66,0.0
20220825:1411,32.35,33.93,18.03,3.45,0.0
20220825:1511,101.17,27.48,18.38,3.72,0.0
20220825:1611,81.9,20.14,18.01,3.1,0.0
20220825:1711,75.28,12.39,17.82,3.17,0.0
20220825:1811,6.19,4.66,17.13,3.31,0.0
20220825:1911,0.0,0.0,16.39,3.45,0.0
20220825:2011,0.0,0.0,15.31,3.45,0.0
20220825:2111,0.0,0.0,14.46,3.1,0.0
20220825:2211,0.0,0.0,13.79,2.76,0.0
20220825:2311,0.0,0.0,13.15,2.62,0.0
20220826:0011,0.0,0.0,12.91,2.69,0.0
20220826:0111,0.0,0.0,12.97,2.48,0.0
20220826:0211,0.0,0.0,13.34,2.21,0.0
20220826:0311,0.0,0.0,13.82,2.48,0.0
20220826:0411,0.0,0.0,13.91,3.1,0.0
20220826:0511,3.44,5.85,13.96,2.55,0.0
20220826:0611,11.01,13.62,14.19,1.17,0.0
20220826:0711,19.27,21.32,14.54,2.0,0.0
20220826:0811,26.84,28.52,14.87,1.38,0.0
20220826:0911,33.04,34.71,15.12,1.66,0.0
20220826:1011,72.95,39.28,15.44,1.86,0.0
20220826:1111,81.21,41.63,15.77,1.72,0.0
20220826:1211,93.6,41.37,16.07,1.79,0.0
20220826:1311,37.17,38.53,16.18,1.79,0.0
20220826:1411,83.28,33.58,16.18,1.86,0.0
20220826:1511,44.74,27.15,16.03,1.24,0.0
20220826:1611,22.02,19.81,15.53,0.83,0.0
20220826:1711,11.18,12.06,14.68,1.72,0.0
20220826:1811,16.52,4.33,13.7,2.28,0.0
20220826:1911,0.0,0.0,13.09,1.52,0.0
20220826:2011,0.0,0.0,12.3,1.86,0.0
20220826:2111,0.0,0.0,11.77,1.93,0.0
20220826:2211,0.0,0.0,11.3,2.14,0.0
20220826:2311,0.0,0.0,10.9,2.21,0.0
20220827:0011,0.0,0.0,10.54,2.21,0.0
20220827:0111,0.0,0.0,10.29,2.28,0.0
20220827:0211,0.0,0.0,9.95,2.41,0.0
20220827:0311,0.0,0.0,9.63,2.48,0.0
20220827:0411,0.0,0.0,9.19,2.55,0.0
20220827:0511,22.71,5.59,9.03,2.62,0.0
20220827:0611,48.18,13.36,9.37,2.83,0.0
20220827:0711,65.38,21.06,10.77,2.69,0.0
20220827:0811,71.58,28.24,12.06,2.83,0.0
20220827:0911,80.53,34.41,13.25,3.1,0.0
20220827:1011,88.1,38.96,14.44,3.31,0.0
20220827:1111,90.16,41.29,15.33,3.17,0.0
20220827:1211,99.11,41.01,16.15,3.1,0.0
20220827:1311,95.67,38.18,16.65,3.1,0.0
20220827:1411,89.47,33.23,16.7,3.31,0.0
20220827:1511,81.21,26.8,16.31,3.52,0.0
20220827:1611,65.38,19.47,15.52,3.52,0.0
20220827:1711,98.75,11.73,14.49,3.03,0.0
20220827:1811,17.21,3.99,13.09,2.83,0.0
20220827:1911,0.0,0.0,11.63,2.41,0.0
20220827:2011,0.0,0.0,10.45,2.28,0.0
20220827:2111,0.0,0.0,9.52,2.14,0.0
20220827:2211,0.0,0.0,8.81,2.07,0.0
20220827:2311,0.0,0.0,8.21,2.0,0.0
20220828:0011,0.0,0.0,7.7,2.0,0.0
20220828:0111,0.0,0.0,7.37,1.93,0.0
20220828:0211,0.0,0.0,6.97,2.0,0.0
20220828:0311,0.0,0.0,6.66,1.93,0.0
20220828:0411,0.0,0.0,6.45,1.93,0.0
20220828:0511,22.71,5.33,6.59,1.93,0.0
20220828:0611,45.42,13.1,8.59,1.52,0.0
20220828:0711,66.76,20.79,12.33,1.17,0.0
20220828:0811,78.46,27.97,15.15,0.76,0.0
20220828:0911,163.12,34.11,16.77,0.14,0.0
20220828:1011,179.63,38.64,17.9,0.34,0.0
20220828:1111,207.16,40.95,18.27,1.03,0.0
20220828:1211,182.39,40.65,18.61,1.52,0.0
20220828:1311,118.38,37.82,18.77,1.79,0.0
20220828:1411,156.92,32.88,18.4,1.79,0.0
20220828:1511,143.16,26.46,17.84,1.66,0.0
20220828:1611,83.28,19.13,17.3,1.45,0.0
20220828:1711,91.76,11.39,16.47,1.17,0.0
20220828:1811,15.14,3.65,15.37,0.9,0.0
20220828:1911,0.0,0.0,13.55,1.31,0.0
20220828:2011,0.0,0.0,11.68,1.38,0.0
20220828:2111,0.0,0.0,10.63,1.31,0.0
20220828:2211,0.0,0.0,10.11,1.38,0.0
20220828:2311,0.0,0.0,9.73,1.45,0.0
20220829:0011,0.0,0.0,9.88,1.38,0.0
20220829:0111,0.0,0.0,10.37,1.17,0.0
20220829:0211,0.0,0.0,10.22,1.24,0.0
20220829:0311,0.0,0.0,9.79,1.17,0.0
20220829:0411,0.0,0.0,8.88,1.17,0.0
20220829:0511,6.19,5.07,8.5,1.1,0.0
20220829:0611,36.48,12.84,10.59,0.69,0.0
20220829:0711,108.06,20.53,13.02,0.62,0.0
20220829:0811,148.66,27.69,14.26,1.59,0.0
20220829:0911,183.07,33.81,15.44,2.41,0.0
20220829:1011,207.16,38.31,15.8,2.07,0.0
20220829:1111,212.67,40.6,16.03,2.28,0.0
20220829:1211,215.42,40.29,15.85,2.48,0.0
20220829:1311,199.59,37.46,15.21,2.62,0.0
20220829:1411,176.88,32.53,14.84,2.14,0.0
20220829:1511,114.94,26.11,15.14,2.14,0.0
20220829:1611,86.72,18.79,14.97,2.0,0.0
20220829:1711,85.56,11.05,14.47,1.59,0.0
20220829:1811,13.08,3.31,13.81,1.03,0.0
20220829:1911,0.0,0.0,12.84,1.03,0.0
20220829:2011,0.0,0.0,11.64,0.9,0.0
20220829:2111,0.0,0.0,10.84,1.03,0.0
20220829:2211,0.0,0.0,10.27,1.17,0.0
20220829:2311,0.0,0.0,9.04,1.31,0.0
20220830:0011,0.0,0.0,8.9,1.31,0.0
20220830:0111,0.0,0.0,9.23,1.24,0.0
20220830:0211,0.0,0.0,9.24,1.17,0.0
20220830:0311,0.0,0.0,9.39,1.17,0.0
20220830:0411,0.0,0.0,9.48,1.24,0.0
20220830:0511,19.96,4.81,9.3,1.24,0.0
20220830:0611,53.0,12.58,10.36,0.97,0.0
20220830:0711,106.68,20.26,12.22,0.97,0.0
20220830:0811,146.6,27.41,13.84,1.17,0.0
20220830:0911,178.26,33.51,14.99,1.72,0.0
20220830:1011,202.35,37.99,15.87,1.59,0.0
20220830:1111,212.67,40.25,16.37,1.1,0.0
20220830:1211,187.89,39.93,16.46,0.97,0.0
20220830:1311,176.88,37.09,17.05,1.24,0.0
20220830:1411,114.94,32.17,16.75,1.38,0.0
20220830:1511,101.17,25.76,16.41,1.59,0.0
20220830:1611,75.02,18.44,15.75,1.59,0.0
20220830:1711,82.93,10.71,15.0,1.17,0.0
20220830:1811,7.57,2.96,14.13,1.03,0.0
20220830:1911,0.0,0.0,12.58,0.9,0.0
20220830:2011,0.0,0.0,11.99,0.76,0.0
20220830:2111,0.0,0.0,11.98,0.69,0.0
20220830:2211,0.0,0.0,11.72,0.76,0.0
20220830:2311,0.0,0.0,10.81,1.1,0.0
20220831:0011,0.0,0.0,10.07,1.24,0.0
20220831:0111,0.0,0.0,9.62,1.1,0.0
20220831:0211,0.0,0.0,9.89,0.9,0.0
20220831:0311,0.0,0.0,9.63,0.83,0.0
20220831:0411,0.0,0.0,9.51,0.83,0.0
20220831:0511,19.27,4.54,9.58,0.83,0.0
20220831:0611,50.93,12.32,10.63,0.48,0.0
20220831:0711,64.01,19.99,11.92,0.28,0.0
20220831:0811,71.58,27.12,12.59,0.41,0.0
20220831:0911,83.28,33.21,13.61,0.83,0.0
20220831:1011,92.23,37.66,15.29,0.9,0.0
20220831:1111,102.55,39.9,16.24,1.52,0.0
20220831:1211,139.71,39.57,16.69,1.86,0.0
20220831:1311,185.14,36.72,16.63,2.34,0.0
20220831:1411,121.13,31.81,16.38,2.48,0.0
20220831:1511,99.8,25.41,16.19,2.41,0.0
20220831:1611,66.76,18.09,15.99,2.34,0.0
20220831:1711,78.86,10.36,15.16,2.07,0.0
20220831:1811,8.95,2.61,13.82,1.86,0.0
20220831:1911,0.0,0.0,12.32,1.72,0.0
20220831:2011,0.0,0.0,11.18,1.59,0.0
20220831:2111,0.0,0.0,10.13,1.66,0.0
20220831:2211,0.0,0.0,9.21,1.59,0.0
20220831:2311,0.0,0.0,8.75,1.59,0.0
20220901:0011,0.0,0.0,8.43,1.59,0.0
20220901:0111,0.0,0.0,8.69,1.59,0.0
20220901:0211,0.0,0.0,8.65,1.52,0.0
20220901:0311,0.0,0.0,8.65,1.52,0.0
20220901:0411,0.0,0.0,8.29,1.45,0.0
20220901:0511,17.21,4.28,7.8,1.45,0.0
20220901:0611,47.49,12.06,9.07,0.97,0.0
20220901:0711,64.01,19.72,11.68,0.76,0.0
20220901:0811,73.64,26.84,13.83,0.69,0.0
20220901:0911,93.6,32.9,15.47,1.17,0.0
20220901:1011,129.39,37.32,16.53,1.59,0.0
20220901:1111,165.87,39.54,17.27,1.79,0.0
20220901:1211,179.63,39.2,17.63,1.93,0.0
20220901:1311,161.05,36.36,17.7,2.0,0.0
20220901:1411,158.3,31.44,17.44,2.0,0.0
20220901:1511,108.06,25.05,17.32,1.86,0.0
20220901:1611,66.07,17.74,16.74,1.72,0.0
20220901:1711,74.98,10.01,15.87,1.52,0.0
20220901:1811,7.57,2.26,14.41,1.24,0.0
20220901:1911,0.0,0.0,12.65,1.1,0.0
20220901:2011,0.0,0.0,11.11,1.1,0.0
20220901:2111,0.0,0.0,10.16,1.24,0.0
20220901:2211,0.0,0.0,9.44,1.31,0.0
20220901:2311,0.0,0.0,8.82,1.45,0.0
20220902:0011,0.0,0.0,7.81,1.24,0.0
20220902:0111,0.0,0.0,7.16,1.31,0.0
20220902:0211,0.0,0.0,6.99,1.24,0.0
20220902:0311,0.0,0.0,7.2,1.24,0.0
20220902:0411,0.0,0.0,6.87,1.38,0.0
20220902:0511,15.14,4.01,6.9,1.24,0.0
20220902:0611,54.37,11.79,7.95,0.97,0.0
20220902:0711,66.76,19.45,11.35,0.69,0.0
20220902:0811,72.95,26.55,13.93,0.9,0.0
20220902:0911,83.97,32.59,14.98,1.66,0.0
20220902:1011,110.81,36.99,15.81,1.93,0.0
20220902:1111,125.26,39.18,16.45,2.07,0.0
20220902:1211,161.74,38.83,16.76,2.07,0.0
20220902:1311,150.04,35.98,17.01,2.0,0.0
20220902:1411,131.46,31.07,16.98,1.93,0.0
20220902:1511,119.07,24.69,16.75,1.66,0.0
20220902:1611,77.77,17.39,16.3,1.45,0.0
20220902:1711,67.5,9.66,15.62,0.97,0.0
20220902:1811,4.82,1.91,14.52,0.48,0.0
20220902:1911,0.0,0.0,13.84,0.21,0.0
20220902:2011,0.0,0.0,12.97,0.55,0.0
20220902:2111,0.0,0.0,11.38,1.17,0.0
20220902:2211,0.0,0.0,10.15,1.38,0.0
20220902:2311,0.0,0.0,9.48,1.38,0.0
20220903:0011,0.0,0.0,8.81,1.45,0.0
20220903:0111,0.0,0.0,8.08,1.59,0.0
20220903:0211,0.0,0.0,7.61,1.66,0.0
20220903:0311,0.0,0.0,7.33,1.66,0.0
20220903:0411,0.0,0.0,6.86,1.66,0.0
20220903:0511,9.64,3.74,7.04,1.66,0.0
20220903:0611,56.44,11.52,8.29,1.38,0.0
20220903:0711,74.33,19.18,11.04,1.45,0.0
20220903:0811,81.9,26.26,12.9,2.0,0.0
20220903:0911,138.34,32.28,14.28,2.34,0.0
20220903:1011,190.65,36.65,15.4,2.62,0.0
20220903:1111,205.1,38.83,15.94,2.69,0.0
20220903:1211,205.1,38.46,16.28,2.69,0.0
20220903:1311,148.66,35.61,16.37,2.62,0.0
20220903:1411,160.36,30.71,16.31,2.34,0.0
20220903:1511,68.14,24.33,16.04,2.14,0.0
20220903:1611,26.15,17.03,15.72,1.79,0.0
20220903:1711,56.87,9.3,14.43,0.76,0.0
20220903:1811,2.75,1.55,13.75,1.24,0.0
20220903:1911,0.0,0.0,12.65,1.31,0.0
20220903:2011,0.0,0.0,11.59,1.59,0.0
20220903:2111,0.0,0.0,11.25,1.66,0.0
20220903:2211,0.0,0.0,10.68,1.66,0.0
20220903:2311,0.0,0.0,10.16,1.59,0.0
20220904:0011,0.0,0.0,9.61,1.59,0.0
20220904:0111,0.0,0.0,9.41,1.45,0.0
20220904:0211,0.0,0.0,9.26,1.59,0.0
20220904:0311,0.0,0.0,9.28,1.66,0.0
20220904:0411,0.0,0.0,9.07,1.66,0.0
20220904:0511,13.08,3.47,9.27,1.79,0.0
20220904:0611,50.24,11.26,10.3,2.34,0.0
20220904:0711,99.11,18.9,11.61,2.97,0.0
20220904:0811,137.65,25.97,12.71,3.24,0.0
20220904:0911,173.44,31.97,13.62,3.45,0.0
20220904:1011,122.51,36.32,14.34,3.59,0.0
20220904:1111,203.03,38.46,14.85,3.72,0.0
20220904:1211,205.79,38.08,15.12,3.86,0.0
20220904:1311,187.2,35.23,15.08,3.66,0.0
20220904:1411,146.6,30.33,14.85,3.31,0.0
20220904:1511,128.7,23.96,14.94,3.45,0.0
20220904:1611,79.84,16.67,14.44,2.9,0.0
20220904:1711,54.53,8.94,13.81,2.48,0.0
20220904:1811,0.69,1.19,12.9,2.28,0.0
20220904:1911,0.0,0.0,12.02,2.48,0.0
20220904:2011,0.0,0.0,11.38,2.55,0.0
20220904:2111,0.0,0.0,10.88,2.62,0.0
20220904:2211,0.0,0.0,10.78,2.76,0.0
20220904:2311,0.0,0.0,10.67,2.76,0.0
20220905:0011,0.0,0.0,10.51,2.69,0.0
20220905:0111,0.0,0.0,10.59,2.83,0.0
20220905:0211,0.0,0.0,10.73,2.9,0.0
20220905:0311,0.0,0.0,10.82,2.9,0.0
20220905:0411,0.0,0.0,10.85,3.03,0.0
20220905:0511,1.38,3.2,10.99,3.38,0.0
20220905:0611,37.85,10.99,11.23,3.72,0.0
20220905:0711,63.32,18.62,12.43,4.69,0.0
20220905:0811,130.08,25.68,13.09,4.62,0.0
20220905:0911,143.16,31.65,13.58,4.55,0.0
20220905:1011,185.14,35.98,14.58,4.9,0.0
20220905:1111,200.28,38.1,14.52,4.83,0.0
20220905:1211,192.02,37.71,14.65,4.69,0.0
20220905:1311,117.0,34.85,14.74,4.41,0.0
20220905:1411,61.25,29.96,14.64,3.86,0.0
20220905:1511,69.51,23.59,14.7,3.31,0.0
20220905:1611,39.92,16.31,14.26,3.1,0.0
20220905:1711,19.97,8.58,13.63,3.03,0.0
20220905:1811,0.0,0.0,12.81,3.17,0.0
20220905:1911,0.0,0.0,12.08,2.9,0.0
20220905:2011,0.0,0.0,11.58,3.1,0.0
20220905:2111,0.0,0.0,11.08,2.97,0.0
20220905:2211,0.0,0.0,10.78,2.69,0.0
20220905:2311,0.0,0.0,10.74,2.55,0.0
20220906:0011,0.0,0.0,10.64,2.55,0.0
20220906:0111,0.0,0.0,10.45,2.55,0.0
20220906:0211,0.0,0.0,10.5,2.62,0.0
20220906:0311,0.0,0.0,10.58,2.62,0.0
20220906:0411,0.0,0.0,10.78,2.62,0.0
20220906:0511,2.75,2.93,10.9,2.76,0.0
20220906:0611,39.92,10.72,11.04,2.76,0.0
20220906:0711,0.0,0.0,12.2,2.48,0.0
20220906:0811,121.13,25.39,13.53,3.66,0.0
20220906:0911,148.66,31.34,14.41,4.0,0.0
20220906:1011,167.93,35.63,15.18,4.21,0.0
20220906:1111,199.59,37.74,15.7,4.21,0.0
20220906:1211,156.92,37.33,15.86,4.21,0.0
20220906:1311,172.75,34.47,15.79,3.93,0.0
20220906:1411,147.97,29.58,15.36,3.66,0.0
20220906:1511,120.44,23.22,15.01,3.52,0.0
20220906:1611,82.59,15.94,14.58,3.17,0.0
20220906:1711,44.5,8.22,13.77,2.83,0.0
20220906:1811,0.0,0.0,12.52,2.69,0.0
20220906:1911,0.0,0.0,11.42,2.55,0.0
20220906:2011,0.0,0.0,10.61,2.48,0.0
20220906:2111,0.0,0.0,9.74,2.28,0.0
20220906:2211,0.0,0.0,9.12,2.48,0.0
20220906:2311,0.0,0.0,8.33,2.41,0.0
20220907:0011,0.0,0.0,7.61,2.28,0.0
20220907:0111,0.0,0.0,7.47,2.55,0.0
20220907:0211,0.0,0.0,7.53,2.62,0.0
20220907:0311,0.0,0.0,7.52,2.62,0.0
20220907:0411,0.0,0.0,7.58,2.69,0.0
20220907:0511,2.75,2.66,7.6,2.76,0.0
20220907:0611,34.41,10.45,8.63,2.97,0.0
20220907:0711,27.53,18.07,10.1,2.9,0.0
20220907:0811,48.87,25.09,11.34,3.59,0.0
20220907:0911,98.42,31.02,12.29,4.21,0.0
20220907:1011,99.8,35.29,13.18,4.28,0.0
20220907:1111,86.03,37.37,13.37,4.0,0.0
20220907:1211,113.56,36.95,14.29,4.21,0.0
20220907:1311,49.55,34.09,14.75,4.07,0.0
20220907:1411,58.5,29.2,14.9,4.0,0.0
20220907:1511,53.0,22.85,14.66,3.72,0.0
20220907:1611,22.71,15.58,13.97,3.45,0.0
20220907:1711,19.97,7.86,13.2,3.38,0.0
20220907:1811,0.0,0.0,12.3,3.38,0.0
20220907:1911,0.0,0.0,11.71,3.52,0.0
20220907:2011,0.0,0.0,11.31,3.45,0.0
20220907:2111,0.0,0.0,11.14,3.45,0.0
20220907:2211,0.0,0.0,11.05,3.59,0.0
20220907:2311,0.0,0.0,11.01,3.66,0.0
20220908:0011,0.0,0.0,10.77,3.72,0.0
20220908:0111,0.0,0.0,10.5,3.66,0.0
20220908:0211,0.0,0.0,10.04,3.66,0.0
20220908:0311,0.0,0.0,10.04,3.79,0.0
20220908:0411,0.0,0.0,10.05,3.79,0.0
20220908:0511,1.38,2.38,10.3,4.14,0.0
20220908:0611,21.34,10.17,10.6,4.28,0.0
20220908:0711,35.79,17.79,10.99,4.69,0.0
20220908:0811,103.93,24.79,11.05,5.03,0.0
20220908:0911,114.25,30.7,11.81,5.59,0.0
20220908:1011,75.71,34.94,12.84,5.86,0.0
20220908:1111,192.02,37.0,13.34,6.14,0.0
20220908:1211,161.74,36.56,13.42,5.86,0.0
20220908:1311,150.73,33.7,13.53,5.59,0.0
20220908:1411,127.33,28.82,13.36,5.38,0.0
20220908:1511,106.68,22.48,13.12,5.03,0.0
20220908:1611,53.68,15.21,12.62,4.62,0.0
20220908:1711,20.77,7.49,12.02,4.34,0.0
20220908:1811,0.0,0.0,11.24,4.21,0.0
20220908:1911,0.0,0.0,10.57,4.48,0.0
20220908:2011,0.0,0.0,10.26,4.55,0.0
20220908:2111,0.0,0.0,9.94,4.48,0.0
20220908:2211,0.0,0.0,9.58,4.48,0.0
20220908:2311,0.0,0.0,9.4,4.55,0.0
20220909:0011,0.0,0.0,9.3,4.55,0.0
20220909:0111,0.0,0.0,9.12,4.48,0.0
20220909:0211,0.0,0.0,8.93,4.34,0.0
20220909:0311,0.0,0.0,8.76,4.28,0.0
20220909:0411,0.0,0.0,8.67,4.55,0.0
20220909:0511,0.69,2.11,8.52,4.62,0.0
20220909:0611,33.04,9.9,8.76,4.48,0.0
20220909:0711,50.93,17.5,9.45,4.14,0.0
20220909:0811,37.85,24.49,10.0,5.24,0.0
20220909:0911,117.69,30.38,9.57,3.93,0.0
20220909:1011,110.12,34.59,9.23,4.34,0.0
20220909:1111,112.18,36.63,9.18,4.48,0.0
20220909:1211,95.67,36.18,9.99,4.48,0.0
20220909:1311,108.06,33.32,11.19,4.55,0.0
20220909:1411,69.51,28.44,12.12,4.97,0.0
20220909:1511,44.05,22.1,12.13,4.83,0.0
20220909:1611,34.41,14.84,11.61,4.34,0.0
20220909:1711,26.59,7.12,11.18,4.62,0.0
20220909:1811,0.0,0.0,10.76,4.55,0.0
20220909:1911,0.0,0.0,10.7,4.21,0.0
20220909:2011,0.0,0.0,10.52,4.14,0.0
20220909:2111,0.0,0.0,10.53,4.14,0.0
20220909:2211,0.0,0.0,10.5,4.07,0.0
20220909:2311,0.0,0.0,10.32,3.79,0.0
20220910:0011,0.0,0.0,10.28,3.59,0.0
20220910:0111,0.0,0.0,10.0,3.38,0.0
20220910:0211,0.0,0.0,9.77,3.31,0.0
20220910:0311,0.0,0.0,9.83,3.17,0.0
20220910:0411,0.0,0.0,9.66,2.9,0.0
20220910:0511,0.69,1.83,9.41,2.48,0.0
20220910:0611,40.61,9.62,9.67,2.21,0.0
20220910:0711,86.72,17.22,10.01,1.59,0.0
20220910:0811,121.13,24.19,10.5,1.52,0.0
20220910:0911,121.13,30.05,11.32,1.79,0.0
20220910:1011,179.63,34.24,11.87,1.52,0.0
20220910:1111,96.36,36.26,12.25,1.31,0.0
20220910:1211,99.11,35.79,12.7,1.52,0.0
20220910:1311,108.74,32.93,13.14,1.52,0.0
20220910:1411,119.07,28.06,13.13,0.97,0.0
20220910:1511,77.77,21.72,12.88,0.41,0.0
20220910:1611,59.19,14.47,12.67,0.34,0.0
20220910:1711,22.37,6.75,12.48,0.28,0.0
20220910:1811,0.0,0.0,12.07,0.28,0.0
20220910:1911,0.0,0.0,11.49,0.34,0.0
20220910:2011,0.0,0.0,11.16,0.48,0.0
20220910:2111,0.0,0.0,11.06,0.41,0.0
20220910:2211,0.0,0.0,10.83,0.62,0.0
20220910:2311,0.0,0.0,10.83,0.48,0.0
20220911:0011,0.0,0.0,10.78,0.48,0.0
20220911:0111,0.0,0.0,10.95,0.41,0.0
20220911:0211,0.0,0.0,11.0,0.34,0.0
20220911:0311,0.0,0.0,10.92,0.41,0.0
20220911:0411,0.0,0.0,10.67,0.55,0.0
20220911:0511,0.69,1.56,10.57,0.55,0.0
20220911:0611,39.23,9.35,10.87,0.41,0.0
20220911:0711,81.9,16.94,10.5,0.34,0.0
20220911:0811,100.48,23.89,11.62,0.48,0.0
20220911:0911,101.17,29.73,13.23,1.52,0.0
20220911:1011,131.46,33.89,14.13,2.14,0.0
20220911:1111,192.02,35.88,14.54,2.07,0.0
20220911:1211,183.07,35.41,14.62,1.79,0.0
20220911:1311,178.26,32.54,15.19,1.93,0.0
20220911:1411,145.91,27.67,15.19,2.28,0.0
20220911:1511,101.17,21.35,14.62,2.34,0.0
20220911:1611,68.83,14.09,13.79,2.0,0.0
20220911:1711,30.9,6.38,12.91,1.38,0.0
20220911:1811,0.0,0.0,11.69,1.03,0.0
20220911:1911,0.0,0.0,10.99,0.55,0.0
20220911:2011,0.0,0.0,10.64,0.55,0.0
20220911:2111,0.0,0.0,10.21,0.69,0.0
20220911:2211,0.0,0.0,10.13,0.62,0.0
20220911:2311,0.0,0.0,10.08,0.62,0.0
20220912:0011,0.0,0.0,9.1,1.1,0.0
20220912:0111,0.0,0.0,9.5,0.97,0.0
20220912:0211,0.0,0.0,9.5,1.1,0.0
20220912:0311,0.0,0.0,10.02,1.79,0.0
20220912:0411,0.0,0.0,10.2,2.21,0.0
20220912:0511,0.0,0.0,10.31,2.34,0.0
20220912:0611,15.14,9.07,10.63,2.55,0.0
20220912:0711,30.28,16.65,11.49,2.21,0.0
20220912:0811,106.68,23.59,11.54,2.41,0.0
20220912:0911,44.74,29.4,11.78,3.66,0.0
20220912:1011,62.63,33.54,11.76,3.79,0.0
20220912:1111,47.49,35.51,12.19,4.41,0.0
20220912:1211,48.18,35.02,12.29,4.41,0.0
20220912:1311,51.62,32.15,12.63,3.03,0.0
20220912:1411,61.25,27.28,13.04,2.41,0.0
20220912:1511,42.67,20.96,13.47,2.0,0.0
20220912:1611,26.15,13.72,13.61,1.93,0.0
20220912:1711,4.79,6.01,13.55,1.72,0.0
20220912:1811,0.0,0.0,13.33,1.93,0.0
20220912:1911,0.0,0.0,12.85,1.79,0.0
20220912:2011,0.0,0.0,11.91,2.07,0.0
20220912:2111,0.0,0.0,11.15,1.66,0.0
20220912:2211,0.0,0.0,10.56,1.52,0.0
20220912:2311,0.0,0.0,9.91,1.24,0.0
20220913:0011,0.0,0.0,9.42,1.24,0.0
20220913:0111,0.0,0.0,8.69,1.72,0.0
20220913:0211,0.0,0.0,8.15,2.28,0.0
20220913:0311,0.0,0.0,8.01,3.03,0.0
20220913:0411,0.0,0.0,7.51,2.48,0.0
20220913:0511,0.0,0.0,7.25,2.55,0.0
20220913:0611,13.08,8.79,7.36,2.21,0.0
20220913:0711,85.34,16.36,8.14,1.86,0.0
20220913:0811,125.95,23.29,8.98,1.45,0.0
20220913:0911,126.64,29.07,10.23,2.34,0.0
20220913:1011,104.61,33.19,10.45,3.1,0.0
20220913:1111,88.1,35.13,10.53,3.66,0.0
20220913:1211,116.31,34.63,11.06,4.07,0.0
20220913:1311,165.18,31.75,11.35,4.41,0.0
20220913:1411,102.55,26.89,11.5,4.21,0.0
20220913:1511,94.29,20.58,11.55,4.41,0.0
20220913:1611,57.12,13.34,11.54,3.72,0.0
20220913:1711,20.73,5.63,10.92,4.28,0.0
20220913:1811,0.0,0.0,9.96,4.07,0.0
20220913:1911,0.0,0.0,9.8,3.45,0.0
20220913:2011,0.0,0.0,9.59,3.38,0.0
20220913:2111,0.0,0.0,9.32,3.24,0.0
20220913:2211,0.0,0.0,9.15,3.1,0.0
20220913:2311,0.0,0.0,8.96,2.97,0.0
20220914:0011,0.0,0.0,8.96,2.83,0.0
20220914:0111,0.0,0.0,8.69,2.69,0.0
20220914:0211,0.0,0.0,8.56,2.83,0.0
20220914:0311,0.0,0.0,8.39,2.76,0.0
20220914:0411,0.0,0.0,8.2,2.76,0.0
20220914:0511,0.0,0.0,7.95,2.69,0.0
20220914:0611,40.61,8.51,7.95,3.17,0.0
20220914:0711,72.95,16.07,8.66,3.52,0.0
20220914:0811,125.26,22.98,9.2,3.59,0.0
20220914:0911,130.08,28.74,9.86,3.79,0.0
20220914:1011,152.79,32.83,10.24,3.72,0.0
20220914:1111,165.87,34.75,10.98,3.79,0.0
20220914:1211,165.18,34.24,11.19,3.79,0.0
20220914:1311,161.05,31.36,11.2,3.79,0.0
20220914:1411,143.84,26.5,11.02,3.79,0.0
20220914:1511,104.61,20.2,10.54,3.31,0.0
20220914:1611,53.68,12.96,9.89,2.97,0.0
20220914:1711,23.55,5.26,9.16,2.76,0.0
20220914:1811,0.0,0.0,8.25,2.48,0.0
20220914:1911,0.0,0.0,7.44,2.0,0.0
20220914:2011,0.0,0.0,7.33,2.21,0.0
20220914:2111,0.0,0.0,6.94,2.28,0.0
20220914:2211,0.0,0.0,6.61,2.34,0.0
20220914:2311,0.0,0.0,6.36,2.48,0.0
20220915:0011,0.0,0.0,6.04,2.48,0.0
20220915:0111,0.0,0.0,6.12,3.59,0.0
20220915:0211,0.0,0.0,6.37,3.66,0.0
20220915:0311,0.0,0.0,6.31,3.31,0.0
20220915:0411,0.0,0.0,5.92,3.17,0.0
20220915:0511,0.0,0.0,5.8,3.17,0.0
20220915:0611,36.48,8.23,6.02,3.31,0.0
20220915:0711,59.19,15.78,7.08,4.83,0.0
20220915:0811,118.38,22.67,8.14,4.97,0.0
20220915:0911,154.17,28.41,8.93,4.97,0.0
20220915:1011,148.66,32.47,9.7,5.17,0.0
20220915:1111,160.36,34.37,10.01,5.17,0.0
20220915:1211,187.2,33.84,10.16,5.52,0.0
20220915:1311,172.06,30.96,10.25,6.14,0.0
20220915:1411,143.84,26.11,9.84,6.07,0.0
20220915:1511,98.42,19.81,9.04,5.1,0.0
20220915:1611,49.55,12.58,8.23,5.52,0.0
20220915:1711,21.34,4.88,7.35,4.34,0.0
20220915:1811,0.0,0.0,6.85,4.34,0.0
20220915:1911,0.0,0.0,6.61,4.21,0.0
20220915:2011,0.0,0.0,6.71,3.86,0.0
20220915:2111,0.0,0.0,6.86,3.17,0.0
20220915:2211,0.0,0.0,7.06,2.07,0.0
20220915:2311,0.0,0.0,7.28,1.59,0.0
20220916:0011,0.0,0.0,7.37,1.38,0.0
20220916:0111,0.0,0.0,6.97,1.79,0.0
20220916:0211,0.0,0.0,6.14,2.0,0.0
20220916:0311,0.0,0.0,5.28,2.14,0.0
20220916:0411,0.0,0.0,4.54,2.07,0.0
20220916:0511,0.0,0.0,4.11,2.07,0.0
20220916:0611,34.41,7.95,4.3,1.93,0.0
20220916:0711,68.83,15.49,7.0,1.86,0.0
20220916:0811,77.08,22.37,9.0,2.14,0.0
20220916:0911,93.6,28.08,10.07,2.55,0.0
20220916:1011,119.76,32.12,10.94,2.83,0.0
20220916:1111,114.94,33.99,11.94,3.31,0.0
20220916:1211,77.08,33.45,12.42,3.86,0.0
20220916:1311,99.8,30.57,12.54,4.14,0.0
20220916:1411,136.27,25.72,12.57,4.28,0.0
20220916:1511,103.93,19.43,12.08,4.14,0.0
20220916:1611,59.19,12.2,11.14,3.86,0.0
20220916:1711,18.58,4.5,9.8,4.07,0.0
20220916:1811,0.0,0.0,8.52,3.72,0.0
20220916:1911,0.0,0.0,7.72,3.31,0.0
20220916:2011,0.0,0.0,7.04,3.17,0.0
20220916:2111,0.0,0.0,6.54,3.1,0.0
20220916:2211,0.0,0.0,6.2,3.03,0.0
20220916:2311,0.0,0.0,5.94,2.83,0.0
20220917:0011,0.0,0.0,5.67,2.83,0.0
20220917:0111,0.0,0.0,5.2,2.76,0.0
20220917:0211,0.0,0.0,4.86,2.76,0.0
20220917:0311,0.0,0.0,4.58,2.83,0.0
20220917:0411,0.0,0.0,4.51,2.83,0.0
20220917:0511,0.0,0.0,4.32,2.9,0.0
20220917:0611,35.79,7.67,4.55,3.1,0.0
20220917:0711,52.31,15.2,6.28,3.17,0.0
20220917:0811,84.65,22.06,7.73,4.07,0.0
20220917:0911,124.57,27.75,8.9,4.69,0.0
20220917:1011,131.46,31.76,9.88,5.38,0.0
20220917:1111,114.25,33.61,10.31,5.45,0.0
20220917:1211,91.54,33.06,10.73,5.52,0.0
20220917:1311,145.22,30.17,10.62,5.17,0.0
20220917:1411,84.65,25.33,10.46,4.76,0.0
20220917:1511,61.25,19.04,9.93,4.69,0.0
20220917:1611,45.42,11.82,9.1,4.14,0.0
20220917:1711,17.89,4.12,8.16,3.79,0.0
20220917:1811,0.0,0.0,6.97,3.52,0.0
20220917:1911,0.0,0.0,6.28,3.45,0.0
20220917:2011,0.0,0.0,5.66,3.31,0.0
20220917:2111,0.0,0.0,5.16,3.31,0.0
20220917:2211,0.0,0.0,4.96,3.31,0.0
20220917:2311,0.0,0.0,4.93,3.38,0.0
20220918:0011,0.0,0.0,5.06,3.38,0.0
20220918:0111,0.0,0.0,5.09,3.24,0.0
20220918:0211,0.0,0.0,4.82,2.9,0.0
20220918:0311,0.0,0.0,4.42,2.62,0.0
20220918:0411,0.0,0.0,3.87,2.41,0.0
20220918:0511,0.0,0.0,3.39,2.14,0.0
20220918:0611,30.28,7.38,3.3,2.14,0.0
20220918:0711,53.68,14.91,5.18,1.86,0.0
20220918:0811,71.58,21.74,6.95,2.07,0.0
20220918:0911,86.72,27.41,7.98,2.28,0.0
20220918:1011,82.59,31.4,8.97,2.69,0.0
20220918:1111,88.1,33.23,9.76,2.9,0.0
20220918:1211,71.58,32.66,10.91,3.03,0.0
20220918:1311,86.03,29.77,11.8,3.03,0.0
20220918:1411,62.63,24.94,12.35,2.97,0.0
20220918:1511,55.75,18.66,12.47,2.69,0.0
20220918:1611,41.3,11.44,11.99,2.21,0.0
20220918:1711,15.83,3.74,10.56,2.14,0.0
20220918:1811,0.0,0.0,8.8,2.07,0.0
20220918:1911,0.0,0.0,7.57,1.93,0.0
20220918:2011,0.0,0.0,6.04,1.72,0.0
20220918:2111,0.0,0.0,5.35,1.66,0.0
20220918:2211,0.0,0.0,4.85,1.59,0.0
20220918:2311,0.0,0.0,4.3,1.66,0.0
20220919:0011,0.0,0.0,3.92,1.66,0.0
20220919:0111,0.0,0.0,3.99,1.59,0.0
20220919:0211,0.0,0.0,4.29,1.52,0.0
20220919:0311,0.0,0.0,4.18,1.52,0.0
20220919:0411,0.0,0.0,3.83,1.52,0.0
20220919:0511,0.0,0.0,3.21,1.59,0.0
20220919:0611,30.97,7.1,3.45,1.45,0.0
20220919:0711,53.68,14.61,5.65,0.9,0.0
20220919:0811,71.58,21.43,8.51,0.83,0.0
20220919:0911,88.1,27.08,10.18,0.69,0.0
20220919:1011,117.0,31.04,11.27,0.55,0.0
20220919:1111,97.04,32.85,12.09,1.1,0.0
20220919:1211,105.99,32.27,12.57,1.59,0.0
20220919:1311,92.91,29.37,12.73,1.79,0.0
20220919:1411,68.83,24.54,12.38,2.41,0.0
20220919:1511,53.68,18.27,11.76,2.62,0.0
20220919:1611,42.67,11.06,10.88,2.28,0.0
20220919:1711,13.77,3.37,9.57,2.07,0.0
20220919:1811,0.0,0.0,7.87,1.79,0.0
20220919:1911,0.0,0.0,6.41,1.79,0.0
20220919:2011,0.0,0.0,4.88,1.79,0.0
20220919:2111,0.0,0.0,4.07,1.79,0.0
20220919:2211,0.0,0.0,3.61,1.79,0.0
20220919:2311,0.0,0.0,3.22,1.79,0.0
20220920:0011,0.0,0.0,2.82,1.72,0.0
20220920:0111,0.0,0.0,2.6,1.66,0.0
20220920:0211,0.0,0.0,2.56,1.66,0.0
20220920:0311,0.0,0.0,3.05,1.59,0.0
20220920:0411,0.0,0.0,4.31,1.38,0.0
20220920:0511,0.0,0.0,5.54,1.24,0.0
20220920:0611,29.59,6.82,5.66,1.24,0.0
20220920:0711,57.12,14.32,6.29,0.83,0.0
20220920:0811,114.94,21.12,8.63,0.76,0.0
20220920:0911,132.83,26.74,10.0,1.86,0.0
20220920:1011,170.0,30.67,10.75,2.41,0.0
20220920:1111,167.93,32.46,11.4,2.55,0.0
20220920:1211,176.19,31.87,11.24,2.48,0.0
20220920:1311,156.23,28.98,11.5,2.55,0.0
20220920:1411,127.33,24.15,10.88,2.34,0.0
20220920:1511,95.67,17.88,10.71,2.07,0.0
20220920:1611,51.62,10.68,10.22,1.72,0.0
20220920:1711,12.39,2.99,9.12,1.38,0.0
20220920:1811,0.0,0.0,7.73,1.17,0.0
20220920:1911,0.0,0.0,7.3,0.76,0.0
20220920:2011,0.0,0.0,6.8,0.69,0.0
20220920:2111,0.0,0.0,6.32,0.83,0.0
20220920:2211,0.0,0.0,5.96,0.83,0.0
20220920:2311,0.0,0.0,3.81,1.17,0.0
20220921:0011,0.0,0.0,2.57,1.38,0.0
20220921:0111,0.0,0.0,2.13,1.31,0.0
20220921:0211,0.0,0.0,2.72,1.24,0.0
20220921:0311,0.0,0.0,2.51,1.45,0.0
20220921:0411,0.0,0.0,2.39,1.52,0.0
20220921:0511,0.0,0.0,2.89,1.52,0.0
20220921:0611,28.22,6.53,3.24,1.52,0.0
20220921:0711,63.32,14.02,4.66,1.45,0.0
20220921:0811,66.07,20.81,6.37,1.31,0.0
20220921:0911,77.77,26.4,8.76,1.38,0.0
20220921:1011,112.87,30.31,10.46,1.66,0.0
20220921:1111,135.59,32.08,11.75,1.72,0.0
20220921:1211,83.28,31.47,12.55,1.79,0.0
20220921:1311,117.0,28.58,12.97,1.93,0.0
20220921:1411,116.31,23.75,12.74,2.14,0.0
20220921:1511,73.64,17.49,11.87,2.21,0.0
20220921:1611,47.49,10.29,11.14,1.86,0.0
20220921:1711,8.95,2.61,10.31,1.45,0.0
20220921:1811,0.0,0.0,9.25,0.76,0.0
20220921:1911,0.0,0.0,9.05,0.69,0.0
20220921:2011,0.0,0.0,8.5,0.55,0.0
20220921:2111,0.0,0.0,8.47,0.62,0.0
20220921:2211,0.0,0.0,8.13,0.76,0.0
20220921:2311,0.0,0.0,8.08,0.83,0.0
20220922:0011,0.0,0.0,8.33,0.97,0.0
20220922:0111,0.0,0.0,8.15,1.1,0.0
20220922:0211,0.0,0.0,8.63,1.17,0.0
20220922:0311,0.0,0.0,8.85,1.24,0.0
20220922:0411,0.0,0.0,9.15,1.24,0.0
20220922:0511,0.0,0.0,9.34,1.52,0.0
20220922:0611,11.01,6.24,9.61,1.86,0.0
20220922:0711,19.96,13.73,9.89,2.41,0.0
20220922:0811,30.97,20.49,10.76,2.69,0.0
20220922:0911,50.93,26.06,10.83,3.24,0.0
20220922:1011,73.64,29.95,11.29,3.38,0.0
20220922:1111,59.88,31.69,11.41,3.45,0.0
20220922:1211,56.44,31.08,11.9,4.07,0.0
20220922:1311,47.49,28.18,11.0,3.93,0.0
20220922:1411,48.18,23.36,10.95,3.79,0.0
20220922:1511,29.59,17.1,10.97,4.07,0.0
20220922:1611,29.59,9.91,10.53,4.55,0.0
20220922:1711,2.75,2.23,10.43,2.76,0.0
20220922:1811,0.0,0.0,10.59,2.76,0.0
20220922:1911,0.0,0.0,10.18,4.07,0.0
20220922:2011,0.0,0.0,10.21,3.66,0.0
20220922:2111,0.0,0.0,10.37,3.1,0.0
20220922:2211,0.0,0.0,10.36,3.59,0.0
20220922:2311,0.0,0.0,10.45,4.0,0.0
20220923:0011,0.0,0.0,10.29,3.66,0.0
20220923:0111,0.0,0.0,10.08,3.45,0.0
20220923:0211,0.0,0.0,10.14,3.17,0.0
20220923:0311,0.0,0.0,10.04,3.45,0.0
20220923:0411,0.0,0.0,10.07,3.31,0.0
20220923:0511,0.0,0.0,9.93,2.21,0.0
20220923:0611,13.08,5.96,9.89,1.59,0.0
20220923:0711,50.24,13.43,9.98,0.69,0.0
20220923:0811,105.99,20.17,9.91,0.69,0.0
20220923:0911,136.27,25.73,10.3,1.17,0.0
20220923:1011,158.3,29.58,11.01,0.97,0.0
20220923:1111,172.06,31.31,11.7,1.59,0.0
20220923:1211,137.65,30.68,11.83,2.07,0.0
20220923:1311,134.21,27.78,11.75,2.28,0.0
20220923:1411,114.94,22.96,12.28,2.55,0.0
20220923:1511,60.57,16.72,12.07,2.55,0.0
20220923:1611,39.92,9.53,11.44,2.34,0.0
20220923:1711,5.51,1.85,10.2,2.21,0.0
20220923:1811,0.0,0.0,9.01,2.0,0.0
20220923:1911,0.0,0.0,7.66,1.86,0.0
20220923:2011,0.0,0.0,6.52,1.79,0.0
20220923:2111,0.0,0.0,5.53,1.79,0.0
20220923:2211,0.0,0.0,4.82,1.79,0.0
20220923:2311,0.0,0.0,4.39,1.86,0.0
20220924:0011,0.0,0.0,3.97,2.0,0.0
20220924:0111,0.0,0.0,3.87,2.14,0.0
20220924:0211,0.0,0.0,3.93,2.14,0.0
20220924:0311,0.0,0.0,3.73,2.14,0.0
20220924:0411,0.0,0.0,3.53,2.21,0.0
20220924:0511,0.0,0.0,3.47,2.07,0.0
20220924:0611,24.78,5.67,3.46,2.0,0.0
20220924:0711,52.31,13.13,5.21,1.45,0.0
20220924:0811,72.27,19.86,8.35,1.66,0.0
20220924:0911,86.72,25.38,10.08,1.79,0.0
20220924:1011,101.17,29.22,11.34,1.79,0.0
20220924:1111,108.06,30.92,12.17,1.93,0.0
20220924:1211,81.21,30.28,12.47,1.93,0.0
20220924:1311,86.72,27.38,12.68,1.93,0.0
20220924:1411,74.33,22.57,12.53,2.0,0.0
20220924:1511,56.44,16.33,12.18,2.07,0.0
20220924:1611,37.85,9.15,11.45,1.79,0.0
20220924:1711,2.75,1.47,10.18,1.79,0.0
20220924:1811,0.0,0.0,8.38,1.66,0.0
20220924:1911,0.0,0.0,6.7,1.59,0.0
20220924:2011,0.0,0.0,5.59,1.52,0.0
20220924:2111,0.0,0.0,4.99,1.52,0.0
20220924:2211,0.0,0.0,4.41,1.52,0.0
20220924:2311,0.0,0.0,4.15,1.45,0.0
20220925:0011,0.0,0.0,3.81,1.31,0.0
20220925:0111,0.0,0.0,3.45,1.24,0.0
20220925:0211,0.0,0.0,3.34,1.17,0.0
20220925:0311,0.0,0.0,3.78,1.17,0.0
20220925:0411,0.0,0.0,3.42,1.31,0.0
20220925:0511,0.0,0.0,3.2,1.31,0.0
20220925:0611,19.27,5.38,3.79,1.03,0.0
20220925:0711,53.0,12.83,5.3,0.62,0.0
20220925:0811,83.28,19.54,7.17,0.69,0.0
20220925:0911,93.6,25.04,8.56,1.03,0.0
20220925:1011,77.08,28.85,9.35,1.66,0.0
20220925:1111,133.52,30.54,9.91,2.0,0.0
20220925:1211,66.07,29.88,9.88,2.21,0.0
20220925:1311,86.03,26.98,9.67,2.41,0.0
20220925:1411,85.34,22.17,9.19,2.55,0.0
20220925:1511,81.21,15.94,8.4,2.48,0.0
20220925:1611,43.36,8.76,7.61,2.28,0.0
20220925:1711,0.0,0.0,6.99,1.79,0.0
20220925:1811,0.0,0.0,6.57,1.72,0.0
20220925:1911,0.0,0.0,6.7,2.62,0.0
20220925:2011,0.0,0.0,6.92,2.76,0.0
20220925:2111,0.0,0.0,7.17,2.97,0.0
20220925:2211,0.0,0.0,7.38,2.83,0.0
20220925:2311,0.0,0.0,7.46,2.55,0.0
20220926:0011,0.0,0.0,7.72,2.9,0.0
20220926:0111,0.0,0.0,7.79,2.76,0.0
20220926:0211,0.0,0.0,7.9,2.62,0.0
20220926:0311,0.0,0.0,7.97,2.41,0.0
20220926:0411,0.0,0.0,7.93,2.14,0.0
20220926:0511,0.0,0.0,7.9,1.72,0.0
20220926:0611,22.02,5.09,8.04,1.24,0.0
20220926:0711,63.32,12.53,8.59,0.48,0.0
20220926:0811,80.53,19.22,9.01,0.62,0.0
20220926:0911,51.62,24.7,9.27,0.62,0.0
20220926:1011,77.77,28.48,10.26,0.69,0.0
20220926:1111,48.87,30.15,10.44,1.1,0.0
20220926:1211,121.13,29.48,10.64,1.1,0.0
20220926:1311,119.07,26.58,10.59,1.24,0.0
20220926:1411,117.0,21.78,10.15,1.79,0.0
20220926:1511,81.9,15.55,9.92,2.0,0.0
20220926:1611,38.54,8.38,8.86,1.86,0.0
20220926:1711,0.0,0.0,7.98,1.72,0.0
20220926:1811,0.0,0.0,7.3,1.31,0.0
20220926:1911,0.0,0.0,6.37,1.79,0.0
20220926:2011,0.0,0.0,6.03,1.52,0.0
20220926:2111,0.0,0.0,5.44,1.59,0.0
20220926:2211,0.0,0.0,4.82,1.45,0.0
20220926:2311,0.0,0.0,4.64,1.24,0.0
20220927:0011,0.0,0.0,4.12,1.31,0.0
20220927:0111,0.0,0.0,4.17,1.79,0.0
20220927:0211,0.0,0.0,4.59,1.59,0.0
20220927:0311,0.0,0.0,4.7,1.52,0.0
20220927:0411,0.0,0.0,4.83,1.45,0.0
20220927:0511,0.0,0.0,4.67,1.03,0.0
20220927:0611,5.51,4.8,5.19,0.76,0.0
20220927:0711,57.12,12.23,5.34,0.9,0.0
20220927:0811,99.8,18.9,6.83,0.9,0.0
20220927:0911,81.21,24.36,8.28,1.38,0.0
20220927:1011,155.54,28.12,9.69,2.21,0.0
20220927:1111,163.8,29.76,10.28,2.41,0.0
20220927:1211,160.36,29.09,10.49,2.07,0.0
20220927:1311,134.21,26.18,10.4,1.93,0.0
20220927:1411,92.91,21.38,9.52,0.97,0.0
20220927:1511,41.98,15.16,8.98,1.1,0.0
20220927:1611,22.71,8.0,8.51,1.59,0.0
20220927:1711,0.0,0.0,7.88,2.07,0.0
20220927:1811,0.0,0.0,7.62,2.07,0.0
20220927:1911,0.0,0.0,7.94,2.48,0.0
20220927:2011,0.0,0.0,8.2,3.03,0.0
20220927:2111,0.0,0.0,8.5,4.55,0.0
20220927:2211,0.0,0.0,8.5,4.62,0.0
20220927:2311,0.0,0.0,8.46,4.62,0.0
20220928:0011,0.0,0.0,8.55,4.69,0.0
20220928:0111,0.0,0.0,8.37,4.62,0.0
20220928:0211,0.0,0.0,8.14,4.34,0.0
20220928:0311,0.0,0.0,8.15,4.21,0.0
20220928:0411,0.0,0.0,8.16,4.14,0.0
20220928:0511,0.0,0.0,8.2,4.28,0.0
20220928:0611,11.7,4.51,8.38,4.34,0.0
20220928:0711,9.64,11.93,9.29,3.86,0.0
20220928:0811,66.76,18.58,9.84,4.14,0.0
20220928:0911,23.4,24.02,10.72,4.0,0.0
20220928:1011,49.55,27.75,10.68,5.17,0.0
20220928:1111,28.91,29.38,10.6,4.55,0.0
20220928:1211,37.17,28.69,10.6,5.17,0.0
20220928:1311,81.9,25.78,9.88,4.97,0.0
20220928:1411,58.5,20.99,9.97,3.93,0.0
20220928:1511,27.53,14.78,10.17,3.52,0.0
20220928:1611,22.02,7.62,10.1,4.41,0.0
20220928:1711,0.0,0.0,9.65,4.41,0.0
20220928:1811,0.0,0.0,9.01,4.34,0.0
20220928:1911,0.0,0.0,8.71,4.07,0.0
20220928:2011,0.0,0.0,8.31,3.93,0.0
20220928:2111,0.0,0.0,7.94,3.86,0.0
20220928:2211,0.0,0.0,7.75,3.59,0.0
20220928:2311,0.0,0.0,7.43,3.31,0.0
20220929:0011,0.0,0.0,7.01,3.03,0.0
20220929:0111,0.0,0.0,6.73,2.97,0.0
20220929:0211,0.0,0.0,6.6,3.03,0.0
20220929:0311,0.0,0.0,6.41,3.17,0.0
20220929:0411,0.0,0.0,6.05,3.17,0.0
20220929:0511,0.0,0.0,5.65,2.97,0.0
20220929:0611,11.7,4.22,5.33,2.83,0.0
20220929:0711,54.37,11.62,6.05,2.0,0.0
20220929:0811,68.14,18.26,7.82,2.69,0.0
20220929:0911,79.15,23.67,8.87,3.17,0.0
20220929:1011,82.59,27.38,9.93,3.1,0.0
20220929:1111,124.57,28.99,10.7,2.97,0.0
20220929:1211,154.17,28.29,11.21,2.69,0.0
20220929:1311,136.27,25.38,11.28,2.28,0.0
20220929:1411,112.87,20.6,11.25,1.72,0.0
20220929:1511,65.38,14.39,11.06,0.76,0.0
20220929:1611,33.04,7.24,10.53,0.55,0.0
20220929:1711,0.0,0.0,9.09,0.62,0.0
20220929:1811,0.0,0.0,8.12,0.83,0.0
20220929:1911,0.0,0.0,7.91,0.07,0.0
20220929:2011,0.0,0.0,7.19,0.76,0.0
20220929:2111,0.0,0.0,6.6,0.97,0.0
20220929:2211,0.0,0.0,4.52,1.31,0.0
20220929:2311,0.0,0.0,3.03,1.24,0.0
20220930:0011,0.0,0.0,2.43,1.03,0.0
20220930:0111,0.0,0.0,2.33,0.97,0.0
20220930:0211,0.0,0.0,2.32,1.03,0.0
20220930:0311,0.0,0.0,2.11,1.17,0.0
20220930:0411,0.0,0.0,1.57,1.31,0.0
20220930:0511,0.0,0.0,1.12,1.38,0.0
20220930:0611,15.83,3.93,0.75,1.38,0.0
20220930:0711,46.11,11.32,2.33,1.17,0.0
20220930:0811,64.7,17.94,5.74,1.24,0.0
20220930:0911,121.82,23.33,7.44,2.76,0.0
20220930:1011,80.53,27.01,8.52,4.21,0.0
20220930:1111,40.61,28.6,9.2,4.62,0.0
20220930:1211,47.49,27.9,9.46,4.83,0.0
20220930:1311,59.19,24.98,9.32,4.83,0.0
20220930:1411,31.66,20.2,8.84,4.55,0.0
20220930:1511,29.59,14.01,8.17,4.34,0.0
20220930:1611,33.04,6.86,7.56,3.66,0.0
20220930:1711,0.0,0.0,7.13,3.45,0.0
20220930:1811,0.0,0.0,7.05,3.03,0.0
20220930:1911,0.0,0.0,7.08,3.72,0.0
20220930:2011,0.0,0.0,6.89,3.66,0.0
20220930:2111,0.0,0.0,6.8,3.79,0.0
20220930:2211,0.0,0.0,6.85,3.52,0.0
20220930:2311,0.0,0.0,7.0,3.1,0.0
20221001:0011,0.0,0.0,7.26,2.76,0.0
20221001:0111,0.0,0.0,7.33,2.9,0.0
20221001:0211,0.0,0.0,7.82,3.31,0.0
20221001:0311,0.0,0.0,8.06,3.45,0.0
20221001:0411,0.0,0.0,8.2,3.59,0.0
20221001:0511,0.0,0.0,8.46,2.9,0.0
20221001:0611,12.39,3.63,8.49,1.17,0.0
20221001:0711,53.68,11.02,8.75,0.9,0.0
20221001:0811,93.6,17.62,9.13,1.1,0.0
20221001:0911,101.17,22.98,9.69,0.76,0.0
20221001:1011,141.78,26.65,10.55,0.97,0.0
20221001:1111,150.73,28.22,11.19,1.1,0.0
20221001:1211,141.09,27.5,11.65,1.59,0.0
20221001:1311,101.86,24.59,11.53,2.0,0.0
20221001:1411,79.15,19.81,11.49,2.14,0.0
20221001:1511,70.89,13.62,10.89,2.21,0.0
20221001:1611,16.52,6.48,10.27,1.86,0.0
20221001:1711,0.0,0.0,9.0,1.38,0.0
20221001:1811,0.0,0.0,7.47,1.03,0.0
20221001:1911,0.0,0.0,6.42,1.45,0.0
20221001:2011,0.0,0.0,6.15,1.31,0.0
20221001:2111,0.0,0.0,6.03,1.24,0.0
20221001:2211,0.0,0.0,6.02,1.17,0.0
20221001:2311,0.0,0.0,5.83,1.17,0.0
20221002:0011,0.0,0.0,5.27,1.31,0.0
20221002:0111,0.0,0.0,5.2,1.31,0.0
20221002:0211,0.0,0.0,5.23,1.24,0.0
20221002:0311,0.0,0.0,5.24,1.24,0.0
20221002:0411,0.0,0.0,4.98,1.24,0.0
20221002:0511,0.0,0.0,4.89,1.31,0.0
20221002:0611,13.08,3.34,4.78,1.45,0.0
20221002:0711,39.92,10.71,5.73,1.38,0.0
20221002:0811,87.41,17.3,8.3,2.83,0.0
20221002:0911,65.38,22.64,9.27,3.1,0.0
20221002:1011,127.33,26.28,10.1,3.45,0.0
20221002:1111,151.42,27.83,10.63,3.24,0.0
20221002:1211,147.29,27.11,10.62,3.38,0.0
20221002:1311,130.77,24.19,10.41,3.24,0.0
20221002:1411,104.61,19.42,10.07,3.17,0.0
20221002:1511,68.83,13.24,9.7,3.1,0.0
20221002:1611,27.53,6.11,9.14,3.17,0.0
20221002:1711,0.0,0.0,8.27,2.9,0.0
20221002:1811,0.0,0.0,8.0,3.03,0.0
20221002:1911,0.0,0.0,7.81,2.9,0.0
20221002:2011,0.0,0.0,7.59,2.55,0.0
20221002:2111,0.0,0.0,7.47,2.0,0.0
20221002:2211,0.0,0.0,7.49,1.66,0.0
20221002:2311,0.0,0.0,7.46,1.66,0.0
20221003:0011,0.0,0.0,7.54,1.59,0.0
20221003:0111,0.0,0.0,7.6,2.0,0.0
20221003:0211,0.0,0.0,7.74,2.55,0.0
20221003:0311,0.0,0.0,7.66,2.69,0.0
20221003:0411,0.0,0.0,7.52,2.69,0.0
20221003:0511,0.0,0.0,7.35,2.48,0.0
20221003:0611,11.7,3.05,7.2,2.28,0.0
20221003:0711,50.24,10.41,7.71,2.0,0.0
20221003:0811,88.1,16.97,8.59,2.62,0.0
20221003:0911,103.24,22.29,9.39,2.9,0.0
20221003:1011,140.4,25.91,10.12,3.17,0.0
20221003:1111,148.66,27.45,10.83,3.45,0.0
20221003:1211,105.99,26.71,11.38,3.59,0.0
20221003:1311,64.7,23.8,11.53,3.66,0.0
20221003:1411,77.08,19.03,11.53,3.45,0.0
20221003:1511,61.94,12.86,11.06,2.69,0.0
20221003:1611,24.09,5.73,10.13,1.72,0.0
20221003:1711,0.0,0.0,8.91,1.24,0.0
20221003:1811,0.0,0.0,7.67,0.83,0.0
20221003:1911,0.0,0.0,7.92,0.48,0.0
20221003:2011,0.0,0.0,7.5,0.34,0.0
20221003:2111,0.0,0.0,7.4,0.41,0.0
20221003:2211,0.0,0.0,7.1,0.69,0.0
20221003:2311,0.0,0.0,6.22,0.9,0.0
20221004:0011,0.0,0.0,6.1,0.9,0.0
20221004:0111,0.0,0.0,6.35,0.83,0.0
20221004:0211,0.0,0.0,6.88,0.83,0.0
20221004:0311,0.0,0.0,7.26,1.03,0.0
20221004:0411,0.0,0.0,7.75,1.17,0.0
20221004:0511,0.0,0.0,8.1,1.38,0.0
20221004:0611,4.13,2.75,8.35,1.66,0.0
20221004:0711,13.77,10.1,8.62,1.72,0.0
20221004:0811,82.59,16.65,9.24,2.76,0.0
20221004:0911,34.41,21.95,10.1,3.45,0.0
20221004:1011,44.74,25.54,10.57,4.14,0.0
20221004:1111,59.88,27.06,10.85,4.21,0.0
20221004:1211,66.76,26.32,11.06,4.76,0.0
20221004:1311,33.04,23.4,10.83,3.52,0.0
20221004:1411,59.88,18.64,10.81,3.72,0.0
20221004:1511,19.27,12.48,10.77,3.31,0.0
20221004:1611,8.26,5.36,10.73,3.38,0.0
20221004:1711,0.0,0.0,10.57,3.52,0.0
20221004:1811,0.0,0.0,10.47,3.52,0.0
20221004:1911,0.0,0.0,10.7,2.97,0.0
20221004:2011,0.0,0.0,10.73,3.1,0.0
20221004:2111,0.0,0.0,10.91,2.9,0.0
20221004:2211,0.0,0.0,10.98,2.34,0.0
20221004:2311,0.0,0.0,10.95,1.79,0.0
20221005:0011,0.0,0.0,10.76,1.17,0.0
20221005:0111,0.0,0.0,10.68,0.9,0.0
20221005:0211,0.0,0.0,10.48,1.03,0.0
20221005:0311,0.0,0.0,10.31,0.97,0.0
20221005:0411,0.0,0.0,10.15,1.38,0.0
20221005:0511,0.0,0.0,10.18,1.86,0.0
20221005:0611,1.38,2.46,10.47,2.55,0.0
20221005:0711,14.45,9.8,10.73,1.86,0.0
20221005:0811,17.89,16.33,11.33,2.83,0.0
20221005:0911,36.48,21.6,11.61,3.31,0.0
20221005:1011,48.18,25.18,11.8,3.24,0.0
20221005:1111,26.15,26.68,11.78,4.21,0.0
20221005:1211,31.66,25.93,12.03,3.24,0.0
20221005:1311,30.28,23.01,11.86,2.48,0.0
20221005:1411,24.78,18.26,11.88,3.86,0.0
20221005:1511,33.04,12.1,11.49,4.07,0.0
20221005:1611,11.01,4.98,10.5,2.34,0.0
20221005:1711,0.0,0.0,9.49,2.28,0.0
20221005:1811,0.0,0.0,8.63,2.62,0.0
20221005:1911,0.0,0.0,8.48,2.9,0.0
20221005:2011,0.0,0.0,8.02,2.55,0.0
20221005:2111,0.0,0.0,7.62,2.28,0.0
20221005:2211,0.0,0.0,6.89,2.34,0.0
20221005:2311,0.0,0.0,6.54,1.93,0.0
20221006:0011,0.0,0.0,6.68,1.66,0.0
20221006:0111,0.0,0.0,6.94,2.34,0.0
20221006:0211,0.0,0.0,7.09,2.28,0.0
20221006:0311,0.0,0.0,6.89,2.83,0.0
20221006:0411,0.0,0.0,6.76,3.24,0.0
20221006:0511,0.0,0.0,6.51,3.38,0.0
20221006:0611,1.38,2.17,6.67,2.83,0.0
20221006:0711,46.11,9.49,7.32,3.24,0.0
20221006:0811,45.42,16.0,8.12,2.62,0.0
20221006:0911,64.7,21.26,8.12,3.45,0.0
20221006:1011,24.78,24.81,8.71,3.17,0.0
20221006:1111,26.15,26.29,8.74,4.55,0.0
20221006:1211,37.85,25.53,8.61,5.17,0.0
20221006:1311,22.02,22.62,8.67,5.59,0.0
20221006:1411,22.02,17.87,8.75,3.79,0.0
20221006:1511,33.04,11.72,8.55,3.38,0.0
20221006:1611,17.89,4.61,8.11,5.03,0.0
20221006:1711,0.0,0.0,7.68,3.66,0.0
20221006:1811,0.0,0.0,7.97,3.66,0.0
20221006:1911,0.0,0.0,8.63,4.62,0.0
20221006:2011,0.0,0.0,8.66,3.66,0.0
20221006:2111,0.0,0.0,8.56,3.17,0.0
20221006:2211,0.0,0.0,8.4,2.97,0.0
20221006:2311,0.0,0.0,8.36,2.69,0.0
20221007:0011,0.0,0.0,8.8,2.83,0.0
20221007:0111,0.0,0.0,8.96,2.9,0.0
20221007:0211,0.0,0.0,9.3,3.17,0.0
20221007:0311,0.0,0.0,9.9,3.66,0.0
20221007:0411,0.0,0.0,9.93,5.45,0.0
20221007:0511,0.0,0.0,9.82,5.38,0.0
20221007:0611,0.69,1.87,9.61,6.0,0.0
20221007:0711,9.64,9.19,9.5,5.24,0.0
20221007:0811,64.01,15.68,9.29,4.97,0.0
20221007:0911,24.09,20.91,9.52,5.1,0.0
20221007:1011,45.42,24.45,9.5,5.31,0.0
20221007:1111,27.53,25.91,9.3,5.45,0.0
20221007:1211,28.91,25.14,9.13,4.97,0.0
20221007:1311,68.14,22.23,9.08,2.97,0.0
20221007:1411,29.59,17.49,8.72,2.83,0.0
20221007:1511,21.34,11.35,8.1,2.48,0.0
20221007:1611,10.32,4.25,7.84,2.69,0.0
20221007:1711,0.0,0.0,7.28,2.62,0.0
20221007:1811,0.0,0.0,6.75,2.62,0.0
20221007:1911,0.0,0.0,6.39,1.17,0.0
20221007:2011,0.0,0.0,5.97,2.0,0.0
20221007:2111,0.0,0.0,5.56,1.66,0.0
20221007:2211,0.0,0.0,5.09,1.31,0.0
20221007:2311,0.0,0.0,4.69,1.45,0.0
20221008:0011,0.0,0.0,4.58,1.45,0.0
20221008:0111,0.0,0.0,4.79,1.17,0.0
20221008:0211,0.0,0.0,4.54,1.24,0.0
20221008:0311,0.0,0.0,4.89,1.52,0.0
20221008:0411,0.0,0.0,4.62,1.17,0.0
20221008:0511,0.0,0.0,4.6,1.38,0.0
20221008:0611,0.69,1.58,4.57,1.31,0.0
20221008:0711,41.3,8.88,4.37,1.31,0.0
20221008:0811,81.21,15.36,5.84,2.34,0.0
20221008:0911,82.59,20.57,6.68,3.03,0.0
20221008:1011,96.36,24.08,7.13,3.24,0.0
20221008:1111,143.16,25.53,7.57,3.66,0.0
20221008:1211,123.89,24.76,8.17,3.79,0.0
20221008:1311,109.43,21.84,8.29,3.86,0.0
20221008:1411,92.91,17.11,8.09,3.79,0.0
20221008:1511,56.44,10.97,7.3,3.45,0.0
20221008:1611,16.52,3.88,6.48,2.83,0.0
20221008:1711,0.0,0.0,5.32,2.55,0.0
20221008:1811,0.0,0.0,4.59,2.21,0.0
20221008:1911,0.0,0.0,4.18,1.79,0.0
20221008:2011,0.0,0.0,3.39,1.45,0.0
20221008:2111,0.0,0.0,4.12,0.97,0.0
20221008:2211,0.0,0.0,4.35,0.55,0.0
20221008:2311,0.0,0.0,4.59,0.48,0.0
20221009:0011,0.0,0.0,4.88,0.62,0.0
20221009:0111,0.0,0.0,5.17,0.97,0.0
20221009:0211,0.0,0.0,4.49,1.24,0.0
20221009:0311,0.0,0.0,4.42,1.52,0.0
20221009:0411,0.0,0.0,4.91,1.45,0.0
20221009:0511,0.0,0.0,4.8,1.52,0.0
20221009:0611,0.0,0.0,4.43,1.52,0.0
20221009:0711,23.4,8.57,4.57,1.72,0.0
20221009:0811,61.25,15.03,7.34,2.41,0.0
20221009:0911,53.0,20.22,8.27,3.45,0.0
20221009:1011,72.27,23.72,8.66,4.21,0.0
20221009:1111,43.36,25.15,9.42,4.83,0.0
20221009:1211,66.07,24.37,9.48,4.97,0.0
20221009:1311,94.98,21.46,9.71,4.83,0.0
20221009:1411,31.66,16.73,9.33,3.72,0.0
20221009:1511,53.68,10.6,9.03,3.45,0.0
20221009:1611,8.26,3.52,8.61,3.24,0.0
20221009:1711,0.0,0.0,7.92,3.1,0.0
20221009:1811,0.0,0.0,7.77,3.17,0.0
20221009:1911,0.0,0.0,8.08,3.38,0.0
20221009:2011,0.0,0.0,7.92,3.24,0.0
20221009:2111,0.0,0.0,8.03,4.0,0.0
20221009:2211,0.0,0.0,7.96,4.83,0.0
20221009:2311,0.0,0.0,7.8,4.97,0.0
20221010:0011,0.0,0.0,7.71,4.83,0.0
20221010:0111,0.0,0.0,7.77,4.07,0.0
20221010:0211,0.0,0.0,7.93,4.0,0.0
20221010:0311,0.0,0.0,8.04,4.62,0.0
20221010:0411,0.0,0.0,8.1,4.69,0.0
20221010:0511,0.0,0.0,8.3,4.83,0.0
20221010:0611,0.0,0.0,8.25,4.83,0.0
20221010:0711,15.14,8.27,8.55,4.21,0.0
20221010:0811,30.97,14.71,8.66,4.55,0.0
20221010:0911,28.91,19.88,8.15,3.72,0.0
20221010:1011,72.95,23.35,7.97,2.48,0.0
20221010:1111,98.42,24.77,7.56,2.41,0.0
20221010:1211,45.42,23.98,7.84,2.41,0.0
20221010:1311,38.54,21.08,8.01,2.41,0.0
20221010:1411,86.03,16.35,7.85,2.69,0.0
20221010:1511,38.54,10.23,7.03,2.83,0.0
20221010:1611,8.26,3.15,6.29,2.9,0.0
20221010:1711,0.0,0.0,5.27,2.69,0.0
20221010:1811,0.0,0.0,5.27,2.34,0.0
20221010:1911,0.0,0.0,4.89,2.9,0.0
20221010:2011,0.0,0.0,5.33,2.28,0.0
20221010:2111,0.0,0.0,5.13,3.66,0.0
20221010:2211,0.0,0.0,4.77,3.24,0.0
20221010:2311,0.0,0.0,4.56,3.38,0.0
20221011:0011,0.0,0.0,4.3,3.52,0.0
20221011:0111,0.0,0.0,3.98,3.45,0.0
20221011:0211,0.0,0.0,3.89,3.45,0.0
20221011:0311,0.0,0.0,3.66,3.38,0.0
20221011:0411,0.0,0.0,3.8,3.52,0.0
20221011:0511,0.0,0.0,3.57,3.38,0.0
20221011:0611,0.0,0.0,3.68,3.45,0.0
20221011:0711,38.54,7.96,4.24,3.17,0.0
20221011:0811,73.64,14.38,5.04,3.17,0.0
20221011:0911,100.48,19.54,5.75,3.79,0.0
20221011:1011,128.01,22.99,6.33,4.0,0.0
20221011:1111,0.0,0.0,6.61,4.14,0.0
20221011:1211,131.46,23.6,6.68,4.0,0.0
20221011:1311,114.25,20.69,6.94,4.14,0.0
20221011:1411,86.72,15.98,6.89,3.86,0.0
20221011:1511,45.42,9.87,6.6,2.76,0.0
20221011:1611,11.01,2.79,6.09,2.48,0.0
20221011:1711,0.0,0.0,5.38,1.93,0.0
20221011:1811,0.0,0.0,4.9,1.52,0.0
20221011:1911,0.0,0.0,4.98,1.31,0.0
20221011:2011,0.0,0.0,4.86,0.97,0.0
20221011:2111,0.0,0.0,5.33,0.69,0.0
20221011:2211,0.0,0.0,5.34,0.41,0.0
20221011:2311,0.0,0.0,5.32,0.34,0.0
20221012:0011,0.0,0.0,5.48,0.41,0.0
20221012:0111,0.0,0.0,5.53,0.76,0.0
20221012:0211,0.0,0.0,5.28,0.9,0.0
20221012:0311,0.0,0.0,5.62,0.97,0.0
20221012:0411,0.0,0.0,6.1,1.1,0.0
20221012:0511,0.0,0.0,6.47,1.24,0.0
20221012:0611,0.0,0.0,6.69,1.52,0.0
20221012:0711,27.53,7.65,6.64,1.45,0.0
20221012:0811,31.66,14.06,7.26,1.93,0.0
20221012:0911,26.84,19.19,7.61,2.9,0.0
20221012:1011,49.55,22.63,8.1,3.38,0.0
20221012:1111,0.0,0.0,8.74,3.59,0.0
20221012:1211,64.7,23.22,8.96,3.86,0.0
20221012:1311,33.72,20.31,8.84,3.38,0.0
20221012:1411,14.45,15.6,8.2,3.38,0.0
20221012:1511,19.96,9.5,7.98,3.24,0.0
20221012:1611,1.38,2.44,7.6,2.62,0.0
20221012:1711,0.0,0.0,7.48,2.41,0.0
20221012:1811,0.0,0.0,7.72,2.55,0.0
20221012:1911,0.0,0.0,7.71,3.24,0.0
20221012:2011,0.0,0.0,7.74,3.03,0.0
20221012:2111,0.0,0.0,7.82,3.1,0.0
20221012:2211,0.0,0.0,7.88,3.03,0.0
20221012:2311,0.0,0.0,7.95,2.14,0.0
20221013:0011,0.0,0.0,8.17,2.28,0.0
20221013:0111,0.0,0.0,8.05,2.07,0.0
20221013:0211,0.0,0.0,8.01,1.52,0.0
20221013:0311,0.0,0.0,8.05,1.31,0.0
20221013:0411,0.0,0.0,7.98,0.9,0.0
20221013:0511,0.0,0.0,7.99,0.9,0.0
20221013:0611,0.0,0.0,7.99,0.76,0.0
20221013:0711,34.41,7.35,7.84,0.76,0.0
20221013:0811,71.58,13.74,7.82,1.1,0.0
20221013:0911,82.59,18.85,8.18,1.66,0.0
20221013:1011,108.74,22.27,8.33,2.48,0.0
20221013:1111,126.64,23.65,8.8,2.69,0.0
20221013:1211,119.76,22.84,9.2,2.34,0.0
20221013:1311,100.48,19.94,9.24,2.21,0.0
20221013:1411,53.0,15.23,8.94,2.14,0.0
20221013:1511,39.23,9.14,8.45,1.93,0.0
20221013:1611,6.19,2.08,7.34,1.66,0.0
20221013:1711,0.0,0.0,5.63,1.59,0.0
20221013:1811,0.0,0.0,4.03,1.38,0.0
20221013:1911,0.0,0.0,3.0,1.52,0.0
20221013:2011,0.0,0.0,3.48,1.1,0.0
20221013:2111,0.0,0.0,3.24,1.1,0.0
20221013:2211,0.0,0.0,2.92,1.17,0.0
20221013:2311,0.0,0.0,1.73,1.1,0.0
20221014:0011,0.0,0.0,0.22,1.1,0.0
20221014:0111,0.0,0.0,-0.02,0.97,0.0
20221014:0211,0.0,0.0,0.53,1.1,0.0
20221014:0311,0.0,0.0,0.79,1.24,0.0
20221014:0411,0.0,0.0,1.66,1.17,0.0
20221014:0511,0.0,0.0,2.63,1.31,0.0
20221014:0611,0.0,0.0,2.84,1.38,0.0
20221014:0711,33.04,7.04,2.43,1.52,0.0
20221014:0811,64.7,13.42,4.12,1.38,0.0
20221014:0911,24.78,18.51,5.99,1.66,0.0
20221014:1011,34.41,21.91,7.17,3.31,0.0
20221014:1111,37.17,23.27,7.21,3.38,0.0
20221014:1211,26.15,22.46,7.49,3.1,0.0
20221014:1311,19.27,19.56,7.46,2.34,0.0
20221014:1411,47.49,14.87,7.68,2.34,0.0
20221014:1511,19.27,8.78,7.69,2.21,0.0
20221014:1611,3.44,1.73,7.23,1.79,0.0
20221014:1711,0.0,0.0,7.01,1.66,0.0
20221014:1811,0.0,0.0,6.7,1.59,0.0
20221014:1911,0.0,0.0,7.47,2.07,0.0
20221014:2011,0.0,0.0,7.67,2.55,0.0
20221014:2111,0.0,0.0,7.99,2.9,0.0
20221014:2211,0.0,0.0,8.06,3.03,0.0
20221014:2311,0.0,0.0,7.82,3.17,0.0
20221015:0011,0.0,0.0,7.49,2.97,0.0
20221015:0111,0.0,0.0,6.49,2.69,0.0
20221015:0211,0.0,0.0,5.83,1.86,0.0
20221015:0311,0.0,0.0,4.89,1.66,0.0
20221015:0411,0.0,0.0,4.38,1.31,0.0
20221015:0511,0.0,0.0,4.04,1.1,0.0
20221015:0611,0.0,0.0,3.69,0.9,0.0
20221015:0711,30.97,6.74,4.06,0.69,0.0
20221015:0811,64.7,13.09,4.42,1.1,0.0
20221015:0911,97.04,18.17,5.57,0.55,0.0
20221015:1011,92.91,21.55,6.49,1.45,0.0
20221015:1111,70.89,22.9,7.38,2.0,0.0
20221015:1211,48.87,22.09,7.53,3.45,0.0
20221015:1311,37.17,19.19,7.12,3.38,0.0
20221015:1411,34.41,14.5,6.39,3.31,0.0
20221015:1511,8.95,8.43,4.24,3.45,0.0
20221015:1611,0.69,1.38,3.41,2.9,0.0
20221015:1711,0.0,0.0,4.45,2.69,0.0
20221015:1811,0.0,0.0,5.68,2.14,0.0
20221015:1911,0.0,0.0,6.42,1.79,0.0
20221015:2011,0.0,0.0,6.81,2.0,0.0
20221015:2111,0.0,0.0,6.65,1.66,0.0
20221015:2211,0.0,0.0,6.45,1.79,0.0
20221015:2311,0.0,0.0,6.03,2.14,0.0
20221016:0011,0.0,0.0,5.39,1.79,0.0
20221016:0111,0.0,0.0,5.71,1.79,0.0
20221016:0211,0.0,0.0,6.02,1.79,0.0
20221016:0311,0.0,0.0,6.31,2.0,0.0
20221016:0411,0.0,0.0,6.21,2.62,0.0
20221016:0511,0.0,0.0,6.32,2.55,0.0
20221016:0611,0.0,0.0,6.52,2.69,0.0
20221016:0711,5.51,6.43,6.78,2.83,0.0
20221016:0811,21.34,12.77,6.52,3.79,0.0
20221016:0911,24.78,17.83,6.42,3.66,0.0
20221016:1011,72.95,21.19,5.95,3.45,0.0
20221016:1111,44.05,22.53,6.81,2.41,0.0
20221016:1211,43.36,21.71,6.52,2.9,0.0
20221016:1311,35.79,18.82,6.47,3.45,0.0
20221016:1411,28.91,14.14,6.25,2.34,0.0
20221016:1511,39.23,8.07,6.17,2.76,0.0
20221016:1611,0.0,0.0,5.81,2.41,0.0
20221016:1711,0.0,0.0,5.79,2.41,0.0
20221016:1811,0.0,0.0,5.66,2.62,0.0
20221016:1911,0.0,0.0,5.48,2.83,0.0
20221016:2011,0.0,0.0,5.06,2.34,0.0
20221016:2111,0.0,0.0,5.2,2.0,0.0
20221016:2211,0.0,0.0,4.67,1.66,0.0
20221016:2311,0.0,0.0,4.84,1.1,0.0
20221017:0011,0.0,0.0,5.49,0.83,0.0
20221017:0111,0.0,0.0,5.11,0.9,0.0
20221017:0211,0.0,0.0,5.51,0.41,0.0
20221017:0311,0.0,0.0,5.39,0.76,0.0
20221017:0411,0.0,0.0,5.02,0.9,0.0
20221017:0511,0.0,0.0,3.79,1.24,0.0
20221017:0611,0.0,0.0,2.87,1.59,0.0
20221017:0711,6.19,6.13,4.04,1.66,0.0
20221017:0811,26.15,12.45,5.18,1.38,0.0
20221017:0911,23.4,17.49,5.76,2.83,0.0
20221017:1011,39.92,20.83,6.08,3.72,0.0
20221017:1111,32.35,22.17,5.94,4.34,0.0
20221017:1211,25.47,21.34,5.87,4.21,0.0
20221017:1311,17.89,18.45,5.94,3.72,0.0
20221017:1411,12.39,13.78,5.7,3.45,0.0
20221017:1511,6.19,7.72,5.67,2.76,0.0
20221017:1611,0.0,0.0,5.79,1.72,0.0
20221017:1711,0.0,0.0,5.71,1.17,0.0
20221017:1811,0.0,0.0,5.36,1.1,0.0
20221017:1911,0.0,0.0,4.94,1.03,0.0
20221017:2011,0.0,0.0,4.88,1.1,0.0
20221017:2111,0.0,0.0,4.81,1.31,0.0
20221017:2211,0.0,0.0,5.28,1.86,0.0
20221017:2311,0.0,0.0,5.92,1.79,0.0
20221018:0011,0.0,0.0,6.42,1.79,0.0
20221018:0111,0.0,0.0,6.92,1.86,0.0
20221018:0211,0.0,0.0,7.12,1.79,0.0
20221018:0311,0.0,0.0,7.23,1.86,0.0
20221018:0411,0.0,0.0,7.5,1.72,0.0
20221018:0511,0.0,0.0,7.61,1.38,0.0
20221018:0611,0.0,0.0,7.57,1.31,0.0
20221018:0711,14.45,5.82,7.55,1.52,0.0
20221018:0811,36.48,12.13,7.91,2.34,0.0
20221018:0911,61.25,17.15,8.34,2.97,0.0
20221018:1011,86.03,20.48,8.89,2.76,0.0
20221018:1111,117.0,21.8,9.19,2.97,0.0
20221018:1211,98.42,20.97,9.64,2.97,0.0
20221018:1311,99.11,18.09,9.78,2.83,0.0
20221018:1411,34.41,13.42,9.45,2.76,0.0
20221018:1511,35.79,7.38,8.63,2.9,0.0
20221018:1611,0.0,0.0,7.39,2.48,0.0
20221018:1711,0.0,0.0,6.27,2.21,0.0
20221018:1811,0.0,0.0,5.12,2.07,0.0
20221018:1911,0.0,0.0,4.42,1.86,0.0
20221018:2011,0.0,0.0,3.42,1.72,0.0
20221018:2111,0.0,0.0,2.74,1.72,0.0
20221018:2211,0.0,0.0,2.49,1.66,0.0
20221018:2311,0.0,0.0,2.29,1.52,0.0
20221019:0011,0.0,0.0,2.25,1.52,0.0
20221019:0111,0.0,0.0,2.26,1.66,0.0
20221019:0211,0.0,0.0,2.54,1.86,0.0
20221019:0311,0.0,0.0,2.35,1.59,0.0
20221019:0411,0.0,0.0,2.27,1.59,0.0
20221019:0511,0.0,0.0,2.11,1.38,0.0
20221019:0611,0.0,0.0,2.35,1.17,0.0
20221019:0711,25.47,5.52,2.25,1.1,0.0
20221019:0811,51.62,11.81,3.75,1.24,0.0
20221019:0911,47.49,16.81,4.67,1.1,0.0
20221019:1011,83.28,20.13,5.57,0.55,0.0
20221019:1111,116.31,21.44,6.42,1.03,0.0
20221019:1211,112.87,20.61,6.93,0.97,0.0
20221019:1311,91.54,17.72,7.08,0.83,0.0
20221019:1411,66.07,13.07,7.04,0.9,0.0
20221019:1511,33.04,7.03,6.59,0.83,0.0
20221019:1611,0.0,0.0,5.71,0.48,0.0
20221019:1711,0.0,0.0,4.89,0.41,0.0
20221019:1811,0.0,0.0,4.12,0.34,0.0
20221019:1911,0.0,0.0,4.13,0.41,0.0
20221019:2011,0.0,0.0,2.62,1.03,0.0
20221019:2111,0.0,0.0,-0.18,1.45,0.0
20221019:2211,0.0,0.0,0.01,1.1,0.0
20221019:2311,0.0,0.0,0.85,1.1,0.0
20221020:0011,0.0,0.0,1.46,1.1,0.0
20221020:0111,0.0,0.0,1.77,1.24,0.0
20221020:0211,0.0,0.0,1.98,1.03,0.0
20221020:0311,0.0,0.0,1.78,0.9,0.0
20221020:0411,0.0,0.0,1.74,0.97,0.0
20221020:0511,0.0,0.0,1.66,1.17,0.0
20221020:0611,0.0,0.0,1.48,1.1,0.0
20221020:0711,11.01,5.22,1.58,1.17,0.0
20221020:0811,31.66,11.49,2.15,1.24,0.0
20221020:0911,44.74,16.48,3.68,1.24,0.0
20221020:1011,109.43,19.78,5.49,1.66,0.0
20221020:1111,117.69,21.08,6.23,2.48,0.0
20221020:1211,113.56,20.25,6.65,2.69,0.0
20221020:1311,88.1,17.37,6.73,2.9,0.0
20221020:1411,64.01,12.72,6.41,2.97,0.0
20221020:1511,30.97,6.69,5.81,3.03,0.0
20221020:1611,0.0,0.0,5.15,3.17,0.0
20221020:1711,0.0,0.0,4.38,3.59,0.0
20221020:1811,0.0,0.0,4.12,3.86,0.0
20221020:1911,0.0,0.0,3.67,4.0,0.0
20221020:2011,0.0,0.0,3.75,4.28,0.0
20221020:2111,0.0,0.0,3.81,4.28,0.0
20221020:2211,0.0,0.0,3.92,4.48,0.0
20221020:2311,0.0,0.0,4.2,4.69,0.0
20221021:0011,0.0,0.0,4.34,4.55,0.0
20221021:0111,0.0,0.0,4.41,4.55,0.0
20221021:0211,0.0,0.0,4.4,4.76,0.0
20221021:0311,0.0,0.0,4.42,4.83,0.0
20221021:0411,0.0,0.0,4.3,4.83,0.0
20221021:0511,0.0,0.0,3.87,4.83,0.0
20221021:0611,0.0,0.0,3.59,4.76,0.0
20221021:0711,22.02,4.91,3.85,4.62,0.0
20221021:0811,52.31,11.18,3.81,4.69,0.0
20221021:0911,46.8,16.15,4.25,4.14,0.0
20221021:1011,31.66,19.43,4.83,4.14,0.0
20221021:1111,24.78,20.72,5.47,4.69,0.0
20221021:1211,31.66,19.89,5.72,4.34,0.0
20221021:1311,22.71,17.01,5.77,4.34,0.0
20221021:1411,11.01,12.37,5.55,4.0,0.0
20221021:1511,11.7,6.36,5.16,3.59,0.0
20221021:1611,0.0,0.0,4.66,3.66,0.0
20221021:1711,0.0,0.0,4.33,3.38,0.0
20221021:1811,0.0,0.0,4.26,3.45,0.0
20221021:1911,0.0,0.0,4.7,3.24,0.0
20221021:2011,0.0,0.0,4.68,3.31,0.0
20221021:2111,0.0,0.0,4.61,3.24,0.0
20221021:2211,0.0,0.0,4.52,3.24,0.0
20221021:2311,0.0,0.0,4.44,2.97,0.0
20221022:0011,0.0,0.0,4.22,2.76,0.0
20221022:0111,0.0,0.0,4.42,2.48,0.0
20221022:0211,0.0,0.0,4.65,2.21,0.0
20221022:0311,0.0,0.0,4.9,2.0,0.0
20221022:0411,0.0,0.0,4.96,1.86,0.0
20221022:0511,0.0,0.0,5.08,1.72,0.0
20221022:0611,0.0,0.0,5.17,1.66,0.0
20221022:0711,11.01,4.61,5.08,1.52,0.0
20221022:0811,32.35,10.86,5.48,1.59,0.0
20221022:0911,22.71,15.81,6.21,1.38,0.0
20221022:1011,18.58,19.08,6.95,1.45,0.0
20221022:1111,41.3,20.37,7.48,1.45,0.0
20221022:1211,39.23,19.53,8.16,1.72,0.0
20221022:1311,24.78,16.66,8.63,1.45,0.0
20221022:1411,50.24,12.03,8.66,1.24,0.0
20221022:1511,16.52,6.02,8.22,1.1,0.0
20221022:1611,0.0,0.0,7.38,1.31,0.0
20221022:1711,0.0,0.0,6.96,1.17,0.0
20221022:1811,0.0,0.0,6.36,1.38,0.0
20221022:1911,0.0,0.0,6.73,1.24,0.0
20221022:2011,0.0,0.0,6.98,1.17,0.0
20221022:2111,0.0,0.0,7.09,1.17,0.0
20221022:2211,0.0,0.0,7.09,1.17,0.0
20221022:2311,0.0,0.0,7.1,1.03,0.0
20221023:0011,0.0,0.0,7.07,0.9,0.0
20221023:0111,0.0,0.0,7.06,0.76,0.0
20221023:0211,0.0,0.0,7.06,0.62,0.0
20221023:0311,0.0,0.0,7.07,0.62,0.0
20221023:0411,0.0,0.0,7.1,0.62,0.0
20221023:0511,0.0,0.0,7.15,0.62,0.0
20221023:0611,0.0,0.0,7.26,0.76,0.0
20221023:0711,12.39,4.31,7.2,0.83,0.0
20221023:0811,34.41,10.55,7.58,0.76,0.0
20221023:0911,32.35,15.48,8.77,1.45,0.0
20221023:1011,34.41,18.74,9.34,1.24,0.0
20221023:1111,51.62,20.01,9.96,1.79,0.0
20221023:1211,41.3,19.17,10.35,1.93,0.0
20221023:1311,30.97,16.31,10.58,1.59,0.0
20221023:1411,37.85,11.69,10.42,1.52,0.0
20221023:1511,16.52,5.7,9.69,1.24,0.0
20221023:1611,0.0,0.0,8.66,1.1,0.0
20221023:1711,0.0,0.0,7.59,1.31,0.0
20221023:1811,0.0,0.0,6.48,1.52,0.0
20221023:1911,0.0,0.0,7.64,1.59,0.0
20221023:2011,0.0,0.0,7.61,2.0,0.0
20221023:2111,0.0,0.0,7.52,2.41,0.0
20221023:2211,0.0,0.0,7.32,2.83,0.0
20221023:2311,0.0,0.0,7.31,3.59,0.0
20221024:0011,0.0,0.0,7.2,4.07,0.0
20221024:0111,0.0,0.0,6.75,3.93,0.0
20221024:0211,0.0,0.0,6.47,4.55,0.0
20221024:0311,0.0,0.0,6.29,4.76,0.0
20221024:0411,0.0,0.0,6.22,4.9,0.0
20221024:0511,0.0,0.0,6.21,5.1,0.0
20221024:0611,0.0,0.0,6.19,5.45,0.0
20221024:0711,11.01,4.01,6.38,5.24,0.0
20221024:0811,14.45,10.23,6.39,5.17,0.0
20221024:0911,20.65,15.15,6.47,5.1,0.0
20221024:1011,49.55,18.4,6.62,4.76,0.0
20221024:1111,19.27,19.66,6.7,4.69,0.0
20221024:1211,17.89,18.82,6.77,4.07,0.0
20221024:1311,21.34,15.97,6.75,3.59,0.0
20221024:1411,9.64,11.36,6.46,3.66,0.0
20221024:1511,4.13,5.37,6.3,3.66,0.0
20221024:1611,0.0,0.0,6.27,4.48,0.0
20221024:1711,0.0,0.0,6.17,4.55,0.0
20221024:1811,0.0,0.0,6.12,4.41,0.0
20221024:1911,0.0,0.0,6.66,3.45,0.0
20221024:2011,0.0,0.0,6.63,3.59,0.0
20221024:2111,0.0,0.0,6.54,3.1,0.0
20221024:2211,0.0,0.0,6.52,2.62,0.0
20221024:2311,0.0,0.0,6.4,2.14,0.0
20221025:0011,0.0,0.0,6.22,1.59,0.0
20221025:0111,0.0,0.0,6.26,1.17,0.0
20221025:0211,0.0,0.0,6.52,0.83,0.0
20221025:0311,0.0,0.0,6.56,0.76,0.0
20221025:0411,0.0,0.0,6.67,0.48,0.0
20221025:0511,0.0,0.0,6.66,0.62,0.0
20221025:0611,0.0,0.0,6.65,0.69,0.0
20221025:0711,8.26,3.71,6.83,0.83,0.0
20221025:0811,19.27,9.92,7.04,0.97,0.0
20221025:0911,24.78,14.83,7.69,0.9,0.0
20221025:1011,97.04,18.06,8.17,0.97,0.0
20221025:1111,36.48,19.32,8.98,1.03,0.0
20221025:1211,41.3,18.48,9.36,1.59,0.0
20221025:1311,15.83,15.62,9.42,2.07,0.0
20221025:1411,11.7,11.03,9.51,2.14,0.0
20221025:1511,21.34,5.05,9.05,2.28,0.0
20221025:1611,0.0,0.0,8.55,1.38,0.0
20221025:1711,0.0,0.0,8.27,1.17,0.0
20221025:1811,0.0,0.0,8.24,0.97,0.0
20221025:1911,0.0,0.0,8.51,1.52,0.0
20221025:2011,0.0,0.0,8.17,1.31,0.0
20221025:2111,0.0,0.0,7.9,0.69,0.0
20221025:2211,0.0,0.0,7.85,0.28,0.0
20221025:2311,0.0,0.0,7.46,0.76,0.0
20221026:0011,0.0,0.0,7.28,0.48,0.0
20221026:0111,0.0,0.0,7.32,0.14,0.0
20221026:0211,0.0,0.0,7.34,0.28,0.0
20221026:0311,0.0,0.0,7.29,0.21,0.0
20221026:0411,0.0,0.0,6.67,0.48,0.0
20221026:0511,0.0,0.0,6.67,0.55,0.0
20221026:0611,0.0,0.0,6.56,0.69,0.0
20221026:0711,2.06,3.42,6.68,0.55,0.0
20221026:0811,21.34,9.61,6.78,0.97,0.0
20221026:0911,47.49,14.5,6.81,1.1,0.0
20221026:1011,79.15,17.72,7.55,1.45,0.0
20221026:1111,85.34,18.97,8.18,1.52,0.0
20221026:1211,48.87,18.13,8.62,1.52,0.0
20221026:1311,14.45,15.29,8.77,1.66,0.0
20221026:1411,17.21,10.7,8.65,2.76,0.0
20221026:1511,4.82,4.73,8.51,2.62,0.0
20221026:1611,0.0,0.0,8.78,3.03,0.0
20221026:1711,0.0,0.0,9.06,3.17,0.0
20221026:1811,0.0,0.0,9.12,2.14,0.0
20221026:1911,0.0,0.0,9.02,2.41,0.0
20221026:2011,0.0,0.0,9.05,1.79,0.0
20221026:2111,0.0,0.0,8.94,1.66,0.0
20221026:2211,0.0,0.0,9.26,1.86,0.0
20221026:2311,0.0,0.0,9.64,1.79,0.0
20221027:0011,0.0,0.0,9.5,2.41,0.0
20221027:0111,0.0,0.0,9.53,2.48,0.0
20221027:0211,0.0,0.0,9.36,2.07,0.0
20221027:0311,0.0,0.0,9.05,1.86,0.0
20221027:0411,0.0,0.0,9.01,1.86,0.0
20221027:0511,0.0,0.0,8.73,1.59,0.0
20221027:0611,0.0,0.0,8.72,1.31,0.0
20221027:0711,4.82,3.12,7.87,1.72,0.0
20221027:0811,37.85,9.3,8.53,1.79,0.0
20221027:0911,59.88,14.18,9.27,2.48,0.0
20221027:1011,44.05,17.39,9.51,3.17,0.0
20221027:1111,99.11,18.63,10.44,2.76,0.0
20221027:1211,70.89,17.79,10.36,2.62,0.0
20221027:1311,49.55,14.95,10.17,2.28,0.0
20221027:1411,33.04,10.38,9.98,2.41,0.0
20221027:1511,9.64,4.42,9.54,1.52,0.0
20221027:1611,0.0,0.0,9.13,0.97,0.0
20221027:1711,0.0,0.0,8.53,1.24,0.0
20221027:1811,0.0,0.0,8.48,1.38,0.0
20221027:1911,0.0,0.0,9.17,1.24,0.0
20221027:2011,0.0,0.0,9.26,1.1,0.0
20221027:2111,0.0,0.0,9.52,1.31,0.0
20221027:2211,0.0,0.0,9.58,1.1,0.0
20221027:2311,0.0,0.0,9.6,0.9,0.0
20221028:0011,0.0,0.0,9.52,0.9,0.0
20221028:0111,0.0,0.0,9.57,0.97,0.0
20221028:0211,0.0,0.0,9.28,0.97,0.0
20221028:0311,0.0,0.0,9.32,0.83,0.0
20221028:0411,0.0,0.0,9.17,0.83,0.0
20221028:0511,0.0,0.0,9.24,0.9,0.0
20221028:0611,0.0,0.0,9.25,0.97,0.0
20221028:0711,3.44,2.83,9.61,0.9,0.0
20221028:0811,23.4,8.99,10.17,1.17,0.0
20221028:0911,40.61,13.86,10.74,2.28,0.0
20221028:1011,41.3,17.05,10.85,2.28,0.0
20221028:1111,18.58,18.29,11.15,2.21,0.0
20221028:1211,53.68,17.46,11.46,2.76,0.0
20221028:1311,20.65,14.62,11.43,2.21,0.0
20221028:1411,8.26,10.06,11.33,1.66,0.0
20221028:1511,7.57,4.11,11.25,1.52,0.0
20221028:1611,0.0,0.0,11.18,1.66,0.0
20221028:1711,0.0,0.0,11.11,1.86,0.0
20221028:1811,0.0,0.0,10.96,2.28,0.0
20221028:1911,0.0,0.0,11.01,2.21,0.0
20221028:2011,0.0,0.0,10.55,2.62,0.0
20221028:2111,0.0,0.0,9.18,3.72,0.0
20221028:2211,0.0,0.0,8.31,3.45,0.0
20221028:2311,0.0,0.0,7.77,3.17,0.0
20221029:0011,0.0,0.0,7.46,2.9,0.0
20221029:0111,0.0,0.0,7.45,2.48,0.0
20221029:0211,0.0,0.0,7.67,2.41,0.0
20221029:0311,0.0,0.0,7.95,2.14,0.0
20221029:0411,0.0,0.0,8.4,2.55,0.0
20221029:0511,0.0,0.0,8.3,1.93,0.0
20221029:0611,0.0,0.0,8.34,1.86,0.0
20221029:0711,1.38,2.53,8.75,2.14,0.0
20221029:0811,11.01,8.69,8.98,2.62,0.0
20221029:0911,19.96,13.54,9.39,2.76,0.0
20221029:1011,59.88,16.73,9.5,3.03,0.0
20221029:1111,94.29,17.96,9.95,2.76,0.0
20221029:1211,76.4,17.12,10.06,2.76,0.0
20221029:1311,75.02,14.3,9.8,1.86,0.0
20221029:1411,26.15,9.74,9.59,1.31,0.0
20221029:1511,15.14,3.81,8.82,1.24,0.0
20221029:1611,0.0,0.0,7.76,0.97,0.0
20221029:1711,0.0,0.0,6.48,0.97,0.0
20221029:1811,0.0,0.0,5.94,1.1,0.0
20221029:1911,0.0,0.0,6.01,1.24,0.0
20221029:2011,0.0,0.0,5.74,1.1,0.0
20221029:2111,0.0,0.0,4.91,1.03,0.0
20221029:2211,0.0,0.0,4.22,1.17,0.0
20221029:2311,0.0,0.0,3.44,1.31,0.0
20221030:0011,0.0,0.0,4.46,0.9,0.0
20221030:0111,0.0,0.0,5.01,0.83,0.0
20221030:0211,0.0,0.0,5.42,1.24,0.0
20221030:0311,0.0,0.0,5.87,1.31,0.0
20221030:0411,0.0,0.0,6.22,1.38,0.0
20221030:0511,0.0,0.0,6.56,1.24,0.0
20221030:0611,0.0,0.0,6.74,1.31,0.0
20221030:0711,2.06,2.24,7.36,1.38,0.0
20221030:0811,23.4,8.38,7.81,1.17,0.0
20221030:0911,15.83,13.22,9.1,1.31,0.0
20221030:1011,19.96,16.4,9.86,1.45,0.0
20221030:1111,16.52,17.63,10.73,1.59,0.0
20221030:1211,15.83,16.79,11.41,1.66,0.0
20221030:1311,12.39,13.98,11.51,2.14,0.0
20221030:1411,7.57,9.43,10.81,1.86,0.0
20221030:1511,12.39,3.51,10.23,1.66,0.0
20221030:1611,0.0,0.0,9.66,1.59,0.0
20221030:1711,0.0,0.0,9.38,1.38,0.0
20221030:1811,0.0,0.0,9.21,1.31,0.0
20221030:1911,0.0,0.0,8.93,1.45,0.0
20221030:2011,0.0,0.0,8.92,1.24,0.0
20221030:2111,0.0,0.0,8.85,1.79,0.0
20221030:2211,0.0,0.0,8.89,2.14,0.0
20221030:2311,0.0,0.0,8.49,3.03,0.0
20221031:0011,0.0,0.0,8.04,1.93,0.0
20221031:0111,0.0,0.0,8.01,1.52,0.0
20221031:0211,0.0,0.0,8.11,1.66,0.0
20221031:0311,0.0,0.0,8.03,1.66,0.0
20221031:0411,0.0,0.0,8.45,2.62,0.0
20221031:0511,0.0,0.0,8.48,2.14,0.0
20221031:0611,0.0,0.0,8.21,1.66,0.0
20221031:0711,0.69,1.95,8.49,2.48,0.0
20221031:0811,35.79,8.08,8.72,2.28,0.0
20221031:0911,17.89,12.91,9.13,2.28,0.0
20221031:1011,26.15,16.08,9.38,2.48,0.0
20221031:1111,44.05,17.3,9.82,2.55,0.0
20221031:1211,15.83,16.47,9.85,2.48,0.0
20221031:1311,14.45,13.66,10.12,2.83,0.0
20221031:1411,15.83,9.12,9.78,2.0,0.0
20221031:1511,4.13,3.21,9.28,2.07,0.0
20221031:1611,0.0,0.0,9.1,2.21,0.0
20221031:1711,0.0,0.0,8.89,1.38,0.0
20221031:1811,0.0,0.0,8.77,1.24,0.0
20221031:1911,0.0,0.0,8.18,1.38,0.0
20221031:2011,0.0,0.0,8.21,1.86,0.0
20221031:2111,0.0,0.0,8.41,2.28,0.0
20221031:2211,0.0,0.0,8.75,2.34,0.0
20221031:2311,0.0,0.0,8.82,2.34,0.0
20221101:0011,0.0,0.0,9.08,2.62,0.0
20221101:0111,0.0,0.0,9.02,2.14,0.0
20221101:0211,0.0,0.0,8.91,2.55,0.0
20221101:0311,0.0,0.0,8.55,3.86,0.0
20221101:0411,0.0,0.0,7.97,4.34,0.0
20221101:0511,0.0,0.0,7.7,4.83,0.0
20221101:0611,0.0,0.0,7.75,5.24,0.0
20221101:0711,0.69,1.66,8.51,5.59,0.0
20221101:0811,11.01,7.78,8.31,4.97,0.0
20221101:0911,46.8,12.6,8.21,4.97,0.0
20221101:1011,20.65,15.76,8.15,5.31,0.0
20221101:1111,27.53,16.98,8.26,4.9,0.0
20221101:1211,15.14,16.15,8.42,3.79,0.0
20221101:1311,15.14,13.35,8.76,3.24,0.0
20221101:1411,13.08,8.82,9.17,3.66,0.0
20221101:1511,2.06,2.93,9.33,5.59,0.0
20221101:1611,0.0,0.0,9.14,3.17,0.0
20221101:1711,0.0,0.0,8.63,4.21,0.0
20221101:1811,0.0,0.0,8.48,2.48,0.0
20221101:1911,0.0,0.0,8.5,3.52,0.0
20221101:2011,0.0,0.0,8.49,3.86,0.0
20221101:2111,0.0,0.0,8.26,3.38,0.0
20221101:2211,0.0,0.0,8.15,2.48,0.0
20221101:2311,0.0,0.0,8.31,2.28,0.0
20221102:0011,0.0,0.0,8.23,2.62,0.0
20221102:0111,0.0,0.0,7.98,2.34,0.0
20221102:0211,0.0,0.0,7.94,2.07,0.0
20221102:0311,0.0,0.0,7.69,1.59,0.0
20221102:0411,0.0,0.0,7.52,1.31,0.0
20221102:0511,0.0,0.0,7.37,1.24,0.0
20221102:0611,0.0,0.0,7.24,1.24,0.0
20221102:0711,0.69,1.38,6.77,0.97,0.0
20221102:0811,19.27,7.49,6.92,0.97,0.0
20221102:0911,35.79,12.29,6.86,0.48,0.0
20221102:1011,14.45,15.44,6.78,0.34,0.0
20221102:1111,19.27,16.66,7.02,0.76,0.0
20221102:1211,84.65,15.83,7.05,1.1,0.0
20221102:1311,63.32,13.04,7.47,1.24,0.0
20221102:1411,6.88,8.53,7.39,1.52,0.0
20221102:1511,6.88,2.64,6.73,1.52,0.0
20221102:1611,0.0,0.0,5.9,1.38,0.0
20221102:1711,0.0,0.0,5.84,1.1,0.0
20221102:1811,0.0,0.0,6.12,2.28,0.0
20221102:1911,0.0,0.0,5.86,2.0,0.0
20221102:2011,0.0,0.0,5.66,2.34,0.0
20221102:2111,0.0,0.0,5.7,2.62,0.0
20221102:2211,0.0,0.0,5.8,3.38,0.0
20221102:2311,0.0,0.0,6.08,2.76,0.0
20221103:0011,0.0,0.0,6.67,2.76,0.0
20221103:0111,0.0,0.0,7.0,2.83,0.0
20221103:0211,0.0,0.0,7.07,2.83,0.0
20221103:0311,0.0,0.0,7.44,2.83,0.0
20221103:0411,0.0,0.0,7.84,2.76,0.0
20221103:0511,0.0,0.0,8.15,2.83,0.0
20221103:0611,0.0,0.0,8.12,2.41,0.0
20221103:0711,0.0,0.0,7.46,2.14,0.0
20221103:0811,17.21,7.19,7.15,2.34,0.0
20221103:0911,17.21,11.99,7.49,1.66,0.0
20221103:1011,49.55,15.13,7.7,1.93,0.0
20221103:1111,21.34,16.34,7.75,1.93,0.0
20221103:1211,55.06,15.52,7.52,2.07,0.0
20221103:1311,56.44,12.74,7.1,2.07,0.0
20221103:1411,22.02,8.24,6.98,2.0,0.0
20221103:1511,2.06,2.36,6.71,1.93,0.0
20221103:1611,0.0,0.0,6.22,2.14,0.0
20221103:1711,0.0,0.0,5.76,2.0,0.0
20221103:1811,0.0,0.0,5.27,1.86,0.0
20221103:1911,0.0,0.0,5.83,2.41,0.0
20221103:2011,0.0,0.0,6.24,2.34,0.0
20221103:2111,0.0,0.0,7.04,2.14,0.0
20221103:2211,0.0,0.0,7.72,2.41,0.0
20221103:2311,0.0,0.0,7.95,2.62,0.0
20221104:0011,0.0,0.0,7.79,2.97,0.0
20221104:0111,0.0,0.0,7.56,2.9,0.0
20221104:0211,0.0,0.0,7.43,2.76,0.0
20221104:0311,0.0,0.0,7.38,3.1,0.0
20221104:0411,0.0,0.0,7.43,3.38,0.0
20221104:0511,0.0,0.0,7.45,3.17,0.0
20221104:0611,0.0,0.0,7.28,3.17,0.0
20221104:0711,0.0,0.0,7.41,2.28,0.0
20221104:0811,23.4,6.9,7.39,2.21,0.0
20221104:0911,16.52,11.69,7.42,2.07,0.0
20221104:1011,52.31,14.82,7.49,1.79,0.0
20221104:1111,37.17,16.03,7.52,2.62,0.0
20221104:1211,45.42,15.21,7.58,2.55,0.0
20221104:1311,42.67,12.44,7.54,1.86,0.0
20221104:1411,7.57,7.95,7.47,1.03,0.0
20221104:1511,1.38,2.09,7.39,1.59,0.0
20221104:1611,0.0,0.0,6.95,1.52,0.0
20221104:1711,0.0,0.0,6.76,1.24,0.0
20221104:1811,0.0,0.0,6.7,0.9,0.0
20221104:1911,0.0,0.0,6.15,1.66,0.0
20221104:2011,0.0,0.0,6.03,1.52,0.0
20221104:2111,0.0,0.0,5.94,1.38,0.0
20221104:2211,0.0,0.0,5.79,1.59,0.0
20221104:2311,0.0,0.0,5.56,2.07,0.0
20221105:0011,0.0,0.0,5.3,2.28,0.0
20221105:0111,0.0,0.0,4.92,2.48,0.0
20221105:0211,0.0,0.0,4.52,2.55,0.0
20221105:0311,0.0,0.0,4.0,2.41,0.0
20221105:0411,0.0,0.0,3.7,1.86,0.0
20221105:0511,0.0,0.0,3.54,1.45,0.0
20221105:0611,0.0,0.0,3.21,1.1,0.0
20221105:0711,0.0,0.0,3.96,1.52,0.0
20221105:0811,27.53,6.61,4.65,1.86,0.0
20221105:0911,47.49,11.39,5.19,2.83,0.0
20221105:1011,62.63,14.51,5.62,2.28,0.0
20221105:1111,71.58,15.72,6.5,2.07,0.0
20221105:1211,40.61,14.91,6.59,2.21,0.0
20221105:1311,61.25,12.14,5.84,2.07,0.0
20221105:1411,33.72,7.67,5.52,1.86,0.0
20221105:1511,4.13,1.82,4.98,1.72,0.0
20221105:1611,0.0,0.0,4.31,1.38,0.0
20221105:1711,0.0,0.0,4.05,1.17,0.0
20221105:1811,0.0,0.0,4.22,1.24,0.0
20221105:1911,0.0,0.0,4.52,1.24,0.0
20221105:2011,0.0,0.0,4.59,1.59,0.0
20221105:2111,0.0,0.0,4.64,1.31,0.0
20221105:2211,0.0,0.0,4.85,1.52,0.0
20221105:2311,0.0,0.0,5.19,2.07,0.0
20221106:0011,0.0,0.0,5.61,2.41,0.0
20221106:0111,0.0,0.0,5.85,1.72,0.0
20221106:0211,0.0,0.0,6.04,1.93,0.0
20221106:0311,0.0,0.0,6.1,1.52,0.0
20221106:0411,0.0,0.0,6.27,1.24,0.0
20221106:0511,0.0,0.0,6.48,1.17,0.0
20221106:0611,0.0,0.0,6.75,2.21,0.0
20221106:0711,0.0,0.0,6.68,2.41,0.0
20221106:0811,30.28,6.32,6.2,1.66,0.0
20221106:0911,31.66,11.09,6.68,2.48,0.0
20221106:1011,72.95,14.21,7.12,2.41,0.0
20221106:1111,81.9,15.42,7.46,2.14,0.0
20221106:1211,74.33,14.61,7.64,2.48,0.0
20221106:1311,60.57,11.85,7.57,1.31,0.0
20221106:1411,35.79,7.39,7.38,0.9,0.0
20221106:1511,0.69,1.55,6.66,1.17,0.0
20221106:1611,0.0,0.0,5.88,1.45,0.0
20221106:1711,0.0,0.0,5.44,1.59,0.0
20221106:1811,0.0,0.0,5.25,2.0,0.0
20221106:1911,0.0,0.0,5.12,2.48,0.0
20221106:2011,0.0,0.0,5.13,2.48,0.0
20221106:2111,0.0,0.0,5.34,2.83,0.0
20221106:2211,0.0,0.0,5.33,3.1,0.0
20221106:2311,0.0,0.0,5.02,3.38,0.0
20221107:0011,0.0,0.0,4.72,3.52,0.0
20221107:0111,0.0,0.0,4.48,3.45,0.0
20221107:0211,0.0,0.0,4.58,3.03,0.0
20221107:0311,0.0,0.0,4.89,2.28,0.0
20221107:0411,0.0,0.0,5.06,1.31,0.0
20221107:0511,0.0,0.0,5.23,1.1,0.0
20221107:0611,0.0,0.0,5.44,0.9,0.0
20221107:0711,0.0,0.0,5.61,0.62,0.0
20221107:0811,25.47,6.04,5.74,0.41,0.0
20221107:0911,24.78,10.8,6.24,1.24,0.0
20221107:1011,59.19,13.91,6.58,1.38,0.0
20221107:1111,77.77,15.12,6.92,1.59,0.0
20221107:1211,70.2,14.32,7.44,1.93,0.0
20221107:1311,27.53,11.57,7.28,2.34,0.0
20221107:1411,15.83,7.12,6.84,1.79,0.0
20221107:1511,0.69,1.29,6.5,1.17,0.0
20221107:1611,0.0,0.0,5.65,0.97,0.0
20221107:1711,0.0,0.0,5.28,0.9,0.0
20221107:1811,0.0,0.0,5.11,0.97,0.0
20221107:1911,0.0,0.0,5.38,0.9,0.0
20221107:2011,0.0,0.0,5.78,0.97,0.0
20221107:2111,0.0,0.0,5.91,1.24,0.0
20221107:2211,0.0,0.0,6.06,1.24,0.0
20221107:2311,0.0,0.0,6.38,1.52,0.0
20221108:0011,0.0,0.0,6.53,1.45,0.0
20221108:0111,0.0,0.0,6.77,1.59,0.0
20221108:0211,0.0,0.0,7.02,1.38,0.0
20221108:0311,0.0,0.0,7.24,1.38,0.0
20221108:0411,0.0,0.0,7.39,1.45,0.0
20221108:0511,0.0,0.0,7.5,1.59,0.0
20221108:0611,0.0,0.0,7.61,1.59,0.0
20221108:0711,0.0,0.0,8.14,2.0,0.0
20221108:0811,4.13,5.76,8.63,2.21,0.0
20221108:0911,18.58,10.51,9.03,2.48,0.0
20221108:1011,12.39,13.62,9.26,2.97,0.0
20221108:1111,47.49,14.83,9.42,2.83,0.0
20221108:1211,22.71,14.03,9.19,4.07,0.0
20221108:1311,53.68,11.29,8.84,2.62,0.0
20221108:1411,11.7,6.85,8.67,2.62,0.0
20221108:1511,0.0,0.0,8.74,2.55,0.0
20221108:1611,0.0,0.0,8.63,2.21,0.0
20221108:1711,0.0,0.0,8.53,2.0,0.0
20221108:1811,0.0,0.0,8.61,2.07,0.0
20221108:1911,0.0,0.0,8.08,2.0,0.0
20221108:2011,0.0,0.0,7.98,2.07,0.0
20221108:2111,0.0,0.0,8.03,1.86,0.0
20221108:2211,0.0,0.0,8.08,1.93,0.0
20221108:2311,0.0,0.0,7.91,2.21,0.0
20221109:0011,0.0,0.0,7.75,2.28,0.0
20221109:0111,0.0,0.0,7.91,2.48,0.0
20221109:0211,0.0,0.0,7.93,2.48,0.0
20221109:0311,0.0,0.0,7.24,2.28,0.0
20221109:0411,0.0,0.0,6.81,2.41,0.0
20221109:0511,0.0,0.0,6.84,1.93,0.0
20221109:0611,0.0,0.0,7.15,2.07,0.0
20221109:0711,0.0,0.0,7.06,2.14,0.0
20221109:0811,4.13,5.48,7.07,2.0,0.0
20221109:0911,8.95,10.22,7.42,2.0,0.0
20221109:1011,12.39,13.33,7.41,2.14,0.0
20221109:1111,13.77,14.54,7.92,2.14,0.0
20221109:1211,21.34,13.74,7.81,2.0,0.0
20221109:1311,9.64,11.02,7.93,2.07,0.0
20221109:1411,4.82,6.59,7.84,2.0,0.0
20221109:1511,0.0,0.0,7.07,2.14,0.0
20221109:1611,0.0,0.0,6.9,1.38,0.0
20221109:1711,0.0,0.0,7.08,1.59,0.0
20221109:1811,0.0,0.0,6.74,1.93,0.0
20221109:1911,0.0,0.0,6.47,1.31,0.0
20221109:2011,0.0,0.0,6.32,1.24,0.0
20221109:2111,0.0,0.0,6.31,1.1,0.0
20221109:2211,0.0,0.0,5.99,1.24,0.0
20221109:2311,0.0,0.0,5.84,1.38,0.0
20221110:0011,0.0,0.0,5.79,1.31,0.0
20221110:0111,0.0,0.0,5.93,1.45,0.0
20221110:0211,0.0,0.0,5.95,1.45,0.0
20221110:0311,0.0,0.0,6.36,2.0,0.0
20221110:0411,0.0,0.0,6.57,2.76,0.0
20221110:0511,0.0,0.0,6.45,2.62,0.0
20221110:0611,0.0,0.0,6.43,2.07,0.0
20221110:0711,0.0,0.0,6.42,1.79,0.0
20221110:0811,6.19,5.21,6.93,2.76,0.0
20221110:0911,30.28,9.94,7.46,3.24,0.0
20221110:1011,13.77,13.04,7.83,2.83,0.0
20221110:1111,35.1,14.25,8.39,3.17,0.0
20221110:1211,26.84,13.47,8.75,3.1,0.0
20221110:1311,17.21,10.75,9.14,3.79,0.0
20221110:1411,10.32,6.34,8.87,3.38,0.0
20221110:1511,0.0,0.0,8.86,3.52,0.0
20221110:1611,0.0,0.0,8.86,3.66,0.0
20221110:1711,0.0,0.0,8.94,3.79,0.0
20221110:1811,0.0,0.0,9.09,4.0,0.0
20221110:1911,0.0,0.0,9.67,4.28,0.0
20221110:2011,0.0,0.0,9.79,4.34,0.0
20221110:2111,0.0,0.0,9.8,4.28,0.0
20221110:2211,0.0,0.0,9.76,4.34,0.0
20221110:2311,0.0,0.0,9.63,4.07,0.0
20221111:0011,0.0,0.0,9.6,3.59,0.0
20221111:0111,0.0,0.0,9.36,3.79,0.0
20221111:0211,0.0,0.0,9.44,3.03,0.0
20221111:0311,0.0,0.0,9.53,3.38,0.0
20221111:0411,0.0,0.0,9.6,3.38,0.0
20221111:0511,0.0,0.0,9.64,3.31,0.0
20221111:0611,0.0,0.0,9.66,3.31,0.0
20221111:0711,0.0,0.0,9.73,3.45,0.0
20221111:0811,3.44,4.94,9.89,3.52,0.0
20221111:0911,8.26,9.66,9.86,3.52,0.0
20221111:1011,11.01,12.76,9.94,3.93,0.0
20221111:1111,12.39,13.97,9.93,3.93,0.0
20221111:1211,41.3,13.19,10.0,4.14,0.0
20221111:1311,9.64,10.49,9.93,4.0,0.0
20221111:1411,6.19,6.09,9.82,3.93,0.0
20221111:1511,0.0,0.0,9.62,3.86,0.0
20221111:1611,0.0,0.0,9.52,3.52,0.0
20221111:1711,0.0,0.0,9.43,3.38,0.0
20221111:1811,0.0,0.0,9.45,3.45,0.0
20221111:1911,0.0,0.0,9.64,2.97,0.0
20221111:2011,0.0,0.0,9.75,3.1,0.0
20221111:2111,0.0,0.0,9.95,3.24,0.0
20221111:2211,0.0,0.0,10.12,2.69,0.0
20221111:2311,0.0,0.0,10.45,2.76,0.0
20221112:0011,0.0,0.0,10.65,3.03,0.0
20221112:0111,0.0,0.0,10.83,3.1,0.0
20221112:0211,0.0,0.0,10.48,3.38,0.0
20221112:0311,0.0,0.0,9.55,3.17,0.0
20221112:0411,0.0,0.0,8.53,2.69,0.0
20221112:0511,0.0,0.0,7.9,2.34,0.0
20221112:0611,0.0,0.0,7.46,1.93,0.0
20221112:0711,0.0,0.0,6.72,1.45,0.0
20221112:0811,20.65,4.67,6.45,1.17,0.0
20221112:0911,33.72,9.39,7.11,0.83,0.0
20221112:1011,44.05,12.48,7.99,0.9,0.0
20221112:1111,46.11,13.7,8.8,0.83,0.0
20221112:1211,42.67,12.92,9.58,0.55,0.0
20221112:1311,34.41,10.23,9.78,0.34,0.0
20221112:1411,21.34,5.84,9.34,0.21,0.0
20221112:1511,0.0,0.0,8.52,0.34,0.0
20221112:1611,0.0,0.0,7.53,0.69,0.0
20221112:1711,0.0,0.0,6.56,0.97,0.0
20221112:1811,0.0,0.0,6.09,1.17,0.0
20221112:1911,0.0,0.0,5.57,1.31,0.0
20221112:2011,0.0,0.0,6.4,1.31,0.0
20221112:2111,0.0,0.0,7.22,1.17,0.0
20221112:2211,0.0,0.0,7.64,1.1,0.0
20221112:2311,0.0,0.0,7.9,1.1,0.0
20221113:0011,0.0,0.0,7.89,1.45,0.0
20221113:0111,0.0,0.0,7.67,1.72,0.0
20221113:0211,0.0,0.0,7.47,1.59,0.0
20221113:0311,0.0,0.0,7.3,1.52,0.0
20221113:0411,0.0,0.0,7.19,1.24,0.0
20221113:0511,0.0,0.0,7.11,1.1,0.0
20221113:0611,0.0,0.0,7.14,1.17,0.0
20221113:0711,0.0,0.0,7.04,1.1,0.0
20221113:0811,9.64,4.4,6.97,1.1,0.0
20221113:0911,10.32,9.12,7.33,1.1,0.0
20221113:1011,29.59,12.21,7.68,1.24,0.0
20221113:1111,23.4,13.43,8.07,1.45,0.0
20221113:1211,39.23,12.66,8.34,1.45,0.0
20221113:1311,36.48,9.98,8.44,1.38,0.0
20221113:1411,19.27,5.61,8.35,1.31,0.0
20221113:1511,0.0,0.0,8.1,1.24,0.0
20221113:1611,0.0,0.0,7.72,1.31,0.0
20221113:1711,0.0,0.0,7.38,1.38,0.0
20221113:1811,0.0,0.0,6.92,1.52,0.0
20221113:1911,0.0,0.0,6.83,1.72,0.0
20221113:2011,0.0,0.0,6.85,2.14,0.0
20221113:2111,0.0,0.0,6.76,2.41,0.0
20221113:2211,0.0,0.0,6.82,2.55,0.0
20221113:2311,0.0,0.0,6.71,2.55,0.0
20221114:0011,0.0,0.0,6.59,2.69,0.0
20221114:0111,0.0,0.0,6.48,2.97,0.0
20221114:0211,0.0,0.0,6.38,3.1,0.0
20221114:0311,0.0,0.0,6.2,3.31,0.0
20221114:0411,0.0,0.0,6.01,3.45,0.0
20221114:0511,0.0,0.0,5.7,3.52,0.0
20221114:0611,0.0,0.0,5.72,3.66,0.0
20221114:0711,0.0,0.0,6.07,3.66,0.0
20221114:0811,8.95,4.14,6.19,3.86,0.0
20221114:0911,8.95,8.85,6.48,4.07,0.0
20221114:1011,18.58,11.94,6.84,3.86,0.0
20221114:1111,39.92,13.16,7.1,3.79,0.0
20221114:1211,64.7,12.4,7.24,4.41,0.0
20221114:1311,28.91,9.73,7.15,3.72,0.0
20221114:1411,16.52,5.37,7.05,3.86,0.0
20221114:1511,0.0,0.0,6.76,3.79,0.0
20221114:1611,0.0,0.0,6.53,4.48,0.0
20221114:1711,0.0,0.0,6.43,3.86,0.0
20221114:1811,0.0,0.0,6.33,4.62,0.0
20221114:1911,0.0,0.0,6.52,3.93,0.0
20221114:2011,0.0,0.0,6.49,3.93,0.0
20221114:2111,0.0,0.0,6.25,3.72,0.0
20221114:2211,0.0,0.0,6.24,4.07,0.0
20221114:2311,0.0,0.0,6.04,4.14,0.0
20221115:0011,0.0,0.0,5.84,4.69,0.0
20221115:0111,0.0,0.0,5.6,4.14,0.0
20221115:0211,0.0,0.0,5.36,4.14,0.0
20221115:0311,0.0,0.0,5.19,4.34,0.0
20221115:0411,0.0,0.0,5.15,4.41,0.0
20221115:0511,0.0,0.0,4.99,4.41,0.0
20221115:0611,0.0,0.0,4.91,4.62,0.0
20221115:0711,0.0,0.0,5.17,4.83,0.0
20221115:0811,12.39,3.89,4.97,4.55,0.0
20221115:0911,15.14,8.59,5.06,4.48,0.0
20221115:1011,22.71,11.68,5.14,4.69,0.0
20221115:1111,11.7,12.9,5.21,4.97,0.0
20221115:1211,13.08,12.15,5.36,6.34,0.0
20221115:1311,25.47,9.49,5.55,6.9,0.0
20221115:1411,13.08,5.15,5.28,6.48,0.0
20221115:1511,0.0,0.0,5.22,6.14,0.0
20221115:1611,0.0,0.0,5.14,6.0,0.0
20221115:1711,0.0,0.0,4.74,6.41,0.0
20221115:1811,0.0,0.0,4.18,6.41,0.0
20221115:1911,0.0,0.0,3.41,5.45,0.0
20221115:2011,0.0,0.0,3.14,5.59,0.0
20221115:2111,0.0,0.0,2.74,5.52,0.0
20221115:2211,0.0,0.0,2.41,5.38,0.0
20221115:2311,0.0,0.0,2.26,6.34,0.0
20221116:0011,0.0,0.0,2.27,6.28,0.0
20221116:0111,0.0,0.0,2.35,6.21,0.0
20221116:0211,0.0,0.0,2.23,6.07,0.0
20221116:0311,0.0,0.0,2.16,6.21,0.0
20221116:0411,0.0,0.0,2.13,6.21,0.0
20221116:0511,0.0,0.0,2.07,6.21,0.0
20221116:0611,0.0,0.0,2.03,6.48,0.0
20221116:0711,0.0,0.0,1.89,6.34,0.0
20221116:0811,2.06,3.63,1.9,6.69,0.0
20221116:0911,8.95,8.34,2.08,6.76,0.0
20221116:1011,46.11,11.42,2.23,6.62,0.0
20221116:1111,50.24,12.65,2.71,7.24,0.0
20221116:1211,39.23,11.91,3.05,6.69,0.0
20221116:1311,21.34,9.26,3.02,7.03,0.0
20221116:1411,22.02,4.93,2.89,5.93,0.0
20221116:1511,0.0,0.0,2.65,6.69,0.0
20221116:1611,0.0,0.0,2.37,6.62,0.0
20221116:1711,0.0,0.0,2.22,6.55,0.0
20221116:1811,0.0,0.0,2.13,6.62,0.0
20221116:1911,0.0,0.0,2.13,6.69,0.0
20221116:2011,0.0,0.0,1.78,6.62,0.0
20221116:2111,0.0,0.0,1.76,6.69,0.0
20221116:2211,0.0,0.0,1.61,6.69,0.0
20221116:2311,0.0,0.0,1.56,6.69,0.0
20221117:0011,0.0,0.0,1.44,6.62,0.0
20221117:0111,0.0,0.0,1.45,6.48,0.0
20221117:0211,0.0,0.0,1.33,6.41,0.0
20221117:0311,0.0,0.0,1.28,6.21,0.0
20221117:0411,0.0,0.0,1.29,6.07,0.0
20221117:0511,0.0,0.0,1.11,4.69,0.0
20221117:0611,0.0,0.0,0.92,4.69,0.0
20221117:0711,0.0,0.0,0.34,4.34,0.0
20221117:0811,6.88,3.38,0.09,4.62,0.0
20221117:0911,14.45,8.08,0.09,5.03,0.0
20221117:1011,15.83,11.17,0.09,5.38,0.0
20221117:1111,17.89,12.4,0.23,5.52,0.0
20221117:1211,13.08,11.66,0.19,5.45,0.0
20221117:1311,9.64,9.03,0.21,5.45,0.0
20221117:1411,3.44,4.72,0.05,5.17,0.0
20221117:1511,0.0,0.0,-0.2,4.69,0.0
20221117:1611,0.0,0.0,-0.36,4.62,0.0
20221117:1711,0.0,0.0,-0.36,4.69,0.0
20221117:1811,0.0,0.0,-0.43,4.76,0.0
20221117:1911,0.0,0.0,-0.63,5.1,0.0
20221117:2011,0.0,0.0,-0.77,4.55,0.0
20221117:2111,0.0,0.0,-0.74,4.62,0.0
20221117:2211,0.0,0.0,-0.69,4.62,0.0
20221117:2311,0.0,0.0,-0.71,4.69,0.0
20221118:0011,0.0,0.0,-0.77,4.55,0.0
20221118:0111,0.0,0.0,-0.92,4.55,0.0
20221118:0211,0.0,0.0,-1.01,4.62,0.0
20221118:0311,0.0,0.0,-1.25,4.48,0.0
20221118:0411,0.0,0.0,-1.37,4.41,0.0
20221118:0511,0.0,0.0,-1.23,5.31,0.0
20221118:0611,0.0,0.0,-1.19,4.62,0.0
20221118:0711,0.0,0.0,-1.56,4.69,0.0
20221118:0811,12.39,3.14,-1.35,4.55,0.0
20221118:0911,27.53,7.84,-1.29,4.21,0.0
20221118:1011,27.53,10.92,-1.03,4.69,0.0
20221118:1111,19.27,12.15,-0.63,4.28,0.0
20221118:1211,18.58,11.43,-0.24,4.97,0.0
20221118:1311,42.67,8.81,-0.26,3.72,0.0
20221118:1411,4.82,4.51,-0.54,3.93,0.0
20221118:1511,0.0,0.0,-0.85,5.1,0.0
20221118:1611,0.0,0.0,-1.08,4.97,0.0
20221118:1711,0.0,0.0,-1.09,4.83,0.0
20221118:1811,0.0,0.0,-1.3,4.55,0.0
20221118:1911,0.0,0.0,-1.46,4.62,0.0
20221118:2011,0.0,0.0,-1.67,4.48,0.0
20221118:2111,0.0,0.0,-1.88,4.28,0.0
20221118:2211,0.0,0.0,-2.25,3.93,0.0
20221118:2311,0.0,0.0,-2.6,3.79,0.0
20221119:0011,0.0,0.0,-2.92,3.72,0.0
20221119:0111,0.0,0.0,-3.12,3.52,0.0
20221119:0211,0.0,0.0,-3.47,3.31,0.0
20221119:0311,0.0,0.0,-3.7,3.03,0.0
20221119:0411,0.0,0.0,-4.06,2.76,0.0
20221119:0511,0.0,0.0,-4.11,2.62,0.0
20221119:0611,0.0,0.0,-4.34,2.41,0.0
20221119:0711,0.0,0.0,-4.83,1.93,0.0
20221119:0811,11.7,2.9,-5.25,1.93,0.0
20221119:0911,30.28,7.59,-4.18,1.93,0.0
20221119:1011,40.61,10.68,-2.54,1.86,0.0
20221119:1111,44.05,11.92,-1.8,1.86,0.0
20221119:1211,42.67,11.2,-1.33,1.59,0.0
20221119:1311,33.04,8.6,-1.22,1.17,0.0
20221119:1411,18.58,4.31,-1.43,0.97,0.0
20221119:1511,0.0,0.0,-2.27,0.9,0.0
20221119:1611,0.0,0.0,-2.19,0.76,0.0
20221119:1711,0.0,0.0,-2.41,0.76,0.0
20221119:1811,0.0,0.0,-2.67,0.76,0.0
20221119:1911,0.0,0.0,-3.03,0.9,0.0
20221119:2011,0.0,0.0,-4.37,1.31,0.0
20221119:2111,0.0,0.0,-5.49,1.79,0.0
20221119:2211,0.0,0.0,-5.45,2.55,0.0
20221119:2311,0.0,0.0,-5.49,2.97,0.0
20221120:0011,0.0,0.0,-5.58,3.03,0.0
20221120:0111,0.0,0.0,-5.56,3.17,0.0
20221120:0211,0.0,0.0,-5.31,3.52,0.0
20221120:0311,0.0,0.0,-5.1,3.66,0.0
20221120:0411,0.0,0.0,-4.92,3.59,0.0
20221120:0511,0.0,0.0,-4.94,3.59,0.0
20221120:0611,0.0,0.0,-4.93,3.38,0.0
20221120:0711,0.0,0.0,-4.78,3.31,0.0
20221120:0811,11.01,2.66,-4.58,3.17,0.0
20221120:0911,33.72,7.35,-3.95,2.55,0.0
20221120:1011,53.68,10.44,-3.09,3.1,0.0
20221120:1111,61.94,11.68,-2.67,3.17,0.0
20221120:1211,55.75,10.98,-2.48,3.03,0.0
20221120:1311,43.36,8.39,-2.48,2.76,0.0
20221120:1411,17.89,4.11,-2.91,2.55,0.0
20221120:1511,0.0,0.0,-3.58,2.34,0.0
20221120:1611,0.0,0.0,-3.92,2.34,0.0
20221120:1711,0.0,0.0,-4.14,2.28,0.0
20221120:1811,0.0,0.0,-4.5,2.21,0.0
20221120:1911,0.0,0.0,-4.8,1.66,0.0
20221120:2011,0.0,0.0,-5.26,1.79,0.0
20221120:2111,0.0,0.0,-5.19,1.72,0.0
20221120:2211,0.0,0.0,-5.04,1.66,0.0
20221120:2311,0.0,0.0,-5.02,1.59,0.0
20221121:0011,0.0,0.0,-4.77,1.45,0.0
20221121:0111,0.0,0.0,-4.53,1.45,0.0
20221121:0211,0.0,0.0,-4.28,1.45,0.0
20221121:0311,0.0,0.0,-4.4,1.52,0.0
20221121:0411,0.0,0.0,-5.01,1.66,0.0
20221121:0511,0.0,0.0,-5.29,1.72,0.0
20221121:0611,0.0,0.0,-5.81,2.07,0.0
20221121:0711,0.0,0.0,-4.94,1.86,0.0
20221121:0811,5.51,2.43,-4.79,1.86,0.0
20221121:0911,11.7,7.12,-4.0,1.72,0.0
20221121:1011,33.72,10.21,-2.8,2.55,0.0
20221121:1111,44.74,11.46,-2.28,3.72,0.0
20221121:1211,57.12,10.76,-1.78,4.76,0.0
20221121:1311,37.17,8.18,-2.0,3.45,0.0
20221121:1411,17.21,3.92,-2.28,2.83,0.0
20221121:1511,0.0,0.0,-2.69,2.76,0.0
20221121:1611,0.0,0.0,-3.13,3.79,0.0
20221121:1711,0.0,0.0,-3.24,4.07,0.0
20221121:1811,0.0,0.0,-3.12,4.28,0.0
20221121:1911,0.0,0.0,-3.54,3.17,0.0
20221121:2011,0.0,0.0,-3.56,3.17,0.0
20221121:2111,0.0,0.0,-3.3,3.03,0.0
20221121:2211,0.0,0.0,-3.29,3.24,0.0
20221121:2311,0.0,0.0,-3.5,3.24,0.0
20221122:0011,0.0,0.0,-3.71,3.38,0.0
20221122:0111,0.0,0.0,-4.01,3.38,0.0
20221122:0211,0.0,0.0,-4.21,3.45,0.0
20221122:0311,0.0,0.0,-4.23,4.34,0.0
20221122:0411,0.0,0.0,-4.21,4.21,0.0
20221122:0511,0.0,0.0,-4.2,4.21,0.0
20221122:0611,0.0,0.0,-4.09,4.28,0.0
20221122:0711,0.0,0.0,-3.86,3.59,0.0
20221122:0811,3.44,2.2,-3.59,3.38,0.0
20221122:0911,32.35,6.89,-3.08,4.34,0.0
20221122:1011,51.62,9.98,-2.47,4.48,0.0
20221122:1111,44.05,11.24,-1.77,4.62,0.0
20221122:1211,55.75,10.55,-1.46,4.07,0.0
20221122:1311,24.09,7.99,-1.43,3.93,0.0
20221122:1411,11.01,3.74,-1.63,3.45,0.0
20221122:1511,0.0,0.0,-1.46,4.9,0.0
20221122:1611,0.0,0.0,-1.11,4.97,0.0
20221122:1711,0.0,0.0,-0.79,5.17,0.0
20221122:1811,0.0,0.0,-0.55,5.38,0.0
20221122:1911,0.0,0.0,-0.51,4.0,0.0
20221122:2011,0.0,0.0,-0.42,4.07,0.0
20221122:2111,0.0,0.0,-0.33,5.17,0.0
20221122:2211,0.0,0.0,-0.42,4.97,0.0
20221122:2311,0.0,0.0,-0.51,4.83,0.0
20221123:0011,0.0,0.0,-0.44,4.55,0.0
20221123:0111,0.0,0.0,-0.48,4.48,0.0
20221123:0211,0.0,0.0,-0.57,4.41,0.0
20221123:0311,0.0,0.0,-0.57,4.34,0.0
20221123:0411,0.0,0.0,-0.53,4.41,0.0
20221123:0511,0.0,0.0,-0.49,4.41,0.0
20221123:0611,0.0,0.0,-0.29,4.41,0.0
20221123:0711,0.0,0.0,-0.16,4.28,0.0
20221123:0811,0.69,1.98,0.01,4.28,0.0
20221123:0911,19.96,6.67,0.38,4.34,0.0
20221123:1011,12.39,9.76,0.76,3.79,0.0
20221123:1111,9.64,11.02,0.93,3.52,0.0
20221123:1211,34.41,10.35,1.05,3.59,0.0
20221123:1311,17.89,7.8,1.28,4.69,0.0
20221123:1411,2.75,3.57,1.45,4.83,0.0
20221123:1511,0.0,0.0,1.48,4.9,0.0
20221123:1611,0.0,0.0,1.39,4.97,0.0
20221123:1711,0.0,0.0,1.48,4.97,0.0
20221123:1811,0.0,0.0,1.33,4.9,0.0
20221123:1911,0.0,0.0,1.23,4.48,0.0
20221123:2011,0.0,0.0,1.2,4.48,0.0
20221123:2111,0.0,0.0,1.28,4.48,0.0
20221123:2211,0.0,0.0,1.32,4.48,0.0
20221123:2311,0.0,0.0,1.31,4.14,0.0
20221124:0011,0.0,0.0,1.37,4.07,0.0
20221124:0111,0.0,0.0,1.63,4.0,0.0
20221124:0211,0.0,0.0,1.82,3.93,0.0
20221124:0311,0.0,0.0,1.82,2.9,0.0
20221124:0411,0.0,0.0,1.91,2.76,0.0
20221124:0511,0.0,0.0,2.13,2.69,0.0
20221124:0611,0.0,0.0,2.14,3.03,0.0
20221124:0711,0.0,0.0,1.92,3.38,0.0
20221124:0811,0.69,1.76,2.02,3.45,0.0
20221124:0911,11.7,6.45,2.03,3.31,0.0
20221124:1011,34.41,9.55,2.07,2.62,0.0
20221124:1111,24.78,10.82,2.27,3.38,0.0
20221124:1211,8.95,10.15,2.33,2.76,0.0
20221124:1311,10.32,7.61,2.41,2.9,0.0
20221124:1411,2.06,3.4,2.5,2.55,0.0
20221124:1511,0.0,0.0,2.39,2.07,0.0
20221124:1611,0.0,0.0,2.33,1.86,0.0
20221124:1711,0.0,0.0,2.31,1.93,0.0
20221124:1811,0.0,0.0,2.3,1.93,0.0
20221124:1911,0.0,0.0,2.82,2.48,0.0
20221124:2011,0.0,0.0,3.02,2.69,0.0
20221124:2111,0.0,0.0,3.14,2.76,0.0
20221124:2211,0.0,0.0,3.25,3.03,0.0
20221124:2311,0.0,0.0,3.43,3.31,0.0
20221125:0011,0.0,0.0,3.4,2.62,0.0
20221125:0111,0.0,0.0,3.51,2.69,0.0
20221125:0211,0.0,0.0,3.59,2.9,0.0
20221125:0311,0.0,0.0,3.57,3.1,0.0
20221125:0411,0.0,0.0,3.67,3.1,0.0
20221125:0511,0.0,0.0,3.89,3.31,0.0
20221125:0611,0.0,0.0,3.59,3.24,0.0
20221125:0711,0.0,0.0,4.05,3.86,0.0
20221125:0811,0.69,1.55,4.06,3.86,0.0
20221125:0911,4.82,6.24,3.39,3.03,0.0
20221125:1011,15.14,9.34,3.61,3.86,0.0
20221125:1111,35.79,10.61,3.63,3.79,0.0
20221125:1211,40.61,9.96,3.42,3.72,0.0
20221125:1311,10.32,7.44,3.35,3.72,0.0
20221125:1411,3.44,3.24,3.11,3.45,0.0
20221125:1511,0.0,0.0,2.95,3.03,0.0
20221125:1611,0.0,0.0,3.02,2.9,0.0
20221125:1711,0.0,0.0,3.17,2.28,0.0
20221125:1811,0.0,0.0,3.41,2.48,0.0
20221125:1911,0.0,0.0,3.04,2.14,0.0
20221125:2011,0.0,0.0,3.19,1.93,0.0
20221125:2111,0.0,0.0,3.29,1.79,0.0
20221125:2211,0.0,0.0,3.4,1.66,0.0
20221125:2311,0.0,0.0,3.46,1.45,0.0
20221126:0011,0.0,0.0,3.45,1.24,0.0
20221126:0111,0.0,0.0,2.73,1.31,0.0
20221126:0211,0.0,0.0,2.4,1.38,0.0
20221126:0311,0.0,0.0,2.4,1.45,0.0
20221126:0411,0.0,0.0,2.82,1.31,0.0
20221126:0511,0.0,0.0,3.08,1.31,0.0
20221126:0611,0.0,0.0,2.35,1.45,0.0
20221126:0711,0.0,0.0,2.56,1.31,0.0
20221126:0811,0.69,1.34,2.8,1.24,0.0
20221126:0911,8.26,6.03,2.97,1.24,0.0
20221126:1011,35.1,9.13,3.47,1.17,0.0
20221126:1111,14.45,10.42,4.27,1.52,0.0
20221126:1211,8.95,9.78,4.91,1.79,0.0
20221126:1311,14.45,7.27,4.91,1.24,0.0
20221126:1411,12.39,3.08,4.91,1.59,0.0
20221126:1511,0.0,0.0,4.68,1.45,0.0
20221126:1611,0.0,0.0,4.31,1.59,0.0
20221126:1711,0.0,0.0,4.11,1.66,0.0
20221126:1811,0.0,0.0,4.0,1.59,0.0
20221126:1911,0.0,0.0,3.44,1.52,0.0
20221126:2011,0.0,0.0,3.58,1.66,0.0
20221126:2111,0.0,0.0,3.63,1.79,0.0
20221126:2211,0.0,0.0,3.82,1.86,0.0
20221126:2311,0.0,0.0,3.83,2.07,0.0
20221127:0011,0.0,0.0,4.06,2.48,0.0
20221127:0111,0.0,0.0,4.31,2.28,0.0
20221127:0211,0.0,0.0,4.51,2.28,0.0
20221127:0311,0.0,0.0,4.71,2.41,0.0
20221127:0411,0.0,0.0,4.85,2.62,0.0
20221127:0511,0.0,0.0,5.12,2.69,0.0
20221127:0611,0.0,0.0,5.36,2.76,0.0
20221127:0711,0.0,0.0,5.56,3.52,0.0
20221127:0811,0.0,0.0,5.43,4.48,0.0
20221127:0911,8.26,5.83,5.26,4.21,0.0
20221127:1011,14.45,8.94,5.24,4.14,0.0
20221127:1111,11.7,10.23,5.12,4.07,0.0
20221127:1211,12.39,9.6,5.02,3.59,0.0
20221127:1311,5.51,7.1,4.94,3.59,0.0
20221127:1411,1.38,2.93,4.82,3.24,0.0
20221127:1511,0.0,0.0,4.74,3.52,0.0
20221127:1611,0.0,0.0,4.7,3.38,0.0
20221127:1711,0.0,0.0,4.58,2.69,0.0
20221127:1811,0.0,0.0,4.43,2.62,0.0
20221127:1911,0.0,0.0,4.45,2.76,0.0
20221127:2011,0.0,0.0,4.33,2.76,0.0
20221127:2111,0.0,0.0,4.08,2.69,0.0
20221127:2211,0.0,0.0,3.85,2.69,0.0
20221127:2311,0.0,0.0,3.66,2.97,0.0
20221128:0011,0.0,0.0,3.51,3.31,0.0
20221128:0111,0.0,0.0,3.36,3.66,0.0
20221128:0211,0.0,0.0,3.3,4.55,0.0
20221128:0311,0.0,0.0,3.21,3.86,0.0
20221128:0411,0.0,0.0,3.16,3.86,0.0
20221128:0511,0.0,0.0,3.01,3.93,0.0
20221128:0611,0.0,0.0,2.56,3.66,0.0
20221128:0711,0.0,0.0,2.13,3.45,0.0
20221128:0811,0.0,0.0,1.99,4.21,0.0
20221128:0911,16.52,5.63,1.88,4.21,0.0
20221128:1011,19.96,8.75,1.8,4.21,0.0
20221128:1111,19.96,10.05,1.84,4.14,0.0
20221128:1211,16.52,9.43,1.86,3.93,0.0
20221128:1311,11.7,6.95,1.81,3.24,0.0
20221128:1411,2.06,2.79,1.73,3.52,0.0
20221128:1511,0.0,0.0,1.58,3.1,0.0
20221128:1611,0.0,0.0,1.45,3.1,0.0
20221128:1711,0.0,0.0,1.48,3.86,0.0
20221128:1811,0.0,0.0,1.34,4.14,0.0
20221128:1911,0.0,0.0,1.46,3.17,0.0
20221128:2011,0.0,0.0,1.38,3.1,0.0
20221128:2111,0.0,0.0,1.27,2.9,0.0
20221128:2211,0.0,0.0,1.21,2.97,0.0
20221128:2311,0.0,0.0,1.18,2.83,0.0
20221129:0011,0.0,0.0,1.23,3.45,0.0
20221129:0111,0.0,0.0,1.24,3.45,0.0
20221129:0211,0.0,0.0,1.27,3.38,0.0
20221129:0311,0.0,0.0,1.32,3.52,0.0
20221129:0411,0.0,0.0,1.34,3.52,0.0
20221129:0511,0.0,0.0,1.32,3.52,0.0
20221129:0611,0.0,0.0,1.28,3.45,0.0
20221129:0711,0.0,0.0,1.37,3.24,0.0
20221129:0811,0.0,0.0,1.28,3.38,0.0
20221129:0911,25.47,5.44,1.21,3.17,0.0
20221129:1011,11.01,8.56,1.14,3.17,0.0
20221129:1111,30.97,9.87,1.34,3.1,0.0
20221129:1211,42.67,9.27,1.34,3.38,0.0
20221129:1311,10.32,6.8,1.31,3.38,0.0
20221129:1411,1.38,2.66,1.26,2.69,0.0
20221129:1511,0.0,0.0,1.09,2.48,0.0
20221129:1611,0.0,0.0,1.0,2.55,0.0
20221129:1711,0.0,0.0,0.98,2.55,0.0
20221129:1811,0.0,0.0,0.88,2.41,0.0
20221129:1911,0.0,0.0,0.86,2.34,0.0
20221129:2011,0.0,0.0,0.5,2.41,0.0
20221129:2111,0.0,0.0,0.51,2.48,0.0
20221129:2211,0.0,0.0,0.34,2.41,0.0
20221129:2311,0.0,0.0,0.31,2.34,0.0
20221130:0011,0.0,0.0,0.28,2.34,0.0
20221130:0111,0.0,0.0,0.34,2.28,0.0
20221130:0211,0.0,0.0,0.23,2.21,0.0
20221130:0311,0.0,0.0,0.06,2.07,0.0
20221130:0411,0.0,0.0,-0.61,2.0,0.0
20221130:0511,0.0,0.0,-1.27,1.93,0.0
20221130:0611,0.0,0.0,-1.61,1.86,0.0
20221130:0711,0.0,0.0,-1.42,1.72,0.0
20221130:0811,0.0,0.0,-1.63,1.72,0.0
20221130:0911,21.34,5.26,-1.4,1.66,0.0
20221130:1011,17.89,8.38,-1.12,1.72,0.0
20221130:1111,19.27,9.7,-0.8,1.79,0.0
20221130:1211,13.77,9.11,-0.49,1.72,0.0
20221130:1311,9.64,6.66,-0.96,1.72,0.0
20221130:1411,1.38,2.53,-0.83,1.59,0.0
20221130:1511,0.0,0.0,-0.92,1.59,0.0
20221130:1611,0.0,0.0,-0.48,1.45,0.0
20221130:1711,0.0,0.0,-0.2,1.45,0.0
20221130:1811,0.0,0.0,-0.28,1.45,0.0
20221130:1911,0.0,0.0,-0.11,1.45,0.0
20221130:2011,0.0,0.0,-0.31,1.45,0.0
20221130:2111,0.0,0.0,-0.56,1.52,0.0
20221130:2211,0.0,0.0,-0.57,1.52,0.0
20221130:2311,0.0,0.0,-1.24,1.59,0.0
20221201:0011,0.0,0.0,-1.99,1.66,0.0
20221201:0111,0.0,0.0,-1.59,1.59,0.0
20221201:0211,0.0,0.0,-1.0,1.52,0.0
20221201:0311,0.0,0.0,-1.2,1.38,0.0
20221201:0411,0.0,0.0,-1.57,1.45,0.0
20221201:0511,0.0,0.0,-1.7,1.45,0.0
20221201:0611,0.0,0.0,-1.83,1.45,0.0
20221201:0711,0.0,0.0,-0.62,1.31,0.0
20221201:0811,0.0,0.0,-0.72,1.38,0.0
20221201:0911,10.32,5.08,-0.79,1.38,0.0
20221201:1011,35.1,8.21,-0.37,1.31,0.0
20221201:1111,19.27,9.54,-0.08,1.31,0.0
20221201:1211,22.02,8.96,-0.15,1.31,0.0
20221201:1311,11.7,6.52,0.13,1.24,0.0
20221201:1411,1.38,2.41,-0.26,1.31,0.0
20221201:1511,0.0,0.0,-1.88,1.59,0.0
20221201:1611,0.0,0.0,-2.31,1.72,0.0
20221201:1711,0.0,0.0,-1.85,1.66,0.0
20221201:1811,0.0,0.0,-1.82,1.66,0.0
20221201:1911,0.0,0.0,-1.12,1.45,0.0
20221201:2011,0.0,0.0,-1.46,1.59,0.0
20221201:2111,0.0,0.0,-2.08,1.72,0.0
20221201:2211,0.0,0.0,-3.2,1.86,0.0
20221201:2311,0.0,0.0,-4.22,2.0,0.0
20221202:0011,0.0,0.0,-4.48,2.0,0.0
20221202:0111,0.0,0.0,-4.95,2.07,0.0
20221202:0211,0.0,0.0,-5.09,2.14,0.0
20221202:0311,0.0,0.0,-5.19,2.14,0.0
20221202:0411,0.0,0.0,-5.48,2.21,0.0
20221202:0511,0.0,0.0,-5.99,2.28,0.0
20221202:0611,0.0,0.0,-5.76,2.21,0.0
20221202:0711,0.0,0.0,-5.95,2.28,0.0
20221202:0811,0.0,0.0,-5.97,2.28,0.0
20221202:0911,22.71,4.91,-5.78,2.28,0.0
20221202:1011,41.98,8.05,-4.54,2.07,0.0
20221202:1111,48.87,9.38,-4.52,2.21,0.0
20221202:1211,45.42,8.82,-4.45,2.28,0.0
20221202:1311,31.66,6.39,-4.73,2.34,0.0
20221202:1411,6.19,2.3,-4.6,2.21,0.0
20221202:1511,0.0,0.0,-4.71,2.14,0.0
20221202:1611,0.0,0.0,-4.81,2.14,0.0
20221202:1711,0.0,0.0,-4.75,2.07,0.0
20221202:1811,0.0,0.0,-4.86,2.07,0.0
20221202:1911,0.0,0.0,-4.44,2.07,0.0
20221202:2011,0.0,0.0,-4.78,2.14,0.0
20221202:2111,0.0,0.0,-5.04,2.28,0.0
20221202:2211,0.0,0.0,-5.02,2.28,0.0
20221202:2311,0.0,0.0,-5.27,2.28,0.0
20221203:0011,0.0,0.0,-5.59,2.34,0.0
20221203:0111,0.0,0.0,-5.98,2.41,0.0
20221203:0211,0.0,0.0,-6.05,2.41,0.0
20221203:0311,0.0,0.0,-6.1,2.48,0.0
20221203:0411,0.0,0.0,-6.34,2.69,0.0
20221203:0511,0.0,0.0,-6.23,2.69,0.0
20221203:0611,0.0,0.0,-6.02,2.62,0.0
20221203:0711,0.0,0.0,-5.48,2.76,0.0
20221203:0811,0.0,0.0,-5.31,2.62,0.0
20221203:0911,8.95,4.75,-5.48,2.9,0.0
20221203:1011,19.96,7.89,-4.18,2.41,0.0
20221203:1111,20.65,9.24,-4.49,2.83,0.0
20221203:1211,14.45,8.68,-3.24,3.03,0.0
20221203:1311,8.26,6.27,-2.86,2.69,0.0
20221203:1411,1.38,2.19,-3.05,2.83,0.0
20221203:1511,0.0,0.0,-3.62,2.83,0.0
20221203:1611,0.0,0.0,-4.37,2.83,0.0
20221203:1711,0.0,0.0,-5.31,2.83,0.0
20221203:1811,0.0,0.0,-5.96,2.9,0.0
20221203:1911,0.0,0.0,-5.88,3.17,0.0
20221203:2011,0.0,0.0,-6.09,3.03,0.0
20221203:2111,0.0,0.0,-6.46,2.97,0.0
20221203:2211,0.0,0.0,-6.93,2.83,0.0
20221203:2311,0.0,0.0,-7.19,2.83,0.0
20221204:0011,0.0,0.0,-7.32,2.83,0.0
20221204:0111,0.0,0.0,-7.43,2.9,0.0
20221204:0211,0.0,0.0,-7.36,2.9,0.0
20221204:0311,0.0,0.0,-7.3,2.83,0.0
20221204:0411,0.0,0.0,-7.35,2.69,0.0
20221204:0511,0.0,0.0,-7.25,2.62,0.0
20221204:0611,0.0,0.0,-7.0,2.48,0.0
20221204:0711,0.0,0.0,-6.65,2.34,0.0
20221204:0811,0.0,0.0,-6.5,2.34,0.0
20221204:0911,6.88,4.59,-6.33,2.34,0.0
20221204:1011,14.45,7.74,-6.26,2.41,0.0
20221204:1111,19.27,9.09,-6.06,2.55,0.0
20221204:1211,13.77,8.55,-5.4,2.34,0.0
20221204:1311,6.88,6.16,-5.07,2.21,0.0
20221204:1411,1.38,2.09,-4.64,1.72,0.0
20221204:1511,0.0,0.0,-5.05,1.79,0.0
20221204:1611,0.0,0.0,-5.05,1.72,0.0
20221204:1711,0.0,0.0,-4.58,1.66,0.0
20221204:1811,0.0,0.0,-4.56,1.66,0.0
20221204:1911,0.0,0.0,-4.21,1.52,0.0
20221204:2011,0.0,0.0,-4.0,1.52,0.0
20221204:2111,0.0,0.0,-3.99,1.38,0.0
20221204:2211,0.0,0.0,-4.17,1.45,0.0
20221204:2311,0.0,0.0,-4.29,1.45,0.0
20221205:0011,0.0,0.0,-4.38,1.38,0.0
20221205:0111,0.0,0.0,-4.22,1.31,0.0
20221205:0211,0.0,0.0,-4.15,1.17,0.0
20221205:0311,0.0,0.0,-4.21,1.1,0.0
20221205:0411,0.0,0.0,-4.29,0.97,0.0
20221205:0511,0.0,0.0,-4.26,1.03,0.0
20221205:0611,0.0,0.0,-4.27,1.03,0.0
20221205:0711,0.0,0.0,-3.95,1.03,0.0
20221205:0811,0.0,0.0,-3.79,0.97,0.0
20221205:0911,19.96,4.43,-3.66,0.9,0.0
20221205:1011,39.23,7.59,-3.41,0.69,0.0
20221205:1111,46.11,8.96,-3.0,0.41,0.0
20221205:1211,44.74,8.43,-2.8,0.55,0.0
20221205:1311,30.28,6.05,-2.77,0.62,0.0
20221205:1411,2.06,2.0,-2.82,0.9,0.0
20221205:1511,0.0,0.0,-2.99,1.1,0.0
20221205:1611,0.0,0.0,-3.0,1.17,0.0
20221205:1711,0.0,0.0,-2.84,1.38,0.0
20221205:1811,0.0,0.0,-2.88,1.52,0.0
20221205:1911,0.0,0.0,-3.89,1.72,0.0
20221205:2011,0.0,0.0,-3.6,1.79,0.0
20221205:2111,0.0,0.0,-3.46,1.86,0.0
20221205:2211,0.0,0.0,-3.08,1.86,0.0
20221205:2311,0.0,0.0,-2.84,1.79,0.0
20221206:0011,0.0,0.0,-2.38,1.66,0.0
20221206:0111,0.0,0.0,-1.76,1.59,0.0
20221206:0211,0.0,0.0,-1.66,1.45,0.0
20221206:0311,0.0,0.0,-2.24,1.45,0.0
20221206:0411,0.0,0.0,-2.75,1.52,0.0
20221206:0511,0.0,0.0,-3.3,1.52,0.0
20221206:0611,0.0,0.0,-3.87,1.59,0.0
20221206:0711,0.0,0.0,-4.69,1.66,0.0
20221206:0811,0.0,0.0,-4.78,1.59,0.0
20221206:0911,17.89,4.29,-4.31,1.38,0.0
20221206:1011,36.48,7.45,-2.62,1.1,0.0
20221206:1111,45.42,8.83,-1.79,0.76,0.0
20221206:1211,42.67,8.32,-1.21,0.55,0.0
20221206:1311,28.91,5.95,-0.86,0.9,0.0
20221206:1411,2.06,1.92,-0.96,1.03,0.0
20221206:1511,0.0,0.0,-1.52,1.1,0.0
20221206:1611,0.0,0.0,-2.13,1.31,0.0
20221206:1711,0.0,0.0,-3.96,1.79,0.0
20221206:1811,0.0,0.0,-6.18,2.14,0.0
20221206:1911,0.0,0.0,-6.81,2.21,0.0
20221206:2011,0.0,0.0,-7.56,2.34,0.0
20221206:2111,0.0,0.0,-7.63,2.34,0.0
20221206:2211,0.0,0.0,-7.56,2.28,0.0
20221206:2311,0.0,0.0,-7.88,2.28,0.0
20221207:0011,0.0,0.0,-7.74,2.21,0.0
20221207:0111,0.0,0.0,-7.68,2.07,0.0
20221207:0211,0.0,0.0,-7.74,2.07,0.0
20221207:0311,0.0,0.0,-7.32,1.93,0.0
20221207:0411,0.0,0.0,-7.42,1.93,0.0
20221207:0511,0.0,0.0,-7.12,1.79,0.0
20221207:0611,0.0,0.0,-6.38,1.72,0.0
20221207:0711,0.0,0.0,-6.3,1.59,0.0
20221207:0811,0.0,0.0,-6.31,1.52,0.0
20221207:0911,18.58,4.15,-6.02,1.45,0.0
20221207:1011,37.17,7.32,-5.27,1.17,0.0
20221207:1111,45.42,8.71,-4.33,0.9,0.0
20221207:1211,35.79,8.21,-3.68,0.9,0.0
20221207:1311,28.22,5.86,-3.51,0.97,0.0
20221207:1411,4.82,1.84,-3.65,1.1,0.0
20221207:1511,0.0,0.0,-3.83,1.17,0.0
20221207:1611,0.0,0.0,-4.06,1.38,0.0
20221207:1711,0.0,0.0,-4.59,1.45,0.0
20221207:1811,0.0,0.0,-5.09,1.52,0.0
20221207:1911,0.0,0.0,-5.38,1.59,0.0
20221207:2011,0.0,0.0,-6.09,1.72,0.0
20221207:2111,0.0,0.0,-6.85,1.72,0.0
20221207:2211,0.0,0.0,-7.28,1.66,0.0
20221207:2311,0.0,0.0,-7.27,1.66,0.0
20221208:0011,0.0,0.0,-7.26,1.72,0.0
20221208:0111,0.0,0.0,-6.99,1.59,0.0
20221208:0211,0.0,0.0,-6.87,1.59,0.0
20221208:0311,0.0,0.0,-6.82,1.66,0.0
20221208:0411,0.0,0.0,-6.25,1.59,0.0
20221208:0511,0.0,0.0,-5.05,1.38,0.0
20221208:0611,0.0,0.0,-4.42,0.97,0.0
20221208:0711,0.0,0.0,-3.95,0.83,0.0
20221208:0811,0.0,0.0,-6.05,1.86,0.0
20221208:0911,18.58,4.01,-4.62,1.66,0.0
20221208:1011,34.41,7.2,-2.25,0.83,0.0
20221208:1111,44.05,8.6,-1.79,0.62,0.0
20221208:1211,40.61,8.11,-3.1,1.38,0.0
20221208:1311,28.22,5.78,-3.34,1.38,0.0
20221208:1411,0.69,1.77,-2.93,1.24,0.0
20221208:1511,0.0,0.0,-3.47,1.17,0.0
20221208:1611,0.0,0.0,-3.66,1.03,0.0
20221208:1711,0.0,0.0,-4.19,1.17,0.0
20221208:1811,0.0,0.0,-4.89,1.24,0.0
20221208:1911,0.0,0.0,-5.45,1.38,0.0
20221208:2011,0.0,0.0,-5.66,1.24,0.0
20221208:2111,0.0,0.0,-5.63,1.17,0.0
20221208:2211,0.0,0.0,-5.0,1.17,0.0
20221208:2311,0.0,0.0,-4.95,1.24,0.0
20221209:0011,0.0,0.0,-5.39,1.38,0.0
20221209:0111,0.0,0.0,-6.48,1.52,0.0
20221209:0211,0.0,0.0,-7.12,1.59,0.0
20221209:0311,0.0,0.0,-8.48,2.07,0.0
20221209:0411,0.0,0.0,-9.29,2.48,0.0
20221209:0511,0.0,0.0,-8.96,2.76,0.0
20221209:0611,0.0,0.0,-8.5,2.97,0.0
20221209:0711,0.0,0.0,-7.65,3.1,0.0
20221209:0811,0.0,0.0,-7.03,3.17,0.0
20221209:0911,16.52,3.89,-6.91,2.76,0.0
20221209:1011,35.1,7.08,-6.37,3.1,0.0
20221209:1111,33.72,8.49,-5.78,3.38,0.0
20221209:1211,38.54,8.02,-5.45,3.59,0.0
20221209:1311,12.39,5.7,-5.4,3.66,0.0
20221209:1411,2.75,1.71,-5.71,3.24,0.0
20221209:1511,0.0,0.0,-5.98,2.97,0.0
20221209:1611,0.0,0.0,-6.2,3.59,0.0
20221209:1711,0.0,0.0,-6.43,3.66,0.0
20221209:1811,0.0,0.0,-6.89,3.59,0.0
20221209:1911,0.0,0.0,-7.19,3.59,0.0
20221209:2011,0.0,0.0,-7.47,3.59,0.0
20221209:2111,0.0,0.0,-7.76,3.45,0.0
20221209:2211,0.0,0.0,-7.94,3.38,0.0
20221209:2311,0.0,0.0,-8.3,3.31,0.0
20221210:0011,0.0,0.0,-8.7,3.31,0.0
20221210:0111,0.0,0.0,-8.91,3.38,0.0
20221210:0211,0.0,0.0,-9.33,3.31,0.0
20221210:0311,0.0,0.0,-9.85,3.1,0.0
20221210:0411,0.0,0.0,-10.75,2.9,0.0
20221210:0511,0.0,0.0,-11.46,2.62,0.0
20221210:0611,0.0,0.0,-11.47,2.48,0.0
20221210:0711,0.0,0.0,-10.99,2.34,0.0
20221210:0811,0.0,0.0,-10.29,2.14,0.0
20221210:0911,10.32,3.77,-8.95,1.86,0.0
20221210:1011,23.4,6.97,-7.42,1.66,0.0
20221210:1111,27.53,8.39,-7.32,1.72,0.0
20221210:1211,37.17,7.94,-8.29,1.86,0.0
20221210:1311,26.15,5.63,-7.62,1.66,0.0
20221210:1411,0.69,1.65,-6.93,1.45,0.0
20221210:1511,0.0,0.0,-7.32,1.38,0.0
20221210:1611,0.0,0.0,-7.72,1.38,0.0
20221210:1711,0.0,0.0,-8.24,1.45,0.0
20221210:1811,0.0,0.0,-8.69,1.52,0.0
20221210:1911,0.0,0.0,-8.97,1.45,0.0
20221210:2011,0.0,0.0,-9.02,1.45,0.0
20221210:2111,0.0,0.0,-9.06,1.38,0.0
20221210:2211,0.0,0.0,-9.22,1.38,0.0
20221210:2311,0.0,0.0,-9.35,1.45,0.0
20221211:0011,0.0,0.0,-9.4,1.45,0.0
20221211:0111,0.0,0.0,-9.51,1.52,0.0
20221211:0211,0.0,0.0,-9.38,1.52,0.0
20221211:0311,0.0,0.0,-9.32,1.59,0.0
20221211:0411,0.0,0.0,-9.32,1.59,0.0
20221211:0511,0.0,0.0,-9.36,1.66,0.0
20221211:0611,0.0,0.0,-9.73,1.66,0.0
20221211:0711,0.0,0.0,-10.04,1.79,0.0
20221211:0811,0.0,0.0,-10.47,1.79,0.0
20221211:0911,4.82,3.65,-10.72,2.0,0.0
20221211:1011,11.7,6.86,-10.66,2.14,0.0
20221211:1111,13.08,8.3,-9.15,2.83,0.0
20221211:1211,14.45,7.86,-8.43,3.03,0.0
20221211:1311,5.51,5.57,-8.15,3.31,0.0
20221211:1411,0.69,1.6,-8.62,3.52,0.0
20221211:1511,0.0,0.0,-9.31,3.45,0.0
20221211:1611,0.0,0.0,-9.73,3.59,0.0
20221211:1711,0.0,0.0,-9.89,3.66,0.0
20221211:1811,0.0,0.0,-9.82,3.66,0.0
20221211:1911,0.0,0.0,-9.86,3.45,0.0
20221211:2011,0.0,0.0,-9.95,3.59,0.0
20221211:2111,0.0,0.0,-9.77,3.72,0.0
20221211:2211,0.0,0.0,-9.61,3.72,0.0
20221211:2311,0.0,0.0,-9.5,3.79,0.0
20221212:0011,0.0,0.0,-9.53,3.79,0.0
20221212:0111,0.0,0.0,-9.71,3.72,0.0
20221212:0211,0.0,0.0,-9.86,3.59,0.0
20221212:0311,0.0,0.0,-10.14,3.38,0.0
20221212:0411,0.0,0.0,-10.46,3.24,0.0
20221212:0511,0.0,0.0,-10.72,3.17,0.0
20221212:0611,0.0,0.0,-10.95,3.17,0.0
20221212:0711,0.0,0.0,-10.49,3.45,0.0
20221212:0811,0.0,0.0,-10.26,3.45,0.0
20221212:0911,2.06,3.55,-9.85,3.38,0.0
20221212:1011,16.52,6.77,-9.5,2.76,0.0
20221212:1111,27.53,8.22,-9.05,2.76,0.0
20221212:1211,27.53,7.79,-8.74,2.62,0.0
20221212:1311,14.45,5.51,-8.48,2.69,0.0
20221212:1411,0.69,1.56,-8.48,3.03,0.0
20221212:1511,0.0,0.0,-8.72,2.9,0.0
20221212:1611,0.0,0.0,-9.4,2.55,0.0
20221212:1711,0.0,0.0,-10.61,2.34,0.0
20221212:1811,0.0,0.0,-11.65,2.28,0.0
20221212:1911,0.0,0.0,-11.46,2.21,0.0
20221212:2011,0.0,0.0,-11.47,2.07,0.0
20221212:2111,0.0,0.0,-11.59,2.0,0.0
20221212:2211,0.0,0.0,-11.66,2.0,0.0
20221212:2311,0.0,0.0,-11.32,1.86,0.0
20221213:0011,0.0,0.0,-11.19,1.79,0.0
20221213:0111,0.0,0.0,-10.77,1.66,0.0
20221213:0211,0.0,0.0,-11.11,1.66,0.0
20221213:0311,0.0,0.0,-11.58,1.72,0.0
20221213:0411,0.0,0.0,-12.01,1.72,0.0
20221213:0511,0.0,0.0,-12.03,1.66,0.0
20221213:0611,0.0,0.0,-12.27,1.66,0.0
20221213:0711,0.0,0.0,-9.4,1.45,0.0
20221213:0811,0.0,0.0,-10.03,1.45,0.0
20221213:0911,3.44,3.45,-9.59,1.31,0.0
20221213:1011,17.89,6.68,-9.2,1.31,0.0
20221213:1111,12.39,8.14,-8.51,1.38,0.0
20221213:1211,39.23,7.73,-7.22,1.38,0.0
20221213:1311,14.45,5.47,-6.59,1.72,0.0
20221213:1411,0.69,1.53,-6.01,1.79,0.0
20221213:1511,0.0,0.0,-5.47,2.0,0.0
20221213:1611,0.0,0.0,-5.16,1.72,0.0
20221213:1711,0.0,0.0,-4.56,1.52,0.0
20221213:1811,0.0,0.0,-3.94,1.45,0.0
20221213:1911,0.0,0.0,-3.61,1.1,0.0
20221213:2011,0.0,0.0,-4.63,1.59,0.0
20221213:2111,0.0,0.0,-5.16,1.93,0.0
20221213:2211,0.0,0.0,-5.97,2.14,0.0
20221213:2311,0.0,0.0,-7.25,2.14,0.0
20221214:0011,0.0,0.0,-7.98,1.79,0.0
20221214:0111,0.0,0.0,-7.51,1.59,0.0
20221214:0211,0.0,0.0,-6.78,1.45,0.0
20221214:0311,0.0,0.0,-7.34,1.52,0.0
20221214:0411,0.0,0.0,-7.72,1.59,0.0
20221214:0511,0.0,0.0,-7.99,1.72,0.0
20221214:0611,0.0,0.0,-8.97,1.79,0.0
20221214:0711,0.0,0.0,-12.9,2.14,0.0
20221214:0811,0.0,0.0,-13.8,2.0,0.0
20221214:0911,13.77,3.36,-14.79,2.0,0.0
20221214:1011,33.04,6.6,-14.14,1.79,0.0
20221214:1111,14.45,8.08,-12.74,1.52,0.0
20221214:1211,11.01,7.68,-11.86,1.45,0.0
20221214:1311,13.08,5.43,-11.75,1.45,0.0
20221214:1411,0.69,1.51,-12.01,1.66,0.0
20221214:1511,0.0,0.0,-13.15,1.79,0.0
20221214:1611,0.0,0.0,-14.09,1.86,0.0
20221214:1711,0.0,0.0,-15.48,1.86,0.0
20221214:1811,0.0,0.0,-15.99,1.93,0.0
20221214:1911,0.0,0.0,-13.99,1.79,0.0
20221214:2011,0.0,0.0,-12.8,1.72,0.0
20221214:2111,0.0,0.0,-12.79,1.59,0.0
20221214:2211,0.0,0.0,-13.35,1.66,0.0
20221214:2311,0.0,0.0,-13.33,1.72,0.0
20221215:0011,0.0,0.0,-13.5,1.79,0.0
20221215:0111,0.0,0.0,-13.55,1.79,0.0
20221215:0211,0.0,0.0,-13.21,1.79,0.0
20221215:0311,0.0,0.0,-12.03,1.86,0.0
20221215:0411,0.0,0.0,-11.41,1.86,0.0
20221215:0511,0.0,0.0,-10.94,1.93,0.0
20221215:0611,0.0,0.0,-10.99,2.07,0.0
20221215:0711,0.0,0.0,-12.35,2.07,0.0
20221215:0811,0.0,0.0,-12.64,2.0,0.0
20221215:0911,6.19,3.27,-12.87,1.93,0.0
20221215:1011,22.71,6.52,-12.14,1.79,0.0
20221215:1111,15.83,8.01,-10.06,1.66,0.0
20221215:1211,12.39,7.63,-8.36,1.52,0.0
20221215:1311,9.64,5.4,-7.08,1.52,0.0
20221215:1411,0.69,1.49,-5.93,1.45,0.0
20221215:1511,0.0,0.0,-5.65,1.38,0.0
20221215:1611,0.0,0.0,-5.83,1.31,0.0
20221215:1711,0.0,0.0,-6.11,1.24,0.0
20221215:1811,0.0,0.0,-6.43,1.31,0.0
20221215:1911,0.0,0.0,-7.11,1.45,0.0
20221215:2011,0.0,0.0,-7.02,1.38,0.0
20221215:2111,0.0,0.0,-7.17,1.52,0.0
20221215:2211,0.0,0.0,-7.36,1.66,0.0
20221215:2311,0.0,0.0,-7.91,1.72,0.0
20221216:0011,0.0,0.0,-8.5,1.72,0.0
20221216:0111,0.0,0.0,-10.07,1.79,0.0
20221216:0211,0.0,0.0,-11.7,1.79,0.0
20221216:0311,0.0,0.0,-10.62,1.72,0.0
20221216:0411,0.0,0.0,-8.88,1.59,0.0
20221216:0511,0.0,0.0,-6.87,1.45,0.0
20221216:0611,0.0,0.0,-5.87,1.45,0.0
20221216:0711,0.0,0.0,-6.2,2.0,0.0
20221216:0811,0.0,0.0,-6.04,2.14,0.0
20221216:0911,9.64,3.19,-5.3,2.07,0.0
20221216:1011,29.59,6.46,-4.58,2.14,0.0
20221216:1111,41.3,7.96,-3.43,2.14,0.0
20221216:1211,15.83,7.59,-3.09,1.66,0.0
20221216:1311,4.13,5.37,-2.74,1.52,0.0
20221216:1411,0.69,1.48,-2.73,1.52,0.0
20221216:1511,0.0,0.0,-3.15,1.31,0.0
20221216:1611,0.0,0.0,-3.55,1.45,0.0
20221216:1711,0.0,0.0,-3.48,1.52,0.0
20221216:1811,0.0,0.0,-3.24,1.52,0.0
20221216:1911,0.0,0.0,-3.38,1.52,0.0
20221216:2011,0.0,0.0,-3.31,1.52,0.0
20221216:2111,0.0,0.0,-3.5,1.59,0.0
20221216:2211,0.0,0.0,-3.68,1.72,0.0
20221216:2311,0.0,0.0,-4.2,1.79,0.0
20221217:0011,0.0,0.0,-3.74,1.52,0.0
20221217:0111,0.0,0.0,-3.4,1.52,0.0
20221217:0211,0.0,0.0,-3.27,1.79,0.0
20221217:0311,0.0,0.0,-3.08,1.72,0.0
20221217:0411,0.0,0.0,-2.02,1.79,0.0
20221217:0511,0.0,0.0,-0.31,2.97,0.0
20221217:0611,0.0,0.0,0.16,3.17,0.0
20221217:0711,0.0,0.0,0.22,3.03,0.0
20221217:0811,0.0,0.0,0.28,2.83,0.0
20221217:0911,8.26,3.12,0.22,2.69,0.0
20221217:1011,13.08,6.4,0.11,2.48,0.0
20221217:1111,26.84,7.92,0.06,2.0,0.0
20221217:1211,7.57,7.56,-0.05,1.86,0.0
20221217:1311,12.39,5.36,-0.11,1.72,0.0
20221217:1411,0.69,1.47,-0.06,2.0,0.0
20221217:1511,0.0,0.0,0.34,1.93,0.0
20221217:1611,0.0,0.0,0.44,1.79,0.0
20221217:1711,0.0,0.0,0.38,1.79,0.0
20221217:1811,0.0,0.0,0.32,1.66,0.0
20221217:1911,0.0,0.0,0.4,1.66,0.0
20221217:2011,0.0,0.0,0.16,1.66,0.0
20221217:2111,0.0,0.0,0.31,2.28,0.0
20221217:2211,0.0,0.0,0.28,2.48,0.0
20221217:2311,0.0,0.0,0.1,2.48,0.0
20221218:0011,0.0,0.0,0.43,1.79,0.0
20221218:0111,0.0,0.0,0.49,2.14,0.0
20221218:0211,0.0,0.0,0.68,2.48,0.0
20221218:0311,0.0,0.0,0.63,2.55,0.0
20221218:0411,0.0,0.0,0.6,3.31,0.0
20221218:0511,0.0,0.0,0.66,3.17,0.0
20221218:0611,0.0,0.0,-0.35,2.62,0.0
20221218:0711,0.0,0.0,-1.57,2.48,0.0
20221218:0811,0.0,0.0,-2.53,2.28,0.0
20221218:0911,6.19,3.06,-2.36,2.0,0.0
20221218:1011,6.88,6.35,-1.77,1.72,0.0
20221218:1111,21.34,7.88,-0.82,1.45,0.0
20221218:1211,9.64,7.54,-0.14,1.03,0.0
20221218:1311,6.88,5.35,-0.02,0.62,0.0
20221218:1411,0.69,1.48,-0.26,0.28,0.0
20221218:1511,0.0,0.0,-0.8,0.83,0.0
20221218:1611,0.0,0.0,-1.33,1.31,0.0
20221218:1711,0.0,0.0,-2.09,1.59,0.0
20221218:1811,0.0,0.0,-1.89,1.66,0.0
20221218:1911,0.0,0.0,-1.61,1.72,0.0
20221218:2011,0.0,0.0,-1.61,2.07,0.0
20221218:2111,0.0,0.0,-1.27,2.62,0.0
20221218:2211,0.0,0.0,-0.7,3.24,0.0
20221218:2311,0.0,0.0,-0.88,3.52,0.0
20221219:0011,0.0,0.0,-1.78,3.59,0.0
20221219:0111,0.0,0.0,-2.58,3.93,0.0
20221219:0211,0.0,0.0,-3.14,4.14,0.0
20221219:0311,0.0,0.0,-3.47,4.21,0.0
20221219:0411,0.0,0.0,-3.55,4.83,0.0
20221219:0511,0.0,0.0,-3.61,4.14,0.0
20221219:0611,0.0,0.0,-3.4,4.97,0.0
20221219:0711,0.0,0.0,-3.03,3.59,0.0
20221219:0811,0.0,0.0,-2.77,3.79,0.0
20221219:0911,3.44,3.0,-2.65,3.66,0.0
20221219:1011,7.57,6.3,-2.61,3.66,0.0
20221219:1111,6.19,7.85,-2.52,3.72,0.0
20221219:1211,10.32,7.52,-2.35,3.72,0.0
20221219:1311,19.96,5.35,-2.13,3.72,0.0
20221219:1411,0.69,1.49,-1.85,3.59,0.0
20221219:1511,0.0,0.0,-1.56,3.79,0.0
20221219:1611,0.0,0.0,-1.23,4.21,0.0
20221219:1711,0.0,0.0,-0.98,3.86,0.0
20221219:1811,0.0,0.0,-0.67,3.03,0.0
20221219:1911,0.0,0.0,-0.19,2.48,0.0
20221219:2011,0.0,0.0,0.12,2.07,0.0
20221219:2111,0.0,0.0,0.27,1.86,0.0
20221219:2211,0.0,0.0,0.64,1.79,0.0
20221219:2311,0.0,0.0,0.61,1.59,0.0
20221220:0011,0.0,0.0,0.68,1.59,0.0
20221220:0111,0.0,0.0,0.93,1.79,0.0
20221220:0211,0.0,0.0,1.27,1.79,0.0
20221220:0311,0.0,0.0,1.9,1.59,0.0
20221220:0411,0.0,0.0,2.62,1.86,0.0
20221220:0511,0.0,0.0,2.78,2.07,0.0
20221220:0611,0.0,0.0,2.86,1.86,0.0
20221220:0711,0.0,0.0,2.72,1.38,0.0
20221220:0811,0.0,0.0,2.7,1.24,0.0
20221220:0911,9.64,2.95,1.58,1.52,0.0
20221220:1011,10.32,6.26,1.64,1.38,0.0
20221220:1111,17.89,7.82,1.73,1.24,0.0
20221220:1211,33.04,7.51,1.63,1.17,0.0
20221220:1311,4.13,5.35,1.32,1.24,0.0
20221220:1411,0.69,1.51,1.29,0.97,0.0
20221220:1511,0.0,0.0,2.88,0.83,0.0
20221220:1611,0.0,0.0,1.82,1.72,0.0
20221220:1711,0.0,0.0,1.72,1.45,0.0
20221220:1811,0.0,0.0,1.88,0.97,0.0
20221220:1911,0.0,0.0,1.73,1.03,0.0
20221220:2011,0.0,0.0,1.4,1.24,0.0
20221220:2111,0.0,0.0,1.75,1.66,0.0
20221220:2211,0.0,0.0,1.81,1.93,0.0
20221220:2311,0.0,0.0,1.63,1.72,0.0
20221221:0011,0.0,0.0,1.63,1.86,0.0
20221221:0111,0.0,0.0,1.45,2.0,0.0
20221221:0211,0.0,0.0,1.26,2.0,0.0
20221221:0311,0.0,0.0,0.91,1.72,0.0
20221221:0411,0.0,0.0,0.85,1.66,0.0
20221221:0511,0.0,0.0,0.76,1.72,0.0
20221221:0611,0.0,0.0,0.28,1.72,0.0
20221221:0711,0.0,0.0,0.7,1.93,0.0
20221221:0811,0.0,0.0,0.87,1.93,0.0
20221221:0911,2.06,2.91,0.86,1.79,0.0
20221221:1011,4.82,6.24,1.39,2.07,0.0
20221221:1111,19.27,7.81,1.3,2.14,0.0
20221221:1211,12.39,7.51,1.1,1.66,0.0
20221221:1311,13.08,5.37,1.16,1.45,0.0
20221221:1411,0.69,1.54,1.15,1.45,0.0
20221221:1511,0.0,0.0,0.81,1.24,0.0
20221221:1611,0.0,0.0,0.35,1.45,0.0
20221221:1711,0.0,0.0,-0.49,1.45,0.0
20221221:1811,0.0,0.0,-0.61,1.45,0.0
20221221:1911,0.0,0.0,0.41,1.45,0.0
20221221:2011,0.0,0.0,0.71,1.45,0.0
20221221:2111,0.0,0.0,0.79,1.45,0.0
20221221:2211,0.0,0.0,0.86,1.45,0.0
20221221:2311,0.0,0.0,0.91,1.45,0.0
20221222:0011,0.0,0.0,0.96,1.59,0.0
20221222:0111,0.0,0.0,0.9,1.45,0.0
20221222:0211,0.0,0.0,0.92,1.52,0.0
20221222:0311,0.0,0.0,0.92,1.52,0.0
20221222:0411,0.0,0.0,0.92,1.38,0.0
20221222:0511,0.0,0.0,0.72,1.31,0.0
20221222:0611,0.0,0.0,0.65,1.31,0.0
20221222:0711,0.0,0.0,0.66,1.31,0.0
20221222:0811,0.0,0.0,0.71,1.31,0.0
20221222:0911,8.26,2.88,0.69,1.24,0.0
20221222:1011,28.22,6.21,0.5,1.1,0.0
20221222:1111,12.39,7.8,1.04,0.83,0.0
20221222:1211,13.77,7.52,0.91,0.9,0.0
20221222:1311,9.64,5.39,0.99,0.83,0.0
20221222:1411,0.69,1.57,0.87,1.03,0.0
20221222:1511,0.0,0.0,0.91,1.38,0.0
20221222:1611,0.0,0.0,0.96,1.86,0.0
20221222:1711,0.0,0.0,0.96,2.28,0.0
20221222:1811,0.0,0.0,0.7,2.34,0.0
20221222:1911,0.0,0.0,-1.03,2.14,0.0
20221222:2011,0.0,0.0,-1.14,2.21,0.0
20221222:2111,0.0,0.0,-1.16,2.34,0.0
20221222:2211,0.0,0.0,-1.52,2.41,0.0
20221222:2311,0.0,0.0,-2.69,2.48,0.0
20221223:0011,0.0,0.0,-3.09,2.55,0.0
20221223:0111,0.0,0.0,-3.29,2.55,0.0
20221223:0211,0.0,0.0,-3.96,2.28,0.0
20221223:0311,0.0,0.0,-4.48,2.0,0.0
20221223:0411,0.0,0.0,-4.78,1.86,0.0
20221223:0511,0.0,0.0,-4.95,1.79,0.0
20221223:0611,0.0,0.0,-5.16,1.79,0.0
20221223:0711,0.0,0.0,-6.04,1.93,0.0
20221223:0811,0.0,0.0,-6.57,1.93,0.0
20221223:0911,2.06,2.85,-7.18,1.93,0.0
20221223:1011,21.34,6.2,-7.12,1.93,0.0
20221223:1111,40.61,7.8,-6.76,1.86,0.0
20221223:1211,37.17,7.54,-6.68,1.79,0.0
20221223:1311,17.89,5.42,-7.14,1.79,0.0
20221223:1411,0.69,1.61,-8.4,2.0,0.0
20221223:1511,0.0,0.0,-9.63,2.21,0.0
20221223:1611,0.0,0.0,-10.18,2.21,0.0
20221223:1711,0.0,0.0,-10.62,2.21,0.0
20221223:1811,0.0,0.0,-11.03,2.14,0.0
20221223:1911,0.0,0.0,-11.04,1.66,0.0
20221223:2011,0.0,0.0,-12.19,1.66,0.0
20221223:2111,0.0,0.0,-12.3,1.79,0.0
20221223:2211,0.0,0.0,-12.45,1.72,0.0
20221223:2311,0.0,0.0,-12.51,1.79,0.0
20221224:0011,0.0,0.0,-13.13,1.86,0.0
20221224:0111,0.0,0.0,-13.94,1.79,0.0
20221224:0211,0.0,0.0,-14.32,1.86,0.0
20221224:0311,0.0,0.0,-14.58,1.79,0.0
20221224:0411,0.0,0.0,-14.64,1.72,0.0
20221224:0511,0.0,0.0,-13.95,1.93,0.0
20221224:0611,0.0,0.0,-12.45,1.86,0.0
20221224:0711,0.0,0.0,-8.37,1.66,0.0
20221224:0811,0.0,0.0,-7.43,1.52,0.0
20221224:0911,7.57,2.83,-7.07,1.52,0.0
20221224:1011,27.53,6.19,-6.49,1.38,0.0
20221224:1111,38.54,7.81,-6.74,1.52,0.0
20221224:1211,38.54,7.56,-6.63,1.59,0.0
20221224:1311,25.47,5.45,-6.77,1.66,0.0
20221224:1411,0.69,1.66,-7.26,1.86,0.0
20221224:1511,0.0,0.0,-7.51,2.0,0.0
20221224:1611,0.0,0.0,-7.45,2.21,0.0
20221224:1711,0.0,0.0,-7.39,2.48,0.0
20221224:1811,0.0,0.0,-6.88,2.55,0.0
20221224:1911,0.0,0.0,-7.07,2.55,0.0
20221224:2011,0.0,0.0,-6.24,2.83,0.0
20221224:2111,0.0,0.0,-5.82,2.97,0.0
20221224:2211,0.0,0.0,-5.02,3.17,0.0
20221224:2311,0.0,0.0,-4.45,3.31,0.0
20221225:0011,0.0,0.0,-4.37,3.24,0.0
20221225:0111,0.0,0.0,-4.45,3.17,0.0
20221225:0211,0.0,0.0,-3.86,3.31,0.0
20221225:0311,0.0,0.0,-3.53,3.45,0.0
20221225:0411,0.0,0.0,-3.37,3.59,0.0
20221225:0511,0.0,0.0,-2.89,3.86,0.0
20221225:0611,0.0,0.0,-2.61,4.41,0.0
20221225:0711,0.0,0.0,-1.74,4.21,0.0
20221225:0811,0.0,0.0,-1.37,3.86,0.0
20221225:0911,1.38,2.82,-1.13,3.45,0.0
20221225:1011,6.88,6.2,-0.85,2.55,0.0
20221225:1111,6.19,7.83,-0.55,1.93,0.0
20221225:1211,29.59,7.59,-0.17,1.86,0.0
20221225:1311,19.96,5.5,0.05,1.93,0.0
20221225:1411,0.69,1.72,0.28,1.93,0.0
20221225:1511,0.0,0.0,0.42,2.0,0.0
20221225:1611,0.0,0.0,0.88,1.93,0.0
20221225:1711,0.0,0.0,0.95,1.93,0.0
20221225:1811,0.0,0.0,1.01,1.86,0.0
20221225:1911,0.0,0.0,0.84,2.0,0.0
20221225:2011,0.0,0.0,0.87,1.72,0.0
20221225:2111,0.0,0.0,0.93,1.59,0.0
20221225:2211,0.0,0.0,1.04,1.66,0.0
20221225:2311,0.0,0.0,1.09,1.79,0.0
20221226:0011,0.0,0.0,1.13,1.86,0.0
20221226:0111,0.0,0.0,1.17,1.79,0.0
20221226:0211,0.0,0.0,1.06,1.72,0.0
20221226:0311,0.0,0.0,1.08,1.72,0.0
20221226:0411,0.0,0.0,1.26,1.86,0.0
20221226:0511,0.0,0.0,1.28,1.93,0.0
20221226:0611,0.0,0.0,1.15,1.72,0.0
20221226:0711,0.0,0.0,1.51,1.86,0.0
20221226:0811,0.0,0.0,1.09,1.86,0.0
20221226:0911,1.38,2.82,1.18,2.34,0.0
20221226:1011,4.82,6.2,1.1,1.72,0.0
20221226:1111,26.84,7.85,0.88,1.31,0.0
20221226:1211,11.7,7.63,0.41,2.14,0.0
20221226:1311,6.19,5.55,-0.13,2.07,0.0
20221226:1411,0.69,1.78,-0.33,2.21,0.0
20221226:1511,0.0,0.0,-0.71,2.21,0.0
20221226:1611,0.0,0.0,-0.45,2.48,0.0
20221226:1711,0.0,0.0,-0.8,2.55,0.0
20221226:1811,0.0,0.0,-0.94,3.03,0.0
20221226:1911,0.0,0.0,-0.8,2.83,0.0
20221226:2011,0.0,0.0,-0.76,2.9,0.0
20221226:2111,0.0,0.0,-1.03,2.55,0.0
20221226:2211,0.0,0.0,-0.36,3.31,0.0
20221226:2311,0.0,0.0,-0.51,3.17,0.0
20221227:0011,0.0,0.0,0.0,3.66,0.0
20221227:0111,0.0,0.0,-0.27,4.21,0.0
20221227:0211,0.0,0.0,-0.78,4.41,0.0
20221227:0311,0.0,0.0,-1.1,4.28,0.0
20221227:0411,0.0,0.0,-0.87,4.34,0.0
20221227:0511,0.0,0.0,-0.97,4.55,0.0
20221227:0611,0.0,0.0,-0.85,3.93,0.0
20221227:0711,0.0,0.0,-1.23,4.21,0.0
20221227:0811,0.0,0.0,-1.48,3.38,0.0
20221227:0911,1.38,2.82,-1.74,3.03,0.0
20221227:1011,21.34,6.22,-1.78,2.83,0.0
20221227:1111,35.79,7.88,-2.3,2.69,0.0
20221227:1211,8.26,7.67,-2.68,2.41,0.0
20221227:1311,4.13,5.61,-3.12,2.0,0.0
20221227:1411,0.69,1.85,-3.51,1.72,0.0
20221227:1511,0.0,0.0,-3.08,1.31,0.0
20221227:1611,0.0,0.0,-2.66,0.97,0.0
20221227:1711,0.0,0.0,-2.45,0.62,0.0
20221227:1811,0.0,0.0,-2.62,0.0,0.0
20221227:1911,0.0,0.0,-3.08,0.9,0.0
20221227:2011,0.0,0.0,-3.9,1.38,0.0
20221227:2111,0.0,0.0,-5.96,1.52,0.0
20221227:2211,0.0,0.0,-5.97,1.66,0.0
20221227:2311,0.0,0.0,-5.32,1.93,0.0
20221228:0011,0.0,0.0,-4.22,2.34,0.0
20221228:0111,0.0,0.0,-3.49,3.1,0.0
20221228:0211,0.0,0.0,-3.18,3.86,0.0
20221228:0311,0.0,0.0,-3.14,4.28,0.0
20221228:0411,0.0,0.0,-3.01,4.55,0.0
20221228:0511,0.0,0.0,-3.1,4.83,0.0
20221228:0611,0.0,0.0,-3.29,4.76,0.0
20221228:0711,0.0,0.0,-3.39,4.48,0.0
20221228:0811,0.0,0.0,-3.16,4.21,0.0
20221228:0911,1.38,2.83,-2.9,4.07,0.0
20221228:1011,4.82,6.25,-2.75,3.72,0.0
20221228:1111,15.14,7.92,-2.64,3.38,0.0
20221228:1211,28.22,7.73,-2.53,2.76,0.0
20221228:1311,24.78,5.68,-2.47,2.62,0.0
20221228:1411,0.69,1.93,-2.43,2.69,0.0
20221228:1511,0.0,0.0,-2.49,3.03,0.0
20221228:1611,0.0,0.0,-2.57,3.31,0.0
20221228:1711,0.0,0.0,-2.66,3.31,0.0
20221228:1811,0.0,0.0,-2.66,3.38,0.0
20221228:1911,0.0,0.0,-2.68,3.31,0.0
20221228:2011,0.0,0.0,-2.75,3.52,0.0
20221228:2111,0.0,0.0,-2.85,3.86,0.0
20221228:2211,0.0,0.0,-3.0,4.07,0.0
20221228:2311,0.0,0.0,-3.07,4.28,0.0
20221229:0011,0.0,0.0,-3.1,4.9,0.0
20221229:0111,0.0,0.0,-2.71,4.62,0.0
20221229:0211,0.0,0.0,-2.57,4.07,0.0
20221229:0311,0.0,0.0,-2.41,3.38,0.0
20221229:0411,0.0,0.0,-2.06,2.69,0.0
20221229:0511,0.0,0.0,-1.73,2.28,0.0
20221229:0611,0.0,0.0,-1.46,2.28,0.0
20221229:0711,0.0,0.0,-0.07,2.48,0.0
20221229:0811,0.0,0.0,0.54,2.34,0.0
20221229:0911,3.44,2.85,1.01,2.21,0.0
20221229:1011,20.65,6.28,1.72,2.55,0.0
20221229:1111,13.77,7.97,2.26,3.31,0.0
20221229:1211,29.59,7.79,2.12,3.31,0.0
20221229:1311,4.13,5.75,1.62,2.97,0.0
20221229:1411,0.69,2.01,1.75,3.31,0.0
20221229:1511,0.0,0.0,1.85,3.45,0.0
20221229:1611,0.0,0.0,2.12,3.79,0.0
20221229:1711,0.0,0.0,2.07,3.86,0.0
20221229:1811,0.0,0.0,1.55,3.45,0.0
20221229:1911,0.0,0.0,1.48,2.83,0.0
20221229:2011,0.0,0.0,1.16,2.28,0.0
20221229:2111,0.0,0.0,0.95,1.66,0.0
20221229:2211,0.0,0.0,0.69,1.38,0.0
20221229:2311,0.0,0.0,0.39,1.17,0.0
20221230:0011,0.0,0.0,-0.08,1.17,0.0
20221230:0111,0.0,0.0,-0.26,1.24,0.0
20221230:0211,0.0,0.0,-0.3,1.17,0.0
20221230:0311,0.0,0.0,0.1,1.45,0.0
20221230:0411,0.0,0.0,0.46,2.21,0.0
20221230:0511,0.0,0.0,0.18,2.41,0.0
20221230:0611,0.0,0.0,0.04,2.0,0.0
20221230:0711,0.0,0.0,0.22,0.9,0.0
20221230:0811,0.0,0.0,-1.28,1.52,0.0
20221230:0911,2.06,2.87,-1.61,2.0,0.0
20221230:1011,12.39,6.32,-0.52,2.55,0.0
20221230:1111,19.27,8.02,0.78,3.52,0.0
20221230:1211,9.64,7.86,1.36,4.41,0.0
20221230:1311,7.57,5.83,1.92,4.69,0.0
20221230:1411,0.69,2.1,2.69,5.45,0.0
20221230:1511,0.0,0.0,2.98,4.97,0.0
20221230:1611,0.0,0.0,2.6,4.83,0.0
20221230:1711,0.0,0.0,2.24,4.62,0.0
20221230:1811,0.0,0.0,2.17,4.34,0.0
20221230:1911,0.0,0.0,2.03,4.76,0.0
20221230:2011,0.0,0.0,2.6,4.62,0.0
20221230:2111,0.0,0.0,2.81,3.38,0.0
20221230:2211,0.0,0.0,3.33,3.79,0.0
20221230:2311,0.0,0.0,3.52,5.31,0.0
20221231:0011,0.0,0.0,3.21,5.24,0.0
20221231:0111,0.0,0.0,3.36,5.59,0.0
20221231:0211,0.0,0.0,2.93,4.76,0.0
20221231:0311,0.0,0.0,2.78,5.24,0.0
20221231:0411,0.0,0.0,2.54,5.03,0.0
20221231:0511,0.0,0.0,2.24,5.38,0.0
20221231:0611,0.0,0.0,2.09,5.52,0.0
20221231:0711,0.0,0.0,2.43,6.14,0.0
20221231:0811,0.0,0.0,1.7,7.59,0.0
20221231:0911,11.7,2.9,0.96,5.17,0.0
20221231:1011,29.59,6.37,0.94,4.62,0.0
20221231:1111,41.3,8.09,0.76,3.66,0.0
20221231:1211,37.17,7.93,0.71,3.17,0.0
20221231:1311,27.53,5.92,0.27,2.07,0.0
20221231:1411,5.51,2.2,-0.36,1.24,0.0
20221231:1511,0.0,0.0,-0.64,0.62,0.0
20221231:1611,0.0,0.0,-0.76,0.41,0.0
20221231:1711,0.0,0.0,-0.92,0.34,0.0
20221231:1811,0.0,0.0,-1.29,0.07,0.0
20221231:1911,0.0,0.0,-0.51,0.55,0.0
20221231:2011,0.0,0.0,-0.61,0.34,0.0
20221231:2111,0.0,0.0,-0.85,0.69,0.0
20221231:2211,0.0,0.0,-2.47,1.17,0.0
20221231:2311,0.0,0.0,-2.79,1.24,0.0

G(i): Global irradiance on the inclined plane (plane of the array) (W/m2)
H_sun: Sun height (degree)
T2m: 2-m air temperature (degree Celsius)
WS10m: 10-m total wind speed (m/s)
Int: 1 means solar radiation values are reconstructed



PVGIS (c) European Union, 2001-2026