Time(Local),Production,Consumption
01.01.2026 00:00:00 +01:00,16662.95,18002.73
01.01.2026 01:00:00 +01:00,14953.24,17969.40
01.01.2026 02:00:00 +01:00,14298.07,17840.68
01.01.2026 03:00:00 +01:00,13254.81,17703.14
01.01.2026 04:00:00 +01:00,12678.51,17659.47
01.01.2026 05:00:00 +01:00,12706.47,17842.73
01.01.2026 06:00:00 +01:00,12967.66,18168.98
01.01.2026 07:00:00 +01:00,13289.36,18483.16
01.01.2026 08:00:00 +01:00,13593.11,18740.74
01.01.2026 09:00:00 +01:00,14009.36,18996.22
01.01.2026 10:00:00 +01:00,14417.61,19307.80
01.01.2026 11:00:00 +01:00,15096.71,19494.76
01.01.2026 12:00:00 +01:00,15274.79,19664.47
01.01.2026 13:00:00 +01:00,15438.74,19795.24
01.01.2026 14:00:00 +01:00,15905.07,19996.85
01.01.2026 15:00:00 +01:00,16701.68,20320.97
01.01.2026 16:00:00 +01:00,17356.46,20563.35
01.01.2026 17:00:00 +01:00,17827.26,20496.11
01.01.2026 18:00:00 +01:00,18362.00,20312.20
01.01.2026 19:00:00 +01:00,18243.72,20187.20
01.01.2026 20:00:00 +01:00,18017.53,19957.09
01.01.2026 21:00:00 +01:00,17380.07,19704.50
01.01.2026 22:00:00 +01:00,16740.26,19442.10
01.01.2026 23:00:00 +01:00,15974.65,19187.93
02.01.2026 00:00:00 +01:00,14821.37,18879.33
02.01.2026 01:00:00 +01:00,13826.33,18630.74
02.01.2026 02:00:00 +01:00,12743.11,18516.72
02.01.2026 03:00:00 +01:00,12786.86,18517.44
02.01.2026 04:00:00 +01:00,12647.35,18646.37
02.01.2026 05:00:00 +01:00,12850.44,18997.72
02.01.2026 06:00:00 +01:00,14353.17,19790.34
02.01.2026 07:00:00 +01:00,16450.39,20714.21
02.01.2026 08:00:00 +01:00,18967.05,21378.82
02.01.2026 09:00:00 +01:00,20141.75,21783.10
02.01.2026 10:00:00 +01:00,20267.21,22041.08
02.01.2026 11:00:00 +01:00,19592.50,22313.67
02.01.2026 12:00:00 +01:00,20247.72,22464.47
02.01.2026 13:00:00 +01:00,20332.97,22476.55
02.01.2026 14:00:00 +01:00,21395.35,22586.77
02.01.2026 15:00:00 +01:00,23500.14,22731.93
02.01.2026 16:00:00 +01:00,24447.04,22862.41
02.01.2026 17:00:00 +01:00,24701.44,22794.00
02.01.2026 18:00:00 +01:00,24840.75,22598.07
02.01.2026 19:00:00 +01:00,24320.26,22374.37
02.01.2026 20:00:00 +01:00,23539.46,22064.88
02.01.2026 21:00:00 +01:00,23506.18,21665.76
02.01.2026 22:00:00 +01:00,22675.59,21324.23
02.01.2026 23:00:00 +01:00,21693.33,20846.72
03.01.2026 00:00:00 +01:00,22115.90,20509.38
03.01.2026 01:00:00 +01:00,21572.64,20221.61
03.01.2026 02:00:00 +01:00,20710.60,19898.96
03.01.2026 03:00:00 +01:00,20344.44,19884.13
03.01.2026 04:00:00 +01:00,19724.81,19823.85
03.01.2026 05:00:00 +01:00,20111.00,19944.08
03.01.2026 06:00:00 +01:00,20422.32,20237.28
03.01.2026 07:00:00 +01:00,21740.54,20582.12
03.01.2026 08:00:00 +01:00,23337.36,21109.79
03.01.2026 09:00:00 +01:00,23478.95,21596.12
03.01.2026 10:00:00 +01:00,23980.01,22024.63
03.01.2026 11:00:00 +01:00,23930.19,22237.66
03.01.2026 12:00:00 +01:00,23744.96,22313.68
03.01.2026 13:00:00 +01:00,23585.67,22294.88
03.01.2026 14:00:00 +01:00,24320.54,22400.24
03.01.2026 15:00:00 +01:00,24397.04,22574.47
03.01.2026 16:00:00 +01:00,24337.54,22857.92
03.01.2026 17:00:00 +01:00,24460.07,23020.06
03.01.2026 18:00:00 +01:00,24350.07,22792.78
03.01.2026 19:00:00 +01:00,24369.98,22533.03
03.01.2026 20:00:00 +01:00,24470.30,22280.77
03.01.2026 21:00:00 +01:00,24670.23,21946.63
03.01.2026 22:00:00 +01:00,24444.70,21580.30
03.01.2026 23:00:00 +01:00,23747.27,21234.79
04.01.2026 00:00:00 +01:00,23251.09,20954.12
04.01.2026 01:00:00 +01:00,22995.68,20683.22
04.01.2026 02:00:00 +01:00,22691.57,20402.65
04.01.2026 03:00:00 +01:00,22255.31,20344.72
04.01.2026 04:00:00 +01:00,21886.91,20302.33
04.01.2026 05:00:00 +01:00,22266.38,20329.06
04.01.2026 06:00:00 +01:00,22300.14,20469.87
04.01.2026 07:00:00 +01:00,22906.84,20704.58
04.01.2026 08:00:00 +01:00,22997.47,21044.33
04.01.2026 09:00:00 +01:00,23830.85,21430.81
04.01.2026 10:00:00 +01:00,23794.05,21854.66
04.01.2026 11:00:00 +01:00,23612.81,22098.98
04.01.2026 12:00:00 +01:00,23474.04,22171.21
04.01.2026 13:00:00 +01:00,23263.38,22243.70
04.01.2026 14:00:00 +01:00,23454.31,22298.67
04.01.2026 15:00:00 +01:00,23617.24,22562.35
04.01.2026 16:00:00 +01:00,23912.10,22754.31
04.01.2026 17:00:00 +01:00,24408.69,22644.39
04.01.2026 18:00:00 +01:00,24398.51,22511.17
04.01.2026 19:00:00 +01:00,24940.40,22394.35
04.01.2026 20:00:00 +01:00,25435.82,22275.75
04.01.2026 21:00:00 +01:00,25983.83,22146.63
04.01.2026 22:00:00 +01:00,25615.59,21873.88
04.01.2026 23:00:00 +01:00,24561.57,21413.12
05.01.2026 00:00:00 +01:00,24208.62,20937.72
05.01.2026 01:00:00 +01:00,23689.68,20584.44
05.01.2026 02:00:00 +01:00,23986.93,20395.38
05.01.2026 03:00:00 +01:00,23956.24,20323.36
05.01.2026 04:00:00 +01:00,24106.86,20398.41
05.01.2026 05:00:00 +01:00,23948.68,20816.43
05.01.2026 06:00:00 +01:00,24304.96,22043.25
05.01.2026 07:00:00 +01:00,25564.41,23250.82
05.01.2026 08:00:00 +01:00,25199.72,23608.87
05.01.2026 09:00:00 +01:00,25522.19,23697.86
05.01.2026 10:00:00 +01:00,25447.21,23688.90
05.01.2026 11:00:00 +01:00,25302.15,23622.86
05.01.2026 12:00:00 +01:00,25039.69,23660.87
05.01.2026 13:00:00 +01:00,25137.16,23623.20
05.01.2026 14:00:00 +01:00,25235.68,23614.60
05.01.2026 15:00:00 +01:00,25192.23,23732.53
05.01.2026 16:00:00 +01:00,25488.72,23873.87
05.01.2026 17:00:00 +01:00,25759.43,23786.11
05.01.2026 18:00:00 +01:00,25966.79,23490.05
05.01.2026 19:00:00 +01:00,26730.50,23324.02
05.01.2026 20:00:00 +01:00,26360.06,23118.67
05.01.2026 21:00:00 +01:00,26160.40,22951.34
05.01.2026 22:00:00 +01:00,26066.55,22514.91
05.01.2026 23:00:00 +01:00,25202.68,21901.72
06.01.2026 00:00:00 +01:00,25969.61,21463.35
06.01.2026 01:00:00 +01:00,25610.74,21109.78
06.01.2026 02:00:00 +01:00,25816.98,20917.35
06.01.2026 03:00:00 +01:00,25799.83,20885.04
06.01.2026 04:00:00 +01:00,25469.97,20929.84
06.01.2026 05:00:00 +01:00,25171.17,21206.61
06.01.2026 06:00:00 +01:00,26017.68,22298.67
06.01.2026 07:00:00 +01:00,26644.05,23656.49
06.01.2026 08:00:00 +01:00,26920.81,24090.34
06.01.2026 09:00:00 +01:00,27257.95,24139.40
06.01.2026 10:00:00 +01:00,27386.99,24046.76
06.01.2026 11:00:00 +01:00,27191.36,24050.15
06.01.2026 12:00:00 +01:00,27535.64,23971.05
06.01.2026 13:00:00 +01:00,27562.84,23949.88
06.01.2026 14:00:00 +01:00,27214.39,24093.76
06.01.2026 15:00:00 +01:00,26877.63,24331.33
06.01.2026 16:00:00 +01:00,27089.33,24588.65
06.01.2026 17:00:00 +01:00,27531.72,24412.86
06.01.2026 18:00:00 +01:00,27853.97,24283.20
06.01.2026 19:00:00 +01:00,27862.23,24177.76
06.01.2026 20:00:00 +01:00,27907.93,24137.41
06.01.2026 21:00:00 +01:00,27541.02,24050.73
06.01.2026 22:00:00 +01:00,27384.83,23577.28
06.01.2026 23:00:00 +01:00,26914.99,22928.54
07.01.2026 00:00:00 +01:00,25469.93,22276.96
07.01.2026 01:00:00 +01:00,25248.95,21951.83
07.01.2026 02:00:00 +01:00,24385.30,21753.04
07.01.2026 03:00:00 +01:00,23542.96,21674.08
07.01.2026 04:00:00 +01:00,22903.37,21727.06
07.01.2026 05:00:00 +01:00,23896.08,22098.69
07.01.2026 06:00:00 +01:00,25581.45,23201.49
07.01.2026 07:00:00 +01:00,26486.72,24518.79
07.01.2026 08:00:00 +01:00,26648.44,24968.28
07.01.2026 09:00:00 +01:00,27014.72,24992.36
07.01.2026 10:00:00 +01:00,27165.91,25045.96
07.01.2026 11:00:00 +01:00,27018.51,24829.95
07.01.2026 12:00:00 +01:00,26897.93,24819.60
07.01.2026 13:00:00 +01:00,26136.74,24744.55
07.01.2026 14:00:00 +01:00,26379.43,24777.78
07.01.2026 15:00:00 +01:00,26667.99,25022.01
07.01.2026 16:00:00 +01:00,27245.70,25324.02
07.01.2026 17:00:00 +01:00,27585.12,25105.51
07.01.2026 18:00:00 +01:00,27334.84,24812.37
07.01.2026 19:00:00 +01:00,27071.41,24639.88
07.01.2026 20:00:00 +01:00,27048.35,24466.24
07.01.2026 21:00:00 +01:00,26692.22,24183.32
07.01.2026 22:00:00 +01:00,26260.54,23612.12
07.01.2026 23:00:00 +01:00,25261.04,22934.48
08.01.2026 00:00:00 +01:00,23384.53,22347.94
08.01.2026 01:00:00 +01:00,23063.49,21896.80
08.01.2026 02:00:00 +01:00,22364.94,21667.81
08.01.2026 03:00:00 +01:00,22172.03,21442.10
08.01.2026 04:00:00 +01:00,22674.68,21502.75
08.01.2026 05:00:00 +01:00,23273.05,21908.28
08.01.2026 06:00:00 +01:00,24815.90,23177.95
08.01.2026 07:00:00 +01:00,26553.35,24497.16
08.01.2026 08:00:00 +01:00,26895.92,24823.32
08.01.2026 09:00:00 +01:00,27053.96,24872.77
08.01.2026 10:00:00 +01:00,26637.17,24832.32
08.01.2026 11:00:00 +01:00,26426.98,24716.60
08.01.2026 12:00:00 +01:00,26295.42,24507.12
08.01.2026 13:00:00 +01:00,26218.21,24297.18
08.01.2026 14:00:00 +01:00,26369.64,24357.61
08.01.2026 15:00:00 +01:00,26689.32,24681.59
08.01.2026 16:00:00 +01:00,26714.13,25077.54
08.01.2026 17:00:00 +01:00,27148.94,24962.86
08.01.2026 18:00:00 +01:00,27211.85,24721.19
08.01.2026 19:00:00 +01:00,26647.88,24570.08
08.01.2026 20:00:00 +01:00,25788.63,24441.71
08.01.2026 21:00:00 +01:00,25580.99,24134.09
08.01.2026 22:00:00 +01:00,25240.57,23573.90
08.01.2026 23:00:00 +01:00,22906.11,22864.26
09.01.2026 00:00:00 +01:00,21569.73,22216.81
09.01.2026 01:00:00 +01:00,20635.93,21770.90
09.01.2026 02:00:00 +01:00,19099.60,21486.32
09.01.2026 03:00:00 +01:00,18336.13,21300.32
09.01.2026 04:00:00 +01:00,18346.12,21261.95
09.01.2026 05:00:00 +01:00,19016.39,21548.06
09.01.2026 06:00:00 +01:00,21927.59,22658.85
09.01.2026 07:00:00 +01:00,25139.94,23938.46
09.01.2026 08:00:00 +01:00,26288.78,24418.00
09.01.2026 09:00:00 +01:00,25710.47,24491.64
09.01.2026 10:00:00 +01:00,25760.47,24323.35
09.01.2026 11:00:00 +01:00,25571.08,24148.92
09.01.2026 12:00:00 +01:00,25017.15,23936.45
09.01.2026 13:00:00 +01:00,24684.02,23906.48
09.01.2026 14:00:00 +01:00,24373.73,23870.70
09.01.2026 15:00:00 +01:00,24908.72,23983.37
09.01.2026 16:00:00 +01:00,25417.13,24141.78
09.01.2026 17:00:00 +01:00,25717.93,24001.54
09.01.2026 18:00:00 +01:00,25519.71,23696.02
09.01.2026 19:00:00 +01:00,24810.64,23370.72
09.01.2026 20:00:00 +01:00,23771.70,22872.84
09.01.2026 21:00:00 +01:00,23189.82,22390.74
09.01.2026 22:00:00 +01:00,22552.01,21963.34
09.01.2026 23:00:00 +01:00,21052.90,21499.06
10.01.2026 00:00:00 +01:00,20514.15,21090.72
10.01.2026 01:00:00 +01:00,19087.48,20748.24
10.01.2026 02:00:00 +01:00,18412.03,20574.54
10.01.2026 03:00:00 +01:00,17893.13,20553.66
10.01.2026 04:00:00 +01:00,18073.20,20528.75
10.01.2026 05:00:00 +01:00,18177.04,20640.72
10.01.2026 06:00:00 +01:00,18990.69,20954.44
10.01.2026 07:00:00 +01:00,21327.27,21385.74
10.01.2026 08:00:00 +01:00,23570.94,22089.45
10.01.2026 09:00:00 +01:00,25172.46,22727.33
10.01.2026 10:00:00 +01:00,25230.60,23078.11
10.01.2026 11:00:00 +01:00,24985.11,23123.30
10.01.2026 12:00:00 +01:00,25151.81,23017.19
10.01.2026 13:00:00 +01:00,25155.68,22891.49
10.01.2026 14:00:00 +01:00,25393.86,22858.27
10.01.2026 15:00:00 +01:00,25208.20,23107.82
10.01.2026 16:00:00 +01:00,25356.69,23468.32
10.01.2026 17:00:00 +01:00,25261.24,23526.76
10.01.2026 18:00:00 +01:00,25596.17,23504.42
10.01.2026 19:00:00 +01:00,25491.31,23319.98
10.01.2026 20:00:00 +01:00,25196.51,23086.32
10.01.2026 21:00:00 +01:00,24972.69,22805.96
10.01.2026 22:00:00 +01:00,25014.02,22571.43
10.01.2026 23:00:00 +01:00,24588.07,22275.18
11.01.2026 00:00:00 +01:00,24333.84,22078.27
11.01.2026 01:00:00 +01:00,24278.02,21769.77
11.01.2026 02:00:00 +01:00,24198.02,21568.74
11.01.2026 03:00:00 +01:00,23606.26,21488.66
11.01.2026 04:00:00 +01:00,23199.66,21462.67
11.01.2026 05:00:00 +01:00,23346.97,21453.16
11.01.2026 06:00:00 +01:00,23023.46,21573.82
11.01.2026 07:00:00 +01:00,23641.05,21826.09
11.01.2026 08:00:00 +01:00,24806.37,22321.23
11.01.2026 09:00:00 +01:00,25162.14,22789.45
11.01.2026 10:00:00 +01:00,25985.39,23111.71
11.01.2026 11:00:00 +01:00,26092.14,23143.62
11.01.2026 12:00:00 +01:00,26443.20,23084.50
11.01.2026 13:00:00 +01:00,26407.80,23138.69
11.01.2026 14:00:00 +01:00,26343.76,23311.26
11.01.2026 15:00:00 +01:00,26117.41,23536.14
11.01.2026 16:00:00 +01:00,26665.01,23935.21
11.01.2026 17:00:00 +01:00,26895.43,24020.62
11.01.2026 18:00:00 +01:00,26668.88,23930.80
11.01.2026 19:00:00 +01:00,27028.06,23866.84
11.01.2026 20:00:00 +01:00,26947.29,23639.11
11.01.2026 21:00:00 +01:00,26358.93,23315.92
11.01.2026 22:00:00 +01:00,26095.91,22963.26
11.01.2026 23:00:00 +01:00,24294.68,22325.92
12.01.2026 00:00:00 +01:00,22944.76,21696.52
12.01.2026 01:00:00 +01:00,22551.62,21336.08
12.01.2026 02:00:00 +01:00,22188.48,21130.66
12.01.2026 03:00:00 +01:00,21811.79,20997.86
12.01.2026 04:00:00 +01:00,21354.60,21014.97
12.01.2026 05:00:00 +01:00,22209.05,21388.33
12.01.2026 06:00:00 +01:00,24390.96,22583.30
12.01.2026 07:00:00 +01:00,26306.16,23985.87
12.01.2026 08:00:00 +01:00,26476.48,24287.98
12.01.2026 09:00:00 +01:00,27037.92,24205.40
12.01.2026 10:00:00 +01:00,27072.24,24046.54
12.01.2026 11:00:00 +01:00,27152.63,23951.00
12.01.2026 12:00:00 +01:00,26589.67,23911.59
12.01.2026 13:00:00 +01:00,26704.04,23705.84
12.01.2026 14:00:00 +01:00,26783.51,23763.75
12.01.2026 15:00:00 +01:00,26770.63,23830.52
12.01.2026 16:00:00 +01:00,26756.17,24037.60
12.01.2026 17:00:00 +01:00,27303.57,23821.12
12.01.2026 18:00:00 +01:00,27660.94,23687.97
12.01.2026 19:00:00 +01:00,27690.25,23470.12
12.01.2026 20:00:00 +01:00,27379.43,23179.55
12.01.2026 21:00:00 +01:00,26908.88,22758.11
12.01.2026 22:00:00 +01:00,26999.76,22174.26
12.01.2026 23:00:00 +01:00,26134.12,21434.50
13.01.2026 00:00:00 +01:00,25146.05,20851.85
13.01.2026 01:00:00 +01:00,24557.54,20496.39
13.01.2026 02:00:00 +01:00,24479.75,20205.94
13.01.2026 03:00:00 +01:00,24414.24,20032.21
13.01.2026 04:00:00 +01:00,24520.73,20029.34
13.01.2026 05:00:00 +01:00,24954.00,20359.95
13.01.2026 06:00:00 +01:00,26137.27,21481.91
13.01.2026 07:00:00 +01:00,26543.89,22739.47
13.01.2026 08:00:00 +01:00,26737.80,22989.28
13.01.2026 09:00:00 +01:00,26195.09,22766.82
13.01.2026 10:00:00 +01:00,26089.03,22695.67
13.01.2026 11:00:00 +01:00,26771.42,22647.24
13.01.2026 12:00:00 +01:00,26108.41,22727.61
13.01.2026 13:00:00 +01:00,25790.11,22783.89
13.01.2026 14:00:00 +01:00,25991.13,22710.85
13.01.2026 15:00:00 +01:00,26400.86,22911.46
13.01.2026 16:00:00 +01:00,26914.83,23333.54
13.01.2026 17:00:00 +01:00,27514.10,23195.26
13.01.2026 18:00:00 +01:00,27329.80,22940.40
13.01.2026 19:00:00 +01:00,26934.57,22706.85
13.01.2026 20:00:00 +01:00,26788.89,22434.39
13.01.2026 21:00:00 +01:00,26631.59,22152.84
13.01.2026 22:00:00 +01:00,25780.66,21695.35
13.01.2026 23:00:00 +01:00,23822.35,20912.31
14.01.2026 00:00:00 +01:00,23170.31,20300.88
14.01.2026 01:00:00 +01:00,22983.87,19928.88
14.01.2026 02:00:00 +01:00,22324.93,19649.82
14.01.2026 03:00:00 +01:00,21771.45,19551.99
14.01.2026 04:00:00 +01:00,21901.24,19453.20
14.01.2026 05:00:00 +01:00,22584.69,19714.38
14.01.2026 06:00:00 +01:00,23959.02,20642.20
14.01.2026 07:00:00 +01:00,25376.61,21708.99
14.01.2026 08:00:00 +01:00,25427.32,21945.82
14.01.2026 09:00:00 +01:00,25161.55,21917.04
14.01.2026 10:00:00 +01:00,24522.73,21739.78
14.01.2026 11:00:00 +01:00,24377.08,21792.87
14.01.2026 12:00:00 +01:00,24255.52,21738.47
14.01.2026 13:00:00 +01:00,23942.65,21650.28
14.01.2026 14:00:00 +01:00,23980.99,21667.84
14.01.2026 15:00:00 +01:00,24512.59,21735.38
14.01.2026 16:00:00 +01:00,24866.39,22095.67
14.01.2026 17:00:00 +01:00,25580.11,22054.33
14.01.2026 18:00:00 +01:00,25482.80,21911.42
14.01.2026 19:00:00 +01:00,25558.75,21851.82
14.01.2026 20:00:00 +01:00,25347.65,21820.59
14.01.2026 21:00:00 +01:00,24941.19,21669.90
14.01.2026 22:00:00 +01:00,24338.22,21243.19
14.01.2026 23:00:00 +01:00,23529.76,20663.02
15.01.2026 00:00:00 +01:00,23155.34,19989.41
15.01.2026 01:00:00 +01:00,23138.39,19555.54
15.01.2026 02:00:00 +01:00,21976.65,19272.09
15.01.2026 03:00:00 +01:00,20830.50,19086.75
15.01.2026 04:00:00 +01:00,20636.68,19062.57
15.01.2026 05:00:00 +01:00,21801.32,19425.93
15.01.2026 06:00:00 +01:00,24424.20,20625.92
15.01.2026 07:00:00 +01:00,25825.92,21977.99
15.01.2026 08:00:00 +01:00,26223.38,22332.35
15.01.2026 09:00:00 +01:00,26327.36,22254.22
15.01.2026 10:00:00 +01:00,25922.72,22253.38
15.01.2026 11:00:00 +01:00,25720.31,22167.14
15.01.2026 12:00:00 +01:00,25565.89,22052.01
15.01.2026 13:00:00 +01:00,25908.61,21983.31
15.01.2026 14:00:00 +01:00,26486.67,22105.55
15.01.2026 15:00:00 +01:00,26571.27,22112.90
15.01.2026 16:00:00 +01:00,26922.70,22277.48
15.01.2026 17:00:00 +01:00,26391.28,22053.80
15.01.2026 18:00:00 +01:00,26516.67,21812.29
15.01.2026 19:00:00 +01:00,26543.42,21642.98
15.01.2026 20:00:00 +01:00,25652.81,21334.58
15.01.2026 21:00:00 +01:00,24376.96,20929.83
15.01.2026 22:00:00 +01:00,22967.04,20328.05
15.01.2026 23:00:00 +01:00,21129.17,19663.68
16.01.2026 00:00:00 +01:00,20570.00,19181.18
16.01.2026 01:00:00 +01:00,19073.90,18685.32
16.01.2026 02:00:00 +01:00,17824.33,18370.79
16.01.2026 03:00:00 +01:00,17201.44,18249.98
16.01.2026 04:00:00 +01:00,17625.72,18264.18
16.01.2026 05:00:00 +01:00,19597.10,18570.15
16.01.2026 06:00:00 +01:00,21620.32,19609.69
16.01.2026 07:00:00 +01:00,23343.60,20872.68
16.01.2026 08:00:00 +01:00,23486.02,21222.18
16.01.2026 09:00:00 +01:00,23572.16,21197.16
16.01.2026 10:00:00 +01:00,22893.12,21050.91
16.01.2026 11:00:00 +01:00,23203.19,20893.37
16.01.2026 12:00:00 +01:00,23314.58,20933.19
16.01.2026 13:00:00 +01:00,23669.20,20973.80
16.01.2026 14:00:00 +01:00,24115.71,20964.30
16.01.2026 15:00:00 +01:00,24685.03,20947.39
16.01.2026 16:00:00 +01:00,25515.71,21180.23
16.01.2026 17:00:00 +01:00,25708.42,21026.84
16.01.2026 18:00:00 +01:00,25961.84,20807.46
16.01.2026 19:00:00 +01:00,25080.04,20553.47
16.01.2026 20:00:00 +01:00,24327.59,20163.98
16.01.2026 21:00:00 +01:00,23378.65,19711.84
16.01.2026 22:00:00 +01:00,22744.21,19351.92
16.01.2026 23:00:00 +01:00,21884.05,18842.50
17.01.2026 00:00:00 +01:00,21170.87,18529.12
17.01.2026 01:00:00 +01:00,20993.62,18226.30
17.01.2026 02:00:00 +01:00,20865.25,17949.25
17.01.2026 03:00:00 +01:00,20601.02,17742.46
17.01.2026 04:00:00 +01:00,20538.85,17667.09
17.01.2026 05:00:00 +01:00,20897.70,17764.66
17.01.2026 06:00:00 +01:00,21095.57,18005.12
17.01.2026 07:00:00 +01:00,21921.68,18360.27
17.01.2026 08:00:00 +01:00,22942.37,18968.27
17.01.2026 09:00:00 +01:00,24067.49,19492.68
17.01.2026 10:00:00 +01:00,24126.84,19854.32
17.01.2026 11:00:00 +01:00,23779.97,19925.17
17.01.2026 12:00:00 +01:00,23844.20,19963.13
17.01.2026 13:00:00 +01:00,23725.46,19938.14
17.01.2026 14:00:00 +01:00,24120.17,19873.60
17.01.2026 15:00:00 +01:00,24457.48,19904.52
17.01.2026 16:00:00 +01:00,24623.48,20154.50
17.01.2026 17:00:00 +01:00,24690.99,20229.11
17.01.2026 18:00:00 +01:00,24821.66,20097.27
17.01.2026 19:00:00 +01:00,24667.19,19851.08
17.01.2026 20:00:00 +01:00,24497.82,19550.55
17.01.2026 21:00:00 +01:00,23777.36,19232.08
17.01.2026 22:00:00 +01:00,22972.63,18870.00
17.01.2026 23:00:00 +01:00,22935.46,18487.34
18.01.2026 00:00:00 +01:00,21961.07,18122.34
18.01.2026 01:00:00 +01:00,21801.62,17809.92
18.01.2026 02:00:00 +01:00,21577.46,17553.45
18.01.2026 03:00:00 +01:00,21514.47,17396.94
18.01.2026 04:00:00 +01:00,21494.15,17308.73
18.01.2026 05:00:00 +01:00,21524.87,17347.62
18.01.2026 06:00:00 +01:00,21871.70,17502.04
18.01.2026 07:00:00 +01:00,22267.46,17769.15
18.01.2026 08:00:00 +01:00,23314.06,18138.18
18.01.2026 09:00:00 +01:00,24107.89,18550.77
18.01.2026 10:00:00 +01:00,23935.35,18884.84
18.01.2026 11:00:00 +01:00,23392.05,18980.43
18.01.2026 12:00:00 +01:00,23569.76,19159.00
18.01.2026 13:00:00 +01:00,23908.54,19212.33
18.01.2026 14:00:00 +01:00,24534.51,19373.79
18.01.2026 15:00:00 +01:00,25815.76,19542.55
18.01.2026 16:00:00 +01:00,26204.23,19712.79
18.01.2026 17:00:00 +01:00,26416.96,19775.57
18.01.2026 18:00:00 +01:00,26215.85,19715.88
18.01.2026 19:00:00 +01:00,25972.47,19663.64
18.01.2026 20:00:00 +01:00,26059.82,19560.56
18.01.2026 21:00:00 +01:00,25961.68,19369.57
18.01.2026 22:00:00 +01:00,25111.13,19079.20
18.01.2026 23:00:00 +01:00,23873.70,18590.60
19.01.2026 00:00:00 +01:00,23486.98,18161.36
19.01.2026 01:00:00 +01:00,23511.09,17815.54
19.01.2026 02:00:00 +01:00,23052.75,17558.34
19.01.2026 03:00:00 +01:00,22978.38,17502.43
19.01.2026 04:00:00 +01:00,23023.97,17563.81
19.01.2026 05:00:00 +01:00,23640.70,17916.52
19.01.2026 06:00:00 +01:00,25526.19,19031.52
19.01.2026 07:00:00 +01:00,26315.99,20162.78
19.01.2026 08:00:00 +01:00,26601.98,20573.73
19.01.2026 09:00:00 +01:00,26397.65,20494.76
19.01.2026 10:00:00 +01:00,25706.27,20461.95
19.01.2026 11:00:00 +01:00,25024.56,20547.18
19.01.2026 12:00:00 +01:00,25238.57,20495.90
19.01.2026 13:00:00 +01:00,25283.74,20423.19
19.01.2026 14:00:00 +01:00,25465.17,20399.06
19.01.2026 15:00:00 +01:00,25777.13,20442.71
19.01.2026 16:00:00 +01:00,26059.14,20763.26
19.01.2026 17:00:00 +01:00,25689.90,20661.72
19.01.2026 18:00:00 +01:00,25369.91,20460.54
19.01.2026 19:00:00 +01:00,25877.87,20324.39
19.01.2026 20:00:00 +01:00,25789.24,20165.38
19.01.2026 21:00:00 +01:00,25444.90,19993.94
19.01.2026 22:00:00 +01:00,25505.06,19672.72
19.01.2026 23:00:00 +01:00,25050.90,19103.66
20.01.2026 00:00:00 +01:00,23559.30,18608.48
20.01.2026 01:00:00 +01:00,22901.60,18287.33
20.01.2026 02:00:00 +01:00,22498.50,18073.39
20.01.2026 03:00:00 +01:00,22350.04,17966.89
20.01.2026 04:00:00 +01:00,22191.77,18009.91
20.01.2026 05:00:00 +01:00,21961.08,18420.07
20.01.2026 06:00:00 +01:00,23224.57,19632.80
20.01.2026 07:00:00 +01:00,25000.65,20825.01
20.01.2026 08:00:00 +01:00,25136.87,22368.10
20.01.2026 09:00:00 +01:00,24648.82,21188.25
20.01.2026 10:00:00 +01:00,24142.90,21087.14
20.01.2026 11:00:00 +01:00,23929.23,21245.99
20.01.2026 12:00:00 +01:00,23829.17,21148.42
20.01.2026 13:00:00 +01:00,24112.38,21074.12
20.01.2026 14:00:00 +01:00,24118.24,21129.48
20.01.2026 15:00:00 +01:00,24454.16,21281.65
20.01.2026 16:00:00 +01:00,24705.56,21585.41
20.01.2026 17:00:00 +01:00,25360.52,21573.83
20.01.2026 18:00:00 +01:00,25097.08,21359.97
20.01.2026 19:00:00 +01:00,24765.98,21235.43
20.01.2026 20:00:00 +01:00,24833.78,21010.36
20.01.2026 21:00:00 +01:00,24727.32,20848.14
20.01.2026 22:00:00 +01:00,24976.55,20669.43
20.01.2026 23:00:00 +01:00,24720.02,20144.90
21.01.2026 00:00:00 +01:00,24331.38,19558.07
21.01.2026 01:00:00 +01:00,23913.29,19223.69
21.01.2026 02:00:00 +01:00,23272.05,19014.14
21.01.2026 03:00:00 +01:00,23102.97,18885.03
21.01.2026 04:00:00 +01:00,22970.12,18936.86
21.01.2026 05:00:00 +01:00,23293.76,19340.62
21.01.2026 06:00:00 +01:00,24802.98,20503.22
21.01.2026 07:00:00 +01:00,26005.79,21748.93
21.01.2026 08:00:00 +01:00,26539.86,21966.20
21.01.2026 09:00:00 +01:00,26650.09,21900.74
21.01.2026 10:00:00 +01:00,26705.84,21961.00
21.01.2026 11:00:00 +01:00,25970.56,21922.54
21.01.2026 12:00:00 +01:00,25665.33,21894.23
21.01.2026 13:00:00 +01:00,26200.16,21870.72
21.01.2026 14:00:00 +01:00,27050.31,21945.92
21.01.2026 15:00:00 +01:00,26965.20,21858.78
21.01.2026 16:00:00 +01:00,27102.72,22169.09
21.01.2026 17:00:00 +01:00,27534.47,22109.54
21.01.2026 18:00:00 +01:00,26960.01,21833.99
21.01.2026 19:00:00 +01:00,26890.39,21818.25
21.01.2026 20:00:00 +01:00,26245.58,21627.95
21.01.2026 21:00:00 +01:00,25400.95,21281.14
21.01.2026 22:00:00 +01:00,24126.41,20793.48
21.01.2026 23:00:00 +01:00,22329.42,20157.24
22.01.2026 00:00:00 +01:00,20454.35,19638.60
22.01.2026 01:00:00 +01:00,20202.00,19232.19
22.01.2026 02:00:00 +01:00,20281.79,19001.82
22.01.2026 03:00:00 +01:00,19525.95,18885.78
22.01.2026 04:00:00 +01:00,19287.75,18901.65
22.01.2026 05:00:00 +01:00,19780.54,19213.33
22.01.2026 06:00:00 +01:00,21597.09,20379.56
22.01.2026 07:00:00 +01:00,25181.51,21693.77
22.01.2026 08:00:00 +01:00,26349.98,22201.48
22.01.2026 09:00:00 +01:00,26295.50,22206.72
22.01.2026 10:00:00 +01:00,25307.80,22091.19
22.01.2026 11:00:00 +01:00,24178.33,21914.28
22.01.2026 12:00:00 +01:00,22915.50,21809.17
22.01.2026 13:00:00 +01:00,22980.53,21722.06
22.01.2026 14:00:00 +01:00,24751.99,21791.90
22.01.2026 15:00:00 +01:00,26150.13,21977.70
22.01.2026 16:00:00 +01:00,26539.29,22397.30
22.01.2026 17:00:00 +01:00,26954.81,22406.24
22.01.2026 18:00:00 +01:00,26926.62,22231.20
22.01.2026 19:00:00 +01:00,26575.98,22093.44
22.01.2026 20:00:00 +01:00,25810.33,21984.26
22.01.2026 21:00:00 +01:00,25052.18,21761.78
22.01.2026 22:00:00 +01:00,23998.15,21346.42
22.01.2026 23:00:00 +01:00,22689.41,20734.53
23.01.2026 00:00:00 +01:00,21031.80,20180.78
23.01.2026 01:00:00 +01:00,20556.21,19801.86
23.01.2026 02:00:00 +01:00,20120.91,19625.78
23.01.2026 03:00:00 +01:00,20202.86,19475.52
23.01.2026 04:00:00 +01:00,19994.17,19503.32
23.01.2026 05:00:00 +01:00,20307.89,19878.49
23.01.2026 06:00:00 +01:00,23125.25,20989.23
23.01.2026 07:00:00 +01:00,25741.46,22387.98
23.01.2026 08:00:00 +01:00,26099.02,22933.59
23.01.2026 09:00:00 +01:00,26047.76,22954.42
23.01.2026 10:00:00 +01:00,26260.55,22919.14
23.01.2026 11:00:00 +01:00,25686.55,22864.00
23.01.2026 12:00:00 +01:00,24158.65,22774.93
23.01.2026 13:00:00 +01:00,23624.16,22639.37
23.01.2026 14:00:00 +01:00,24462.44,22682.68
23.01.2026 15:00:00 +01:00,25433.13,22839.34
23.01.2026 16:00:00 +01:00,26153.33,23045.54
23.01.2026 17:00:00 +01:00,26455.80,23032.50
23.01.2026 18:00:00 +01:00,26223.94,22844.32
23.01.2026 19:00:00 +01:00,25775.75,22559.16
23.01.2026 20:00:00 +01:00,25168.48,22176.13
23.01.2026 21:00:00 +01:00,24058.95,21718.34
23.01.2026 22:00:00 +01:00,23449.55,21251.54
23.01.2026 23:00:00 +01:00,22126.37,20872.82
24.01.2026 00:00:00 +01:00,21551.55,20431.47
24.01.2026 01:00:00 +01:00,21255.06,20110.86
24.01.2026 02:00:00 +01:00,20648.66,19832.53
24.01.2026 03:00:00 +01:00,20217.42,19646.15
24.01.2026 04:00:00 +01:00,19920.42,19577.87
24.01.2026 05:00:00 +01:00,20182.51,19633.82
24.01.2026 06:00:00 +01:00,21155.24,19917.08
24.01.2026 07:00:00 +01:00,22088.82,20299.34
24.01.2026 08:00:00 +01:00,24297.01,20969.43
24.01.2026 09:00:00 +01:00,24805.72,21440.84
24.01.2026 10:00:00 +01:00,25123.23,21861.82
24.01.2026 11:00:00 +01:00,24736.16,21899.30
24.01.2026 12:00:00 +01:00,24049.37,21802.86
24.01.2026 13:00:00 +01:00,23223.39,21641.21
24.01.2026 14:00:00 +01:00,23403.47,21552.38
24.01.2026 15:00:00 +01:00,24376.35,21579.55
24.01.2026 16:00:00 +01:00,24602.23,21854.06
24.01.2026 17:00:00 +01:00,24941.60,22032.46
24.01.2026 18:00:00 +01:00,25034.94,21894.44
24.01.2026 19:00:00 +01:00,25645.86,21639.38
24.01.2026 20:00:00 +01:00,25182.24,21302.31
24.01.2026 21:00:00 +01:00,24300.30,20904.22
24.01.2026 22:00:00 +01:00,24111.71,20578.43
24.01.2026 23:00:00 +01:00,22469.92,20186.71
25.01.2026 00:00:00 +01:00,20813.94,19794.65
25.01.2026 01:00:00 +01:00,20390.50,19556.30
25.01.2026 02:00:00 +01:00,19767.03,19376.09
25.01.2026 03:00:00 +01:00,19474.47,19233.50
25.01.2026 04:00:00 +01:00,19594.55,19199.50
25.01.2026 05:00:00 +01:00,19334.27,19227.76
25.01.2026 06:00:00 +01:00,19597.05,19373.65
25.01.2026 07:00:00 +01:00,20163.04,19649.16
25.01.2026 08:00:00 +01:00,21120.29,20145.01
25.01.2026 09:00:00 +01:00,22946.66,20590.01
25.01.2026 10:00:00 +01:00,23369.35,20966.30
25.01.2026 11:00:00 +01:00,23699.74,21134.72
25.01.2026 12:00:00 +01:00,23469.45,21161.84
25.01.2026 13:00:00 +01:00,23516.64,21153.40
25.01.2026 14:00:00 +01:00,23487.87,21271.02
25.01.2026 15:00:00 +01:00,23530.56,21433.36
25.01.2026 16:00:00 +01:00,24100.61,21789.65
25.01.2026 17:00:00 +01:00,25028.42,21941.89
25.01.2026 18:00:00 +01:00,24732.03,21869.46
25.01.2026 19:00:00 +01:00,25269.63,21804.12
25.01.2026 20:00:00 +01:00,25015.82,21764.68
25.01.2026 21:00:00 +01:00,24347.27,21555.77
25.01.2026 22:00:00 +01:00,24055.49,21257.00
25.01.2026 23:00:00 +01:00,22623.03,20777.21
26.01.2026 00:00:00 +01:00,21544.93,20333.40
26.01.2026 01:00:00 +01:00,21214.94,20014.82
26.01.2026 02:00:00 +01:00,20332.79,19853.67
26.01.2026 03:00:00 +01:00,19853.30,19836.07
26.01.2026 04:00:00 +01:00,19777.12,19973.16
26.01.2026 05:00:00 +01:00,19834.39,20516.59
26.01.2026 06:00:00 +01:00,22617.15,21824.75
26.01.2026 07:00:00 +01:00,24024.01,23272.50
26.01.2026 08:00:00 +01:00,24656.16,23769.08
26.01.2026 09:00:00 +01:00,25049.18,23859.32
26.01.2026 10:00:00 +01:00,24814.27,23649.14
26.01.2026 11:00:00 +01:00,24259.07,23291.06
26.01.2026 12:00:00 +01:00,24054.10,22928.29
26.01.2026 13:00:00 +01:00,24197.08,22683.09
26.01.2026 14:00:00 +01:00,24826.25,22695.95
26.01.2026 15:00:00 +01:00,24602.43,22914.92
26.01.2026 16:00:00 +01:00,24303.72,23331.42
26.01.2026 17:00:00 +01:00,24442.62,23443.76
26.01.2026 18:00:00 +01:00,24321.50,23315.69
26.01.2026 19:00:00 +01:00,24386.02,23207.20
26.01.2026 20:00:00 +01:00,24694.14,23070.25
26.01.2026 21:00:00 +01:00,24268.37,22761.32
26.01.2026 22:00:00 +01:00,24225.01,22259.17
26.01.2026 23:00:00 +01:00,23506.17,21661.40
27.01.2026 00:00:00 +01:00,22975.13,21013.85
27.01.2026 01:00:00 +01:00,22429.83,20702.00
27.01.2026 02:00:00 +01:00,21656.30,20514.25
27.01.2026 03:00:00 +01:00,21410.01,20416.90
27.01.2026 04:00:00 +01:00,21505.05,20418.99
27.01.2026 05:00:00 +01:00,21896.34,20666.07
27.01.2026 06:00:00 +01:00,23086.40,21667.31
27.01.2026 07:00:00 +01:00,23907.45,22990.27
27.01.2026 08:00:00 +01:00,23897.15,23433.01
27.01.2026 09:00:00 +01:00,24073.69,23377.06
27.01.2026 10:00:00 +01:00,24180.78,23296.87
27.01.2026 11:00:00 +01:00,24033.46,23066.47
27.01.2026 12:00:00 +01:00,24112.68,22851.67
27.01.2026 13:00:00 +01:00,24424.85,22826.81
27.01.2026 14:00:00 +01:00,24927.45,22901.26
27.01.2026 15:00:00 +01:00,24771.76,23094.68
27.01.2026 16:00:00 +01:00,24872.21,23467.30
27.01.2026 17:00:00 +01:00,25295.21,23514.25
27.01.2026 18:00:00 +01:00,25248.19,23304.18
27.01.2026 19:00:00 +01:00,25828.05,23219.85
27.01.2026 20:00:00 +01:00,27079.21,23129.37
27.01.2026 21:00:00 +01:00,26513.65,22859.89
27.01.2026 22:00:00 +01:00,25705.75,22378.82
27.01.2026 23:00:00 +01:00,25256.74,21906.76
28.01.2026 00:00:00 +01:00,23975.48,21328.31
28.01.2026 01:00:00 +01:00,23540.96,21042.72
28.01.2026 02:00:00 +01:00,23491.84,20822.73
28.01.2026 03:00:00 +01:00,23005.49,20768.53
28.01.2026 04:00:00 +01:00,22766.03,20761.98
28.01.2026 05:00:00 +01:00,22979.09,21041.80
28.01.2026 06:00:00 +01:00,23989.19,22200.28
28.01.2026 07:00:00 +01:00,25630.16,23439.20
28.01.2026 08:00:00 +01:00,25100.44,23803.64
28.01.2026 09:00:00 +01:00,25098.49,23729.00
28.01.2026 10:00:00 +01:00,25203.40,23640.36
28.01.2026 11:00:00 +01:00,25077.98,23492.83
28.01.2026 12:00:00 +01:00,24239.04,23238.70
28.01.2026 13:00:00 +01:00,24241.64,22929.73
28.01.2026 14:00:00 +01:00,24723.78,23186.75
28.01.2026 15:00:00 +01:00,25113.67,23393.82
28.01.2026 16:00:00 +01:00,25543.39,23812.18
28.01.2026 17:00:00 +01:00,25945.33,23840.89
28.01.2026 18:00:00 +01:00,25441.24,23626.42
28.01.2026 19:00:00 +01:00,25575.45,23509.82
28.01.2026 20:00:00 +01:00,25388.54,23331.12
28.01.2026 21:00:00 +01:00,25158.00,23045.25
28.01.2026 22:00:00 +01:00,25072.27,22757.05
28.01.2026 23:00:00 +01:00,24101.99,22181.08
29.01.2026 00:00:00 +01:00,23977.34,21707.84
29.01.2026 01:00:00 +01:00,24178.91,21350.62
29.01.2026 02:00:00 +01:00,23439.31,21094.42
29.01.2026 03:00:00 +01:00,22573.88,20984.16
29.01.2026 04:00:00 +01:00,22245.74,21013.86
29.01.2026 05:00:00 +01:00,22689.50,21403.87
29.01.2026 06:00:00 +01:00,24112.81,22595.94
29.01.2026 07:00:00 +01:00,26019.10,23909.22
29.01.2026 08:00:00 +01:00,26611.67,24348.84
29.01.2026 09:00:00 +01:00,27008.28,24399.82
29.01.2026 10:00:00 +01:00,26752.61,24254.88
29.01.2026 11:00:00 +01:00,26588.19,24086.17
29.01.2026 12:00:00 +01:00,26379.79,23934.48
29.01.2026 13:00:00 +01:00,26495.99,23870.16
29.01.2026 14:00:00 +01:00,26187.85,23848.08
29.01.2026 15:00:00 +01:00,26531.59,24075.84
29.01.2026 16:00:00 +01:00,26868.53,24455.76
29.01.2026 17:00:00 +01:00,26810.69,24476.78
29.01.2026 18:00:00 +01:00,27199.86,24256.28
29.01.2026 19:00:00 +01:00,27309.30,24134.54
29.01.2026 20:00:00 +01:00,26878.78,23981.62
29.01.2026 21:00:00 +01:00,26323.23,23826.42
29.01.2026 22:00:00 +01:00,25763.73,23357.00
29.01.2026 23:00:00 +01:00,24124.21,22758.05
30.01.2026 00:00:00 +01:00,24108.50,22234.14
30.01.2026 01:00:00 +01:00,23814.94,21832.13
30.01.2026 02:00:00 +01:00,22740.93,21591.76
30.01.2026 03:00:00 +01:00,21353.64,21450.96
30.01.2026 04:00:00 +01:00,21010.28,21455.53
30.01.2026 05:00:00 +01:00,20908.06,21727.89
30.01.2026 06:00:00 +01:00,23647.22,22734.13
30.01.2026 07:00:00 +01:00,25505.04,23920.75
30.01.2026 08:00:00 +01:00,25643.32,24333.60
30.01.2026 09:00:00 +01:00,25555.88,24235.75
30.01.2026 10:00:00 +01:00,25858.69,24182.49
30.01.2026 11:00:00 +01:00,25480.34,24074.04
30.01.2026 12:00:00 +01:00,25054.24,23988.44
30.01.2026 13:00:00 +01:00,25057.49,23914.91
30.01.2026 14:00:00 +01:00,25141.25,23754.26
30.01.2026 15:00:00 +01:00,25257.46,23817.39
30.01.2026 16:00:00 +01:00,25680.98,23992.48
30.01.2026 17:00:00 +01:00,26422.74,23889.16
30.01.2026 18:00:00 +01:00,25883.16,23651.12
30.01.2026 19:00:00 +01:00,25386.31,23464.93
30.01.2026 20:00:00 +01:00,24540.34,23014.34
30.01.2026 21:00:00 +01:00,23596.51,22562.64
30.01.2026 22:00:00 +01:00,22806.08,22049.28
30.01.2026 23:00:00 +01:00,20852.26,21584.41
31.01.2026 00:00:00 +01:00,20428.05,21128.41
31.01.2026 01:00:00 +01:00,20571.44,20762.22
31.01.2026 02:00:00 +01:00,20289.73,20492.26
31.01.2026 03:00:00 +01:00,20256.56,20338.90
31.01.2026 04:00:00 +01:00,20113.68,20275.62
31.01.2026 05:00:00 +01:00,20176.51,20254.17
31.01.2026 06:00:00 +01:00,20475.72,20485.70
31.01.2026 07:00:00 +01:00,21272.93,20854.63
31.01.2026 08:00:00 +01:00,22464.26,21488.44
31.01.2026 09:00:00 +01:00,24036.60,22078.48
31.01.2026 10:00:00 +01:00,24362.57,22444.86
31.01.2026 11:00:00 +01:00,24057.84,22497.51
31.01.2026 12:00:00 +01:00,23546.01,22471.73
31.01.2026 13:00:00 +01:00,23614.45,22379.94
31.01.2026 14:00:00 +01:00,23745.92,22316.66
31.01.2026 15:00:00 +01:00,23845.56,22350.57
31.01.2026 16:00:00 +01:00,24441.98,22432.16
31.01.2026 17:00:00 +01:00,25013.38,22646.25
31.01.2026 18:00:00 +01:00,25066.22,22643.76
31.01.2026 19:00:00 +01:00,24385.64,22221.51
31.01.2026 20:00:00 +01:00,23617.76,21792.00
31.01.2026 21:00:00 +01:00,22807.11,21410.76
31.01.2026 22:00:00 +01:00,22511.92,21105.02
31.01.2026 23:00:00 +01:00,22092.66,20705.97
01.02.2026 00:00:00 +01:00,20634.40,20428.11
01.02.2026 01:00:00 +01:00,20289.84,20186.72
01.02.2026 02:00:00 +01:00,20099.95,19936.76
01.02.2026 03:00:00 +01:00,19351.18,19798.67
01.02.2026 04:00:00 +01:00,19636.43,19735.36
01.02.2026 05:00:00 +01:00,19637.18,19760.60
01.02.2026 06:00:00 +01:00,19404.60,19943.50
01.02.2026 07:00:00 +01:00,20376.40,20246.64
01.02.2026 08:00:00 +01:00,21761.64,20676.64
01.02.2026 09:00:00 +01:00,22650.43,21049.58
01.02.2026 10:00:00 +01:00,22579.00,21399.56
01.02.2026 11:00:00 +01:00,21637.46,21476.86
01.02.2026 12:00:00 +01:00,21536.41,21501.50
01.02.2026 13:00:00 +01:00,21048.47,21503.76
01.02.2026 14:00:00 +01:00,21070.71,21550.28
01.02.2026 15:00:00 +01:00,22342.65,21703.12
01.02.2026 16:00:00 +01:00,23782.26,21971.94
01.02.2026 17:00:00 +01:00,24364.60,22134.38
01.02.2026 18:00:00 +01:00,24251.92,22131.21
01.02.2026 19:00:00 +01:00,24180.04,22138.42
01.02.2026 20:00:00 +01:00,23395.79,22060.08
01.02.2026 21:00:00 +01:00,22662.31,21878.26
01.02.2026 22:00:00 +01:00,22117.96,21525.30
01.02.2026 23:00:00 +01:00,21173.73,21024.41
02.02.2026 00:00:00 +01:00,21083.58,20523.08
02.02.2026 01:00:00 +01:00,20345.31,20186.41
02.02.2026 02:00:00 +01:00,19875.77,19994.07
02.02.2026 03:00:00 +01:00,19243.07,19972.16
02.02.2026 04:00:00 +01:00,18637.16,20069.99
02.02.2026 05:00:00 +01:00,19031.79,20487.85
02.02.2026 06:00:00 +01:00,21428.55,21735.68
02.02.2026 07:00:00 +01:00,24408.91,22993.40
02.02.2026 08:00:00 +01:00,25035.27,23439.00
02.02.2026 09:00:00 +01:00,24466.91,23441.65
02.02.2026 10:00:00 +01:00,24421.08,23234.08
02.02.2026 11:00:00 +01:00,24230.47,23146.54
02.02.2026 12:00:00 +01:00,23435.71,23018.26
02.02.2026 13:00:00 +01:00,22879.88,22979.54
02.02.2026 14:00:00 +01:00,22802.05,23006.02
02.02.2026 15:00:00 +01:00,23035.43,23172.04
02.02.2026 16:00:00 +01:00,23858.29,23493.07
02.02.2026 17:00:00 +01:00,24886.73,23607.43
02.02.2026 18:00:00 +01:00,24813.84,23445.24
02.02.2026 19:00:00 +01:00,24200.57,23244.91
02.02.2026 20:00:00 +01:00,22418.57,23079.94
02.02.2026 21:00:00 +01:00,21913.57,22858.08
02.02.2026 22:00:00 +01:00,20991.92,22385.32
02.02.2026 23:00:00 +01:00,19637.32,21745.96
03.02.2026 00:00:00 +01:00,17964.52,21186.46
03.02.2026 01:00:00 +01:00,17568.32,20820.10
03.02.2026 02:00:00 +01:00,17915.85,20599.21
03.02.2026 03:00:00 +01:00,16924.89,20468.84
03.02.2026 04:00:00 +01:00,16821.95,20519.17
03.02.2026 05:00:00 +01:00,17078.62,20906.26
03.02.2026 06:00:00 +01:00,19253.53,21940.92
03.02.2026 07:00:00 +01:00,21759.87,23168.26
03.02.2026 08:00:00 +01:00,23795.79,23596.45
03.02.2026 09:00:00 +01:00,23316.25,23472.60
03.02.2026 10:00:00 +01:00,22301.49,23452.91
03.02.2026 11:00:00 +01:00,21360.86,23222.00
03.02.2026 12:00:00 +01:00,20891.91,22998.90
03.02.2026 13:00:00 +01:00,20912.13,22911.78
03.02.2026 14:00:00 +01:00,21191.68,22972.83
03.02.2026 15:00:00 +01:00,22039.47,23105.19
03.02.2026 16:00:00 +01:00,23667.35,23412.28
03.02.2026 17:00:00 +01:00,24571.34,23481.30
03.02.2026 18:00:00 +01:00,24541.11,23285.68
03.02.2026 19:00:00 +01:00,24595.70,23129.67
03.02.2026 20:00:00 +01:00,23732.58,23060.86
03.02.2026 21:00:00 +01:00,21919.12,22864.78
03.02.2026 22:00:00 +01:00,20655.67,22438.32
03.02.2026 23:00:00 +01:00,19234.80,21798.58
04.02.2026 00:00:00 +01:00,18927.98,21254.64
04.02.2026 01:00:00 +01:00,18714.40,20839.95
04.02.2026 02:00:00 +01:00,18585.31,20672.83
04.02.2026 03:00:00 +01:00,17920.90,20567.89
04.02.2026 04:00:00 +01:00,17620.25,20573.42
04.02.2026 05:00:00 +01:00,17886.01,20911.34
04.02.2026 06:00:00 +01:00,20295.21,22067.22
04.02.2026 07:00:00 +01:00,23132.31,23407.78
04.02.2026 08:00:00 +01:00,24826.69,23668.26
04.02.2026 09:00:00 +01:00,25050.05,23583.72
04.02.2026 10:00:00 +01:00,23721.59,23390.72
04.02.2026 11:00:00 +01:00,22126.72,23247.80
04.02.2026 12:00:00 +01:00,21221.75,23141.89
04.02.2026 13:00:00 +01:00,21019.22,22950.22
04.02.2026 14:00:00 +01:00,21513.70,23029.56
04.02.2026 15:00:00 +01:00,22720.75,23241.12
04.02.2026 16:00:00 +01:00,24136.55,23578.45
04.02.2026 17:00:00 +01:00,24309.88,23664.48
04.02.2026 18:00:00 +01:00,24064.24,23471.40
04.02.2026 19:00:00 +01:00,23283.03,23339.50
04.02.2026 20:00:00 +01:00,21362.56,23106.37
04.02.2026 21:00:00 +01:00,20585.32,22895.15
04.02.2026 22:00:00 +01:00,19941.69,22405.53
04.02.2026 23:00:00 +01:00,18254.19,21756.53
05.02.2026 00:00:00 +01:00,17166.41,21239.78
05.02.2026 01:00:00 +01:00,16586.73,20828.82
05.02.2026 02:00:00 +01:00,16370.11,20630.09
05.02.2026 03:00:00 +01:00,16177.99,20545.46
05.02.2026 04:00:00 +01:00,16504.28,20559.01
05.02.2026 05:00:00 +01:00,17056.68,20966.97
05.02.2026 06:00:00 +01:00,19689.25,22206.57
05.02.2026 07:00:00 +01:00,21868.23,23614.57
05.02.2026 08:00:00 +01:00,23184.12,23896.15
05.02.2026 09:00:00 +01:00,23141.15,23701.07
05.02.2026 10:00:00 +01:00,23251.48,23677.42
05.02.2026 11:00:00 +01:00,23433.21,23629.00
05.02.2026 12:00:00 +01:00,23151.28,23390.33
05.02.2026 13:00:00 +01:00,22780.84,23209.10
05.02.2026 14:00:00 +01:00,22607.51,23234.07
05.02.2026 15:00:00 +01:00,23449.52,23478.35
05.02.2026 16:00:00 +01:00,24340.90,23897.05
05.02.2026 17:00:00 +01:00,24803.69,23918.85
05.02.2026 18:00:00 +01:00,24920.08,23682.02
05.02.2026 19:00:00 +01:00,25392.25,23601.12
05.02.2026 20:00:00 +01:00,25374.92,23515.22
05.02.2026 21:00:00 +01:00,24145.77,23381.50
05.02.2026 22:00:00 +01:00,23086.25,22955.44
05.02.2026 23:00:00 +01:00,21260.02,22331.91
06.02.2026 00:00:00 +01:00,20719.53,21749.17
06.02.2026 01:00:00 +01:00,20199.76,21337.38
06.02.2026 02:00:00 +01:00,19781.03,21104.69
06.02.2026 03:00:00 +01:00,19822.04,20994.42
06.02.2026 04:00:00 +01:00,19692.37,21062.05
06.02.2026 05:00:00 +01:00,20461.90,21317.42
06.02.2026 06:00:00 +01:00,23441.17,22437.48
06.02.2026 07:00:00 +01:00,25608.92,23751.79
06.02.2026 08:00:00 +01:00,25355.38,24213.06
06.02.2026 09:00:00 +01:00,25037.77,24201.73
06.02.2026 10:00:00 +01:00,24818.86,24033.35
06.02.2026 11:00:00 +01:00,25016.19,23838.90
06.02.2026 12:00:00 +01:00,25346.86,23570.12
06.02.2026 13:00:00 +01:00,25425.52,23616.24
06.02.2026 14:00:00 +01:00,25481.47,23558.27
06.02.2026 15:00:00 +01:00,25202.68,23493.66
06.02.2026 16:00:00 +01:00,25097.26,23657.12
06.02.2026 17:00:00 +01:00,25496.84,23684.63
06.02.2026 18:00:00 +01:00,25899.26,23437.70
06.02.2026 19:00:00 +01:00,25995.32,23325.14
06.02.2026 20:00:00 +01:00,24785.62,22890.24
06.02.2026 21:00:00 +01:00,24029.79,22396.24
06.02.2026 22:00:00 +01:00,22817.72,21967.78
06.02.2026 23:00:00 +01:00,21532.04,21473.59
07.02.2026 00:00:00 +01:00,20200.82,20930.02
07.02.2026 01:00:00 +01:00,19489.22,20601.18
07.02.2026 02:00:00 +01:00,18852.00,20332.80
07.02.2026 03:00:00 +01:00,18658.96,20216.41
07.02.2026 04:00:00 +01:00,18537.09,20152.08
07.02.2026 05:00:00 +01:00,18427.25,20185.47
07.02.2026 06:00:00 +01:00,18669.39,20404.32
07.02.2026 07:00:00 +01:00,21160.90,20784.33
07.02.2026 08:00:00 +01:00,23114.60,21300.93
07.02.2026 09:00:00 +01:00,23160.96,21733.28
07.02.2026 10:00:00 +01:00,22986.33,22171.60
07.02.2026 11:00:00 +01:00,21133.20,22138.55
07.02.2026 12:00:00 +01:00,20643.03,21996.80
07.02.2026 13:00:00 +01:00,20002.20,21803.30
07.02.2026 14:00:00 +01:00,20164.97,21676.48
07.02.2026 15:00:00 +01:00,22276.96,21715.30
07.02.2026 16:00:00 +01:00,24000.01,21755.47
07.02.2026 17:00:00 +01:00,25038.64,21942.26
07.02.2026 18:00:00 +01:00,25435.01,21890.68
07.02.2026 19:00:00 +01:00,25332.69,21588.85
07.02.2026 20:00:00 +01:00,24166.67,21407.52
07.02.2026 21:00:00 +01:00,22362.11,21114.64
07.02.2026 22:00:00 +01:00,21650.49,20855.20
07.02.2026 23:00:00 +01:00,20081.15,20513.02
08.02.2026 00:00:00 +01:00,20244.13,20197.01
08.02.2026 01:00:00 +01:00,19497.86,20018.16
08.02.2026 02:00:00 +01:00,20173.81,19867.77
08.02.2026 03:00:00 +01:00,19597.42,19728.52
08.02.2026 04:00:00 +01:00,19309.01,19657.86
08.02.2026 05:00:00 +01:00,19580.42,19679.24
08.02.2026 06:00:00 +01:00,19512.92,19858.54
08.02.2026 07:00:00 +01:00,20039.38,20190.26
08.02.2026 08:00:00 +01:00,20206.40,20611.28
08.02.2026 09:00:00 +01:00,20984.63,21114.34
08.02.2026 10:00:00 +01:00,21716.26,21441.63
08.02.2026 11:00:00 +01:00,21110.71,21505.08
08.02.2026 12:00:00 +01:00,20071.42,21503.74
08.02.2026 13:00:00 +01:00,20111.85,21377.23
08.02.2026 14:00:00 +01:00,20473.09,21369.05
08.02.2026 15:00:00 +01:00,21351.71,21470.49
08.02.2026 16:00:00 +01:00,22614.09,21696.29
08.02.2026 17:00:00 +01:00,24838.47,21878.74
08.02.2026 18:00:00 +01:00,25016.64,21926.01
08.02.2026 19:00:00 +01:00,24676.98,21870.34
08.02.2026 20:00:00 +01:00,23639.24,21895.53
08.02.2026 21:00:00 +01:00,22116.54,21779.50
08.02.2026 22:00:00 +01:00,20582.71,21419.02
08.02.2026 23:00:00 +01:00,19212.85,20929.96
09.02.2026 00:00:00 +01:00,18047.44,20458.82
09.02.2026 01:00:00 +01:00,17467.89,20112.14
09.02.2026 02:00:00 +01:00,17559.91,19901.59
09.02.2026 03:00:00 +01:00,17585.92,19816.77
09.02.2026 04:00:00 +01:00,17766.96,19863.93
09.02.2026 05:00:00 +01:00,20548.34,20304.70
09.02.2026 06:00:00 +01:00,23771.89,21361.92
09.02.2026 07:00:00 +01:00,24569.12,22772.83
09.02.2026 08:00:00 +01:00,24294.20,23155.40
09.02.2026 09:00:00 +01:00,24020.54,23105.86
09.02.2026 10:00:00 +01:00,24049.79,22983.71
09.02.2026 11:00:00 +01:00,24118.21,22795.41
09.02.2026 12:00:00 +01:00,23882.91,22586.04
09.02.2026 13:00:00 +01:00,23966.08,22443.52
09.02.2026 14:00:00 +01:00,24048.69,22403.27
09.02.2026 15:00:00 +01:00,24196.88,22460.80
09.02.2026 16:00:00 +01:00,24076.22,22667.12
09.02.2026 17:00:00 +01:00,23974.55,22718.60
09.02.2026 18:00:00 +01:00,23560.23,22501.12
09.02.2026 19:00:00 +01:00,23165.49,22297.67
09.02.2026 20:00:00 +01:00,23092.49,22140.36
09.02.2026 21:00:00 +01:00,23203.82,21968.69
09.02.2026 22:00:00 +01:00,23048.05,21615.94
09.02.2026 23:00:00 +01:00,21933.39,21179.12
10.02.2026 00:00:00 +01:00,20992.98,20747.86
10.02.2026 01:00:00 +01:00,20383.58,20386.94
10.02.2026 02:00:00 +01:00,19858.11,20164.47
10.02.2026 03:00:00 +01:00,19768.09,20128.97
10.02.2026 04:00:00 +01:00,19592.50,20171.80
10.02.2026 05:00:00 +01:00,20668.70,20535.90
10.02.2026 06:00:00 +01:00,22503.17,21553.50
10.02.2026 07:00:00 +01:00,23067.69,22799.75
10.02.2026 08:00:00 +01:00,22697.27,23116.11
10.02.2026 09:00:00 +01:00,23055.72,23102.37
10.02.2026 10:00:00 +01:00,22787.07,22845.20
10.02.2026 11:00:00 +01:00,22791.56,22620.96
10.02.2026 12:00:00 +01:00,22564.51,22261.77
10.02.2026 13:00:00 +01:00,22384.15,22026.64
10.02.2026 14:00:00 +01:00,22990.46,22053.00
10.02.2026 15:00:00 +01:00,23136.46,22192.36
10.02.2026 16:00:00 +01:00,22643.21,22474.42
10.02.2026 17:00:00 +01:00,23201.41,22655.20
10.02.2026 18:00:00 +01:00,23372.44,22589.46
10.02.2026 19:00:00 +01:00,23591.60,22544.86
10.02.2026 20:00:00 +01:00,22491.16,22425.93
10.02.2026 21:00:00 +01:00,22332.81,22245.29
10.02.2026 22:00:00 +01:00,21235.56,21989.52
10.02.2026 23:00:00 +01:00,19542.11,21317.43
11.02.2026 00:00:00 +01:00,19220.35,20821.44
11.02.2026 01:00:00 +01:00,19027.24,20434.37
11.02.2026 02:00:00 +01:00,17807.25,20244.67
11.02.2026 03:00:00 +01:00,18158.39,20113.47
11.02.2026 04:00:00 +01:00,17496.11,20138.01
11.02.2026 05:00:00 +01:00,18848.23,20522.99
11.02.2026 06:00:00 +01:00,21542.09,21609.88
11.02.2026 07:00:00 +01:00,23242.42,22809.02
11.02.2026 08:00:00 +01:00,23401.17,23095.24
11.02.2026 09:00:00 +01:00,23232.23,22879.90
11.02.2026 10:00:00 +01:00,23133.56,22602.84
11.02.2026 11:00:00 +01:00,22857.34,22356.11
11.02.2026 12:00:00 +01:00,22388.05,22019.05
11.02.2026 13:00:00 +01:00,22249.53,21858.29
11.02.2026 14:00:00 +01:00,22154.05,21861.25
11.02.2026 15:00:00 +01:00,22762.66,22034.61
11.02.2026 16:00:00 +01:00,23135.98,22392.68
11.02.2026 17:00:00 +01:00,23798.71,22561.45
11.02.2026 18:00:00 +01:00,24352.62,22571.86
11.02.2026 19:00:00 +01:00,23953.40,22471.26
11.02.2026 20:00:00 +01:00,22166.92,22297.65
11.02.2026 21:00:00 +01:00,22059.23,22238.72
11.02.2026 22:00:00 +01:00,21026.32,21905.05
11.02.2026 23:00:00 +01:00,19379.03,21382.21
12.02.2026 00:00:00 +01:00,18093.17,20827.28
12.02.2026 01:00:00 +01:00,18036.03,20531.46
12.02.2026 02:00:00 +01:00,18247.14,20296.62
12.02.2026 03:00:00 +01:00,18295.44,20193.29
12.02.2026 04:00:00 +01:00,17833.58,20215.32
12.02.2026 05:00:00 +01:00,18116.04,20572.44
12.02.2026 06:00:00 +01:00,20728.89,21790.82
12.02.2026 07:00:00 +01:00,23491.84,23169.50
12.02.2026 08:00:00 +01:00,23776.96,23551.60
12.02.2026 09:00:00 +01:00,23529.25,23527.28
12.02.2026 10:00:00 +01:00,22940.25,23098.24
12.02.2026 11:00:00 +01:00,22422.35,22913.22
12.02.2026 12:00:00 +01:00,21995.14,22660.72
12.02.2026 13:00:00 +01:00,21643.84,22491.93
12.02.2026 14:00:00 +01:00,21744.37,22460.49
12.02.2026 15:00:00 +01:00,22058.42,22621.89
12.02.2026 16:00:00 +01:00,22652.75,22965.92
12.02.2026 17:00:00 +01:00,23253.46,23146.71
12.02.2026 18:00:00 +01:00,23286.66,23134.22
12.02.2026 19:00:00 +01:00,22948.57,23059.72
12.02.2026 20:00:00 +01:00,22061.13,22932.23
12.02.2026 21:00:00 +01:00,20332.73,22783.42
12.02.2026 22:00:00 +01:00,18639.81,22466.99
12.02.2026 23:00:00 +01:00,17222.04,21866.25
13.02.2026 00:00:00 +01:00,17219.82,21381.94
13.02.2026 01:00:00 +01:00,17578.59,20995.12
13.02.2026 02:00:00 +01:00,16806.17,20757.86
13.02.2026 03:00:00 +01:00,15963.87,20621.25
13.02.2026 04:00:00 +01:00,16340.65,20586.90
13.02.2026 05:00:00 +01:00,17084.14,20904.24
13.02.2026 06:00:00 +01:00,19825.73,22046.77
13.02.2026 07:00:00 +01:00,22930.50,23226.28
13.02.2026 08:00:00 +01:00,23144.33,23716.64
13.02.2026 09:00:00 +01:00,22851.18,23700.98
13.02.2026 10:00:00 +01:00,22093.57,23588.13
13.02.2026 11:00:00 +01:00,21375.38,23348.85
13.02.2026 12:00:00 +01:00,20951.60,22972.09
13.02.2026 13:00:00 +01:00,20631.25,22695.42
13.02.2026 14:00:00 +01:00,21657.41,22624.54
13.02.2026 15:00:00 +01:00,22826.61,22688.92
13.02.2026 16:00:00 +01:00,23211.74,22975.44
13.02.2026 17:00:00 +01:00,23165.91,23199.13
13.02.2026 18:00:00 +01:00,23169.34,23208.42
13.02.2026 19:00:00 +01:00,22786.43,22999.38
13.02.2026 20:00:00 +01:00,22554.76,22658.22
13.02.2026 21:00:00 +01:00,22513.72,22262.10
13.02.2026 22:00:00 +01:00,21538.15,22009.47
13.02.2026 23:00:00 +01:00,19737.28,21655.85
14.02.2026 00:00:00 +01:00,19332.07,21395.78
14.02.2026 01:00:00 +01:00,18623.50,21093.92
14.02.2026 02:00:00 +01:00,18089.81,20902.32
14.02.2026 03:00:00 +01:00,18149.34,20810.56
14.02.2026 04:00:00 +01:00,18124.83,20832.81
14.02.2026 05:00:00 +01:00,17951.06,20908.74
14.02.2026 06:00:00 +01:00,18460.30,21167.08
14.02.2026 07:00:00 +01:00,19867.60,21681.84
14.02.2026 08:00:00 +01:00,21249.69,22217.74
14.02.2026 09:00:00 +01:00,22322.85,22581.30
14.02.2026 10:00:00 +01:00,22264.95,22792.71
14.02.2026 11:00:00 +01:00,21947.34,22598.17
14.02.2026 12:00:00 +01:00,20542.24,22282.03
14.02.2026 13:00:00 +01:00,19044.89,21914.04
14.02.2026 14:00:00 +01:00,20173.70,21764.36
14.02.2026 15:00:00 +01:00,21338.98,21742.81
14.02.2026 16:00:00 +01:00,22860.83,21978.39
14.02.2026 17:00:00 +01:00,24042.41,22382.78
14.02.2026 18:00:00 +01:00,24603.64,22611.79
14.02.2026 19:00:00 +01:00,24598.64,22446.93
14.02.2026 20:00:00 +01:00,24575.38,22352.72
14.02.2026 21:00:00 +01:00,23867.43,22071.78
14.02.2026 22:00:00 +01:00,23307.98,21819.21
14.02.2026 23:00:00 +01:00,21823.16,21470.01
15.02.2026 00:00:00 +01:00,21472.54,21136.03
15.02.2026 01:00:00 +01:00,21092.69,20863.90
15.02.2026 02:00:00 +01:00,20732.83,20687.88
15.02.2026 03:00:00 +01:00,19682.99,20569.13
15.02.2026 04:00:00 +01:00,19067.82,20506.98
15.02.2026 05:00:00 +01:00,18581.46,20458.32
15.02.2026 06:00:00 +01:00,18787.07,20579.70
15.02.2026 07:00:00 +01:00,19273.23,20828.09
15.02.2026 08:00:00 +01:00,19618.54,21183.81
15.02.2026 09:00:00 +01:00,18974.56,21665.60
15.02.2026 10:00:00 +01:00,17914.17,21889.83
15.02.2026 11:00:00 +01:00,17803.98,21951.68
15.02.2026 12:00:00 +01:00,17593.55,21816.04
15.02.2026 13:00:00 +01:00,17817.78,21718.43
15.02.2026 14:00:00 +01:00,17814.80,21767.76
15.02.2026 15:00:00 +01:00,18515.86,21818.05
15.02.2026 16:00:00 +01:00,19457.48,21949.86
15.02.2026 17:00:00 +01:00,21269.03,22083.42
15.02.2026 18:00:00 +01:00,21129.21,22058.42
15.02.2026 19:00:00 +01:00,19845.47,21986.17
15.02.2026 20:00:00 +01:00,18914.50,21786.22
15.02.2026 21:00:00 +01:00,18217.04,21619.38
15.02.2026 22:00:00 +01:00,17924.60,21054.42
15.02.2026 23:00:00 +01:00,16537.19,20511.31
16.02.2026 00:00:00 +01:00,16291.78,20084.42
16.02.2026 01:00:00 +01:00,15932.77,19646.57
16.02.2026 02:00:00 +01:00,15781.14,19450.49
16.02.2026 03:00:00 +01:00,15535.50,19349.01
16.02.2026 04:00:00 +01:00,15858.56,19409.92
16.02.2026 05:00:00 +01:00,16940.33,19780.83
16.02.2026 06:00:00 +01:00,17659.68,20897.79
16.02.2026 07:00:00 +01:00,19263.78,22189.62
16.02.2026 08:00:00 +01:00,20962.39,22623.72
16.02.2026 09:00:00 +01:00,21545.68,22698.64
16.02.2026 10:00:00 +01:00,21132.09,22620.77
16.02.2026 11:00:00 +01:00,20078.03,22494.04
16.02.2026 12:00:00 +01:00,19134.01,22399.08
16.02.2026 13:00:00 +01:00,19449.43,22285.00
16.02.2026 14:00:00 +01:00,19539.99,22258.14
16.02.2026 15:00:00 +01:00,20124.60,22393.68
16.02.2026 16:00:00 +01:00,21552.29,22555.95
16.02.2026 17:00:00 +01:00,23182.86,22693.71
16.02.2026 18:00:00 +01:00,24040.86,22553.10
16.02.2026 19:00:00 +01:00,24107.61,22420.08
16.02.2026 20:00:00 +01:00,22648.41,22272.70
16.02.2026 21:00:00 +01:00,20621.92,21942.50
16.02.2026 22:00:00 +01:00,18999.98,21483.91
16.02.2026 23:00:00 +01:00,16766.41,20864.79
17.02.2026 00:00:00 +01:00,15508.45,20347.67
17.02.2026 01:00:00 +01:00,14946.93,20014.86
17.02.2026 02:00:00 +01:00,15076.65,19796.45
17.02.2026 03:00:00 +01:00,14994.13,19730.66
17.02.2026 04:00:00 +01:00,15023.30,19801.52
17.02.2026 05:00:00 +01:00,16230.48,20169.49
17.02.2026 06:00:00 +01:00,19542.27,21326.78
17.02.2026 07:00:00 +01:00,21862.87,22573.88
17.02.2026 08:00:00 +01:00,22462.21,22887.73
17.02.2026 09:00:00 +01:00,21828.42,22967.18
17.02.2026 10:00:00 +01:00,21219.57,22941.70
17.02.2026 11:00:00 +01:00,20634.05,22675.64
17.02.2026 12:00:00 +01:00,19432.73,22515.36
17.02.2026 13:00:00 +01:00,19227.92,22398.66
17.02.2026 14:00:00 +01:00,18837.12,22337.99
17.02.2026 15:00:00 +01:00,19201.84,22376.14
17.02.2026 16:00:00 +01:00,20752.79,22506.47
17.02.2026 17:00:00 +01:00,22958.73,22728.01
17.02.2026 18:00:00 +01:00,23064.31,22687.52
17.02.2026 19:00:00 +01:00,23552.10,22565.20
17.02.2026 20:00:00 +01:00,22325.23,22549.39
17.02.2026 21:00:00 +01:00,20777.39,22329.65
17.02.2026 22:00:00 +01:00,19090.69,21995.72
17.02.2026 23:00:00 +01:00,17782.17,21403.77
18.02.2026 00:00:00 +01:00,19506.28,20816.32
18.02.2026 01:00:00 +01:00,19499.91,20442.69
18.02.2026 02:00:00 +01:00,19250.61,20338.87
18.02.2026 03:00:00 +01:00,18975.04,20260.88
18.02.2026 04:00:00 +01:00,18878.35,20342.36
18.02.2026 05:00:00 +01:00,21045.75,19787.98
18.02.2026 06:00:00 +01:00,23680.16,19703.59
18.02.2026 07:00:00 +01:00,24632.08,22293.96
18.02.2026 08:00:00 +01:00,24301.76,23105.05
18.02.2026 09:00:00 +01:00,24114.09,23023.90
18.02.2026 10:00:00 +01:00,23583.29,22705.24
18.02.2026 11:00:00 +01:00,22550.45,22289.18
18.02.2026 12:00:00 +01:00,21854.67,21951.16
18.02.2026 13:00:00 +01:00,21655.36,21774.51
18.02.2026 14:00:00 +01:00,21707.96,21644.03
18.02.2026 15:00:00 +01:00,22333.13,21727.25
18.02.2026 16:00:00 +01:00,23357.26,22062.64
18.02.2026 17:00:00 +01:00,23633.90,22371.57
18.02.2026 18:00:00 +01:00,23046.24,22473.38
18.02.2026 19:00:00 +01:00,22904.52,22449.66
18.02.2026 20:00:00 +01:00,21787.93,22379.84
18.02.2026 21:00:00 +01:00,20894.13,22299.91
18.02.2026 22:00:00 +01:00,20389.83,21975.96
18.02.2026 23:00:00 +01:00,19120.32,21414.86
19.02.2026 00:00:00 +01:00,18659.71,21037.64
19.02.2026 01:00:00 +01:00,18579.33,20725.44
19.02.2026 02:00:00 +01:00,18481.94,20533.08
19.02.2026 03:00:00 +01:00,18667.40,20448.46
19.02.2026 04:00:00 +01:00,18814.43,20562.71
19.02.2026 05:00:00 +01:00,19850.84,20917.50
19.02.2026 06:00:00 +01:00,21311.44,21800.66
19.02.2026 07:00:00 +01:00,23211.02,22960.00
19.02.2026 08:00:00 +01:00,24880.78,23287.96
19.02.2026 09:00:00 +01:00,24703.04,23278.45
19.02.2026 10:00:00 +01:00,24349.03,22963.96
19.02.2026 11:00:00 +01:00,22943.57,22521.13
19.02.2026 12:00:00 +01:00,21760.10,22314.30
19.02.2026 13:00:00 +01:00,21553.77,22143.01
19.02.2026 14:00:00 +01:00,22124.46,22021.36
19.02.2026 15:00:00 +01:00,22054.94,22101.54
19.02.2026 16:00:00 +01:00,23351.44,22196.50
19.02.2026 17:00:00 +01:00,25069.08,22560.98
19.02.2026 18:00:00 +01:00,25726.79,22679.21
19.02.2026 19:00:00 +01:00,25240.06,22686.38
19.02.2026 20:00:00 +01:00,24897.73,22658.82
19.02.2026 21:00:00 +01:00,24258.39,22383.70
19.02.2026 22:00:00 +01:00,22243.01,21950.96
19.02.2026 23:00:00 +01:00,19778.49,21385.12
20.02.2026 00:00:00 +01:00,19083.05,20830.24
20.02.2026 01:00:00 +01:00,18814.88,20411.50
20.02.2026 02:00:00 +01:00,18288.25,20161.42
20.02.2026 03:00:00 +01:00,18122.55,20000.44
20.02.2026 04:00:00 +01:00,17930.74,19998.09
20.02.2026 05:00:00 +01:00,18419.51,20349.90
20.02.2026 06:00:00 +01:00,21609.17,21295.31
20.02.2026 07:00:00 +01:00,23522.00,22407.09
20.02.2026 08:00:00 +01:00,23830.76,22763.04
20.02.2026 09:00:00 +01:00,23796.69,22838.67
20.02.2026 10:00:00 +01:00,21287.57,22680.46
20.02.2026 11:00:00 +01:00,20129.75,22409.56
20.02.2026 12:00:00 +01:00,19238.22,22319.04
20.02.2026 13:00:00 +01:00,19122.94,22255.81
20.02.2026 14:00:00 +01:00,19100.07,22233.90
20.02.2026 15:00:00 +01:00,19398.12,22248.09
20.02.2026 16:00:00 +01:00,19424.90,22417.72
20.02.2026 17:00:00 +01:00,20803.60,22319.99
20.02.2026 18:00:00 +01:00,19846.32,22102.11
20.02.2026 19:00:00 +01:00,18592.19,21811.26
20.02.2026 20:00:00 +01:00,17212.32,21471.14
20.02.2026 21:00:00 +01:00,15628.90,20894.35
20.02.2026 22:00:00 +01:00,14399.91,20439.56
20.02.2026 23:00:00 +01:00,13268.85,19873.35
21.02.2026 00:00:00 +01:00,12427.00,19577.42
21.02.2026 01:00:00 +01:00,12357.99,19221.10
21.02.2026 02:00:00 +01:00,11873.89,18910.26
21.02.2026 03:00:00 +01:00,11914.23,18737.00
21.02.2026 04:00:00 +01:00,11842.97,18644.73
21.02.2026 05:00:00 +01:00,11911.78,18644.78
21.02.2026 06:00:00 +01:00,12499.95,18825.38
21.02.2026 07:00:00 +01:00,13585.12,19184.53
21.02.2026 08:00:00 +01:00,15230.07,19624.69
21.02.2026 09:00:00 +01:00,16122.46,19865.31
21.02.2026 10:00:00 +01:00,15957.32,19978.72
21.02.2026 11:00:00 +01:00,15761.43,19910.20
21.02.2026 12:00:00 +01:00,15456.61,19603.92
21.02.2026 13:00:00 +01:00,15602.98,19238.73
21.02.2026 14:00:00 +01:00,15621.84,19135.64
21.02.2026 15:00:00 +01:00,15424.18,19046.66
21.02.2026 16:00:00 +01:00,17277.01,19267.64
21.02.2026 17:00:00 +01:00,20601.10,19887.90
21.02.2026 18:00:00 +01:00,22165.66,20278.30
21.02.2026 19:00:00 +01:00,20208.98,20183.88
21.02.2026 20:00:00 +01:00,17131.72,19930.92
21.02.2026 21:00:00 +01:00,15120.02,19733.43
21.02.2026 22:00:00 +01:00,13626.39,19537.51
21.02.2026 23:00:00 +01:00,12340.94,19256.07
22.02.2026 00:00:00 +01:00,11554.38,19020.29
22.02.2026 01:00:00 +01:00,11380.12,18794.43
22.02.2026 02:00:00 +01:00,11205.36,18662.62
22.02.2026 03:00:00 +01:00,11273.14,18613.82
22.02.2026 04:00:00 +01:00,11175.02,18710.01
22.02.2026 05:00:00 +01:00,11296.30,18851.74
22.02.2026 06:00:00 +01:00,11365.22,19074.35
22.02.2026 07:00:00 +01:00,11992.10,19325.70
22.02.2026 08:00:00 +01:00,12910.26,19744.36
22.02.2026 09:00:00 +01:00,14588.31,20146.68
22.02.2026 10:00:00 +01:00,14695.20,20258.18
22.02.2026 11:00:00 +01:00,14831.49,20099.17
22.02.2026 12:00:00 +01:00,14784.25,19948.16
22.02.2026 13:00:00 +01:00,14882.48,20107.02
22.02.2026 14:00:00 +01:00,15243.39,20144.22
22.02.2026 15:00:00 +01:00,15816.33,20302.58
22.02.2026 16:00:00 +01:00,16098.88,20547.86
22.02.2026 17:00:00 +01:00,18022.56,20800.42
22.02.2026 18:00:00 +01:00,18551.35,20955.96
22.02.2026 19:00:00 +01:00,18169.31,20937.70
22.02.2026 20:00:00 +01:00,17494.82,20782.47
22.02.2026 21:00:00 +01:00,16703.34,20538.40
22.02.2026 22:00:00 +01:00,16086.09,20260.60
22.02.2026 23:00:00 +01:00,14751.05,19747.72
23.02.2026 00:00:00 +01:00,13828.02,19287.92
23.02.2026 01:00:00 +01:00,13705.29,18940.26
23.02.2026 02:00:00 +01:00,13304.34,18677.86
23.02.2026 03:00:00 +01:00,12926.94,18536.08
23.02.2026 04:00:00 +01:00,13015.62,18628.60
23.02.2026 05:00:00 +01:00,13421.88,19015.01
23.02.2026 06:00:00 +01:00,16282.08,20122.03
23.02.2026 07:00:00 +01:00,20029.91,21363.52
23.02.2026 08:00:00 +01:00,21008.37,21711.23
23.02.2026 09:00:00 +01:00,19331.77,21534.99
23.02.2026 10:00:00 +01:00,17971.02,21410.51
23.02.2026 11:00:00 +01:00,16775.81,21204.76
23.02.2026 12:00:00 +01:00,16803.57,20947.69
23.02.2026 13:00:00 +01:00,16520.08,20705.83
23.02.2026 14:00:00 +01:00,17458.40,20647.16
23.02.2026 15:00:00 +01:00,18624.97,20708.63
23.02.2026 16:00:00 +01:00,19604.91,20983.59
23.02.2026 17:00:00 +01:00,21495.89,21104.92
23.02.2026 18:00:00 +01:00,22620.82,21133.58
23.02.2026 19:00:00 +01:00,22899.73,20980.23
23.02.2026 20:00:00 +01:00,21598.98,20780.48
23.02.2026 21:00:00 +01:00,20576.58,20436.67
23.02.2026 22:00:00 +01:00,19556.56,19998.44
23.02.2026 23:00:00 +01:00,17417.27,19439.78
24.02.2026 00:00:00 +01:00,16576.43,19070.01
24.02.2026 01:00:00 +01:00,16742.40,18788.42
24.02.2026 02:00:00 +01:00,16318.12,18589.46
24.02.2026 03:00:00 +01:00,16517.40,18517.60
24.02.2026 04:00:00 +01:00,16815.79,18672.86
24.02.2026 05:00:00 +01:00,19101.95,19166.57
24.02.2026 06:00:00 +01:00,22641.95,20368.76
24.02.2026 07:00:00 +01:00,23169.95,21385.68
24.02.2026 08:00:00 +01:00,23068.53,21656.57
24.02.2026 09:00:00 +01:00,22706.35,21340.83
24.02.2026 10:00:00 +01:00,22163.21,20973.95
24.02.2026 11:00:00 +01:00,21844.82,20581.91
24.02.2026 12:00:00 +01:00,21661.54,20259.46
24.02.2026 13:00:00 +01:00,21451.31,20061.27
24.02.2026 14:00:00 +01:00,21552.08,20045.98
24.02.2026 15:00:00 +01:00,22959.86,20202.84
24.02.2026 16:00:00 +01:00,23679.73,20451.98
24.02.2026 17:00:00 +01:00,24327.48,20734.54
24.02.2026 18:00:00 +01:00,24543.42,20802.54
24.02.2026 19:00:00 +01:00,24676.06,20787.53
24.02.2026 20:00:00 +01:00,24141.40,20637.24
24.02.2026 21:00:00 +01:00,24262.22,20376.07
24.02.2026 22:00:00 +01:00,23181.31,19926.05
24.02.2026 23:00:00 +01:00,21340.96,19405.79
25.02.2026 00:00:00 +01:00,19820.22,18953.28
25.02.2026 01:00:00 +01:00,19416.66,18619.77
25.02.2026 02:00:00 +01:00,19042.93,18402.24
25.02.2026 03:00:00 +01:00,18901.00,18316.75
25.02.2026 04:00:00 +01:00,19018.37,18375.95
25.02.2026 05:00:00 +01:00,20168.97,18681.11
25.02.2026 06:00:00 +01:00,22167.78,19639.70
25.02.2026 07:00:00 +01:00,24147.95,20827.66
25.02.2026 08:00:00 +01:00,23146.56,21057.16
25.02.2026 09:00:00 +01:00,21540.31,20997.67
25.02.2026 10:00:00 +01:00,19095.08,20917.32
25.02.2026 11:00:00 +01:00,17434.15,20920.56
25.02.2026 12:00:00 +01:00,17125.36,20874.42
25.02.2026 13:00:00 +01:00,16246.28,20829.45
25.02.2026 14:00:00 +01:00,16342.40,20885.77
25.02.2026 15:00:00 +01:00,17841.77,20911.60
25.02.2026 16:00:00 +01:00,21166.36,20967.26
25.02.2026 17:00:00 +01:00,23598.25,21019.30
25.02.2026 18:00:00 +01:00,24018.37,20926.12
25.02.2026 19:00:00 +01:00,22935.08,20684.44
25.02.2026 20:00:00 +01:00,19921.65,20447.77
25.02.2026 21:00:00 +01:00,18172.75,20132.76
25.02.2026 22:00:00 +01:00,17173.20,19670.22
25.02.2026 23:00:00 +01:00,15293.46,19047.05
26.02.2026 00:00:00 +01:00,14433.79,18367.93
26.02.2026 01:00:00 +01:00,13911.36,18043.93
26.02.2026 02:00:00 +01:00,13413.53,17758.50
26.02.2026 03:00:00 +01:00,13023.91,17589.39
26.02.2026 04:00:00 +01:00,13295.36,17589.80
26.02.2026 05:00:00 +01:00,15194.07,17911.66
26.02.2026 06:00:00 +01:00,18473.23,18940.05
26.02.2026 07:00:00 +01:00,20979.42,20078.97
26.02.2026 08:00:00 +01:00,20480.20,20344.36
26.02.2026 09:00:00 +01:00,18892.69,20391.65
26.02.2026 10:00:00 +01:00,17394.18,20237.85
26.02.2026 11:00:00 +01:00,15823.22,20086.86
26.02.2026 12:00:00 +01:00,15074.59,19975.90
26.02.2026 13:00:00 +01:00,14675.32,19767.98
26.02.2026 14:00:00 +01:00,14307.35,19682.46
26.02.2026 15:00:00 +01:00,15592.80,19620.76
26.02.2026 16:00:00 +01:00,18673.00,19862.51
26.02.2026 17:00:00 +01:00,20681.73,19974.57
26.02.2026 18:00:00 +01:00,22034.31,20008.46
26.02.2026 19:00:00 +01:00,21344.41,19884.67
26.02.2026 20:00:00 +01:00,19825.96,19629.36
26.02.2026 21:00:00 +01:00,18021.72,19283.88
26.02.2026 22:00:00 +01:00,16323.07,18891.55
26.02.2026 23:00:00 +01:00,14227.22,18279.38
27.02.2026 00:00:00 +01:00,13143.01,17791.51
27.02.2026 01:00:00 +01:00,12928.17,17419.18
27.02.2026 02:00:00 +01:00,12753.80,17128.60
27.02.2026 03:00:00 +01:00,12526.39,16986.95
27.02.2026 04:00:00 +01:00,12674.39,16914.37
27.02.2026 05:00:00 +01:00,13223.77,17164.31
27.02.2026 06:00:00 +01:00,15423.73,18185.90
27.02.2026 07:00:00 +01:00,18129.16,19288.15
27.02.2026 08:00:00 +01:00,17562.26,19514.99
27.02.2026 09:00:00 +01:00,15932.42,19513.22
27.02.2026 10:00:00 +01:00,15993.50,19298.17
27.02.2026 11:00:00 +01:00,16337.58,19095.28
27.02.2026 12:00:00 +01:00,16071.74,18868.28
27.02.2026 13:00:00 +01:00,16202.94,18761.68
27.02.2026 14:00:00 +01:00,16484.76,18650.24
27.02.2026 15:00:00 +01:00,16896.79,18637.28
27.02.2026 16:00:00 +01:00,19427.07,18812.95
27.02.2026 17:00:00 +01:00,22057.50,19061.30
27.02.2026 18:00:00 +01:00,24473.43,19511.86
27.02.2026 19:00:00 +01:00,23767.05,19365.41
27.02.2026 20:00:00 +01:00,22012.19,18947.58
27.02.2026 21:00:00 +01:00,19387.89,18528.20
27.02.2026 22:00:00 +01:00,18171.63,18203.22
27.02.2026 23:00:00 +01:00,16823.35,17880.77
28.02.2026 00:00:00 +01:00,15410.97,17568.23
28.02.2026 01:00:00 +01:00,14819.60,17300.76
28.02.2026 02:00:00 +01:00,14177.69,17107.34
28.02.2026 03:00:00 +01:00,14083.27,17039.04
28.02.2026 04:00:00 +01:00,13849.63,17014.48
28.02.2026 05:00:00 +01:00,13952.02,17143.66
28.02.2026 06:00:00 +01:00,13931.20,17406.65
28.02.2026 07:00:00 +01:00,14331.47,17785.90
28.02.2026 08:00:00 +01:00,15300.06,18376.44
28.02.2026 09:00:00 +01:00,16213.68,18807.84
28.02.2026 10:00:00 +01:00,16701.24,18850.45
28.02.2026 11:00:00 +01:00,16265.73,18662.23
28.02.2026 12:00:00 +01:00,15477.90,18522.37
28.02.2026 13:00:00 +01:00,14659.45,18314.36
28.02.2026 14:00:00 +01:00,14129.92,18251.70
28.02.2026 15:00:00 +01:00,14311.09,18364.63
28.02.2026 16:00:00 +01:00,15932.70,18548.90
28.02.2026 17:00:00 +01:00,17479.33,18900.66
28.02.2026 18:00:00 +01:00,18358.06,19169.40
28.02.2026 19:00:00 +01:00,18102.28,19058.43
28.02.2026 20:00:00 +01:00,16698.84,18790.88
28.02.2026 21:00:00 +01:00,15840.92,18470.79
28.02.2026 22:00:00 +01:00,15090.04,18267.67
28.02.2026 23:00:00 +01:00,14143.17,17940.72
01.03.2026 00:00:00 +01:00,12688.93,17611.66
01.03.2026 01:00:00 +01:00,12539.76,17350.82
01.03.2026 02:00:00 +01:00,12121.22,17161.93
01.03.2026 03:00:00 +01:00,11868.14,17027.72
01.03.2026 04:00:00 +01:00,11931.63,17005.00
01.03.2026 05:00:00 +01:00,11809.65,17088.69
01.03.2026 06:00:00 +01:00,12156.50,17297.74
01.03.2026 07:00:00 +01:00,12735.09,17512.20
01.03.2026 08:00:00 +01:00,12754.61,17980.37
01.03.2026 09:00:00 +01:00,12440.26,18222.16
01.03.2026 10:00:00 +01:00,12860.22,18149.80
01.03.2026 11:00:00 +01:00,12120.91,17896.78
01.03.2026 12:00:00 +01:00,11893.66,17634.18
01.03.2026 13:00:00 +01:00,11705.24,17461.02
01.03.2026 14:00:00 +01:00,11365.86,17365.01
01.03.2026 15:00:00 +01:00,11566.04,17504.89
01.03.2026 16:00:00 +01:00,14789.16,17730.26
01.03.2026 17:00:00 +01:00,18377.33,18198.64
01.03.2026 18:00:00 +01:00,20642.61,18730.75
01.03.2026 19:00:00 +01:00,20290.04,18835.28
01.03.2026 20:00:00 +01:00,17760.44,18793.26
01.03.2026 21:00:00 +01:00,15740.82,18659.15
01.03.2026 22:00:00 +01:00,14303.78,18400.16
01.03.2026 23:00:00 +01:00,13356.29,18041.27
02.03.2026 00:00:00 +01:00,13009.00,17652.89
02.03.2026 01:00:00 +01:00,13030.89,17365.61
02.03.2026 02:00:00 +01:00,12776.74,17208.19
02.03.2026 03:00:00 +01:00,12902.95,17132.00
02.03.2026 04:00:00 +01:00,13307.75,17147.74
02.03.2026 05:00:00 +01:00,15912.06,17503.51
02.03.2026 06:00:00 +01:00,20503.71,18657.20
02.03.2026 07:00:00 +01:00,22863.92,19797.98
02.03.2026 08:00:00 +01:00,22140.36,20147.26
02.03.2026 09:00:00 +01:00,21070.09,20162.38
02.03.2026 10:00:00 +01:00,19138.29,19928.71
02.03.2026 11:00:00 +01:00,18346.12,19732.20
02.03.2026 12:00:00 +01:00,17696.84,19504.96
02.03.2026 13:00:00 +01:00,16833.38,19334.71
02.03.2026 14:00:00 +01:00,17230.92,19289.20
02.03.2026 15:00:00 +01:00,18788.78,19425.63
02.03.2026 16:00:00 +01:00,22149.74,19648.09
02.03.2026 17:00:00 +01:00,23057.49,19606.93
02.03.2026 18:00:00 +01:00,23712.78,19476.72
02.03.2026 19:00:00 +01:00,22852.91,19345.40
02.03.2026 20:00:00 +01:00,21696.61,19121.32
02.03.2026 21:00:00 +01:00,20125.75,18755.34
02.03.2026 22:00:00 +01:00,18248.39,18250.03
02.03.2026 23:00:00 +01:00,16221.17,17608.46
03.03.2026 00:00:00 +01:00,14928.75,17014.46
03.03.2026 01:00:00 +01:00,15131.87,16612.14
03.03.2026 02:00:00 +01:00,15268.26,16352.73
03.03.2026 03:00:00 +01:00,15325.79,16241.70
03.03.2026 04:00:00 +01:00,16181.68,16241.24
03.03.2026 05:00:00 +01:00,18189.76,16562.96
03.03.2026 06:00:00 +01:00,20218.57,17664.00
03.03.2026 07:00:00 +01:00,21418.58,18739.13
03.03.2026 08:00:00 +01:00,21771.43,19119.68
03.03.2026 09:00:00 +01:00,19031.94,18952.47
03.03.2026 10:00:00 +01:00,15968.01,18626.99
03.03.2026 11:00:00 +01:00,14499.58,18377.90
03.03.2026 12:00:00 +01:00,14302.81,18073.64
03.03.2026 13:00:00 +01:00,13947.57,17850.73
03.03.2026 14:00:00 +01:00,14638.15,17912.67
03.03.2026 15:00:00 +01:00,16367.62,18005.15
03.03.2026 16:00:00 +01:00,18667.81,18290.46
03.03.2026 17:00:00 +01:00,20938.82,18629.82
03.03.2026 18:00:00 +01:00,22076.56,18896.57
03.03.2026 19:00:00 +01:00,21901.25,18894.22
03.03.2026 20:00:00 +01:00,21580.07,18777.07
03.03.2026 21:00:00 +01:00,20827.33,18565.20
03.03.2026 22:00:00 +01:00,20213.73,18245.14
03.03.2026 23:00:00 +01:00,18834.55,17661.73
04.03.2026 00:00:00 +01:00,18554.93,17319.78
04.03.2026 01:00:00 +01:00,18280.63,16936.38
04.03.2026 02:00:00 +01:00,18145.50,16754.86
04.03.2026 03:00:00 +01:00,18283.32,16673.71
04.03.2026 04:00:00 +01:00,18517.58,16677.77
04.03.2026 05:00:00 +01:00,19318.56,16980.92
04.03.2026 06:00:00 +01:00,20697.63,18022.71
04.03.2026 07:00:00 +01:00,22180.76,19099.22
04.03.2026 08:00:00 +01:00,21733.26,19412.18
04.03.2026 09:00:00 +01:00,20516.19,19105.44
04.03.2026 10:00:00 +01:00,17745.46,18605.36
04.03.2026 11:00:00 +01:00,14606.87,18392.36
04.03.2026 12:00:00 +01:00,13519.09,18273.32
04.03.2026 13:00:00 +01:00,13361.54,18044.86
04.03.2026 14:00:00 +01:00,13927.50,17891.24
04.03.2026 15:00:00 +01:00,15782.39,17892.46
04.03.2026 16:00:00 +01:00,19899.54,18141.32
04.03.2026 17:00:00 +01:00,22399.31,18464.74
04.03.2026 18:00:00 +01:00,22433.21,18839.02
04.03.2026 19:00:00 +01:00,22079.34,18968.86
04.03.2026 20:00:00 +01:00,22111.62,18986.17
04.03.2026 21:00:00 +01:00,22337.45,18797.08
04.03.2026 22:00:00 +01:00,21613.37,18472.31
04.03.2026 23:00:00 +01:00,20518.21,17899.70
05.03.2026 00:00:00 +01:00,18768.77,17370.42
05.03.2026 01:00:00 +01:00,18022.47,17085.52
05.03.2026 02:00:00 +01:00,17538.10,16930.96
05.03.2026 03:00:00 +01:00,17240.26,16833.85
05.03.2026 04:00:00 +01:00,17934.94,16936.52
05.03.2026 05:00:00 +01:00,20106.04,17297.02
05.03.2026 06:00:00 +01:00,22644.92,18489.58
05.03.2026 07:00:00 +01:00,23799.42,19640.22
05.03.2026 08:00:00 +01:00,21909.78,19826.94
05.03.2026 09:00:00 +01:00,18695.95,19397.28
05.03.2026 10:00:00 +01:00,16525.01,18820.60
05.03.2026 11:00:00 +01:00,15226.34,18387.00
05.03.2026 12:00:00 +01:00,14277.16,17996.57
05.03.2026 13:00:00 +01:00,14637.30,17736.00
05.03.2026 14:00:00 +01:00,15301.14,17639.80
05.03.2026 15:00:00 +01:00,17486.79,17785.57
05.03.2026 16:00:00 +01:00,21788.09,18135.02
05.03.2026 17:00:00 +01:00,24231.08,18416.35
05.03.2026 18:00:00 +01:00,24731.14,18698.14
05.03.2026 19:00:00 +01:00,23778.86,18762.00
05.03.2026 20:00:00 +01:00,22585.85,18615.53
05.03.2026 21:00:00 +01:00,22012.63,18385.47
05.03.2026 22:00:00 +01:00,21332.46,18019.38
05.03.2026 23:00:00 +01:00,21063.83,17527.74
06.03.2026 00:00:00 +01:00,18160.38,17042.04
06.03.2026 01:00:00 +01:00,18000.67,16673.96
06.03.2026 02:00:00 +01:00,18338.77,16445.01
06.03.2026 03:00:00 +01:00,18807.09,16365.75
06.03.2026 04:00:00 +01:00,19767.98,16456.69
06.03.2026 05:00:00 +01:00,21060.84,16849.94
06.03.2026 06:00:00 +01:00,22805.34,17942.91
06.03.2026 07:00:00 +01:00,23520.96,19066.32
06.03.2026 08:00:00 +01:00,21747.56,19366.82
06.03.2026 09:00:00 +01:00,18770.45,19280.38
06.03.2026 10:00:00 +01:00,16451.63,18989.80
06.03.2026 11:00:00 +01:00,14727.44,18643.93
06.03.2026 12:00:00 +01:00,14747.25,18372.95
06.03.2026 13:00:00 +01:00,14386.02,18217.88
06.03.2026 14:00:00 +01:00,14967.81,18155.22
06.03.2026 15:00:00 +01:00,17582.15,18197.64
06.03.2026 16:00:00 +01:00,21141.32,18427.20
06.03.2026 17:00:00 +01:00,23353.86,18692.20
06.03.2026 18:00:00 +01:00,23877.20,18857.28
06.03.2026 19:00:00 +01:00,23378.70,18843.18
06.03.2026 20:00:00 +01:00,22509.26,18571.58
06.03.2026 21:00:00 +01:00,21687.71,18181.22
06.03.2026 22:00:00 +01:00,21094.94,17798.58
06.03.2026 23:00:00 +01:00,20717.30,17322.58
07.03.2026 00:00:00 +01:00,20414.25,16983.65
07.03.2026 01:00:00 +01:00,20448.46,16657.15
07.03.2026 02:00:00 +01:00,20498.65,16464.18
07.03.2026 03:00:00 +01:00,20842.58,16339.54
07.03.2026 04:00:00 +01:00,21210.21,16315.46
07.03.2026 05:00:00 +01:00,21400.05,16318.44
07.03.2026 06:00:00 +01:00,20433.52,16556.09
07.03.2026 07:00:00 +01:00,20526.05,16866.78
07.03.2026 08:00:00 +01:00,19336.50,17336.62
07.03.2026 09:00:00 +01:00,17305.80,17715.11
07.03.2026 10:00:00 +01:00,16366.58,17804.91
07.03.2026 11:00:00 +01:00,14901.72,17616.47
07.03.2026 12:00:00 +01:00,14160.75,17381.63
07.03.2026 13:00:00 +01:00,13931.84,17189.32
07.03.2026 14:00:00 +01:00,14182.53,17151.74
07.03.2026 15:00:00 +01:00,15912.72,17197.39
07.03.2026 16:00:00 +01:00,19170.35,17421.00
07.03.2026 17:00:00 +01:00,21680.88,17870.97
07.03.2026 18:00:00 +01:00,22639.40,18149.18
07.03.2026 19:00:00 +01:00,22089.43,18036.70
07.03.2026 20:00:00 +01:00,20941.94,17703.81
07.03.2026 21:00:00 +01:00,21004.11,17390.77
07.03.2026 22:00:00 +01:00,20673.07,17105.00
07.03.2026 23:00:00 +01:00,20198.39,16782.95
08.03.2026 00:00:00 +01:00,20069.12,16408.24
08.03.2026 01:00:00 +01:00,20019.45,16132.42
08.03.2026 02:00:00 +01:00,19933.01,15955.62
08.03.2026 03:00:00 +01:00,19671.29,15858.00
08.03.2026 04:00:00 +01:00,19661.74,15898.10
08.03.2026 05:00:00 +01:00,19715.20,15961.40
08.03.2026 06:00:00 +01:00,19541.97,16102.05
08.03.2026 07:00:00 +01:00,18394.11,16242.22
08.03.2026 08:00:00 +01:00,16971.94,16598.56
08.03.2026 09:00:00 +01:00,15342.24,17064.86
08.03.2026 10:00:00 +01:00,14316.35,17175.02
08.03.2026 11:00:00 +01:00,13773.53,17210.60
08.03.2026 12:00:00 +01:00,13888.17,17191.26
08.03.2026 13:00:00 +01:00,13966.45,17168.97
08.03.2026 14:00:00 +01:00,13936.14,17166.23
08.03.2026 15:00:00 +01:00,15386.15,17441.64
08.03.2026 16:00:00 +01:00,18264.26,17615.83
08.03.2026 17:00:00 +01:00,21926.25,17895.90
08.03.2026 18:00:00 +01:00,22959.60,18197.02
08.03.2026 19:00:00 +01:00,22801.51,18213.30
08.03.2026 20:00:00 +01:00,22708.49,18155.77
08.03.2026 21:00:00 +01:00,21790.90,17847.41
08.03.2026 22:00:00 +01:00,20678.51,17550.30
08.03.2026 23:00:00 +01:00,19161.71,17026.35
09.03.2026 00:00:00 +01:00,17938.36,16644.02
09.03.2026 01:00:00 +01:00,17354.97,16367.14
09.03.2026 02:00:00 +01:00,17367.72,16202.05
09.03.2026 03:00:00 +01:00,17225.01,16131.67
09.03.2026 04:00:00 +01:00,19105.17,16252.56
09.03.2026 05:00:00 +01:00,20295.82,16657.37
09.03.2026 06:00:00 +01:00,22187.95,17752.02
09.03.2026 07:00:00 +01:00,23496.93,18976.31
09.03.2026 08:00:00 +01:00,23651.08,19290.48
09.03.2026 09:00:00 +01:00,22518.57,19148.76
09.03.2026 10:00:00 +01:00,19142.51,18860.89
09.03.2026 11:00:00 +01:00,16371.66,18618.32
09.03.2026 12:00:00 +01:00,15482.73,18333.77
09.03.2026 13:00:00 +01:00,15417.90,18261.68
09.03.2026 14:00:00 +01:00,16050.45,16366.30
09.03.2026 15:00:00 +01:00,19988.53,18340.66
09.03.2026 16:00:00 +01:00,23219.06,18611.71
09.03.2026 17:00:00 +01:00,23970.99,18830.67
09.03.2026 18:00:00 +01:00,24065.57,18924.54
09.03.2026 19:00:00 +01:00,23958.29,18893.84
09.03.2026 20:00:00 +01:00,23685.07,18709.94
09.03.2026 21:00:00 +01:00,23113.19,18304.38
09.03.2026 22:00:00 +01:00,21754.95,17988.16
09.03.2026 23:00:00 +01:00,20819.97,17373.33
10.03.2026 00:00:00 +01:00,20116.66,16822.28
10.03.2026 01:00:00 +01:00,19712.96,16464.65
10.03.2026 02:00:00 +01:00,19857.55,16213.86
10.03.2026 03:00:00 +01:00,19884.23,16182.50
10.03.2026 04:00:00 +01:00,19809.77,16226.34
10.03.2026 05:00:00 +01:00,20433.61,16657.65
10.03.2026 06:00:00 +01:00,21885.69,17735.49
10.03.2026 07:00:00 +01:00,22851.19,18818.80
10.03.2026 08:00:00 +01:00,22519.95,19149.24
10.03.2026 09:00:00 +01:00,21677.83,19001.24
10.03.2026 10:00:00 +01:00,19807.20,18804.93
10.03.2026 11:00:00 +01:00,18560.42,18763.38
10.03.2026 12:00:00 +01:00,17805.18,18710.85
10.03.2026 13:00:00 +01:00,17428.14,18615.26
10.03.2026 14:00:00 +01:00,18365.39,18704.90
10.03.2026 15:00:00 +01:00,20870.09,18855.56
10.03.2026 16:00:00 +01:00,22577.60,19023.80
10.03.2026 17:00:00 +01:00,22956.14,19097.16
10.03.2026 18:00:00 +01:00,23518.93,19146.56
10.03.2026 19:00:00 +01:00,23481.38,19061.64
10.03.2026 20:00:00 +01:00,23017.95,18891.46
10.03.2026 21:00:00 +01:00,21297.64,18544.41
10.03.2026 22:00:00 +01:00,18848.51,18085.52
10.03.2026 23:00:00 +01:00,14799.17,17340.01
11.03.2026 00:00:00 +01:00,12486.68,16848.72
11.03.2026 01:00:00 +01:00,11050.67,16435.08
11.03.2026 02:00:00 +01:00,10987.38,16215.36
11.03.2026 03:00:00 +01:00,11177.54,16061.82
11.03.2026 04:00:00 +01:00,11463.68,16047.76
11.03.2026 05:00:00 +01:00,11841.84,16332.36
11.03.2026 06:00:00 +01:00,13036.38,17368.50
11.03.2026 07:00:00 +01:00,14775.03,18414.02
11.03.2026 08:00:00 +01:00,14512.06,18703.41
11.03.2026 09:00:00 +01:00,14198.78,18596.03
11.03.2026 10:00:00 +01:00,13855.41,18543.37
11.03.2026 11:00:00 +01:00,13248.47,18359.12
11.03.2026 12:00:00 +01:00,12836.00,18252.71
11.03.2026 13:00:00 +01:00,13058.26,18009.60
11.03.2026 14:00:00 +01:00,13283.71,18096.48
11.03.2026 15:00:00 +01:00,14396.34,18238.71
11.03.2026 16:00:00 +01:00,16625.11,18433.06
11.03.2026 17:00:00 +01:00,19727.81,18507.18
11.03.2026 18:00:00 +01:00,21080.88,18564.96
11.03.2026 19:00:00 +01:00,21337.40,18693.83
11.03.2026 20:00:00 +01:00,20677.98,18516.35
11.03.2026 21:00:00 +01:00,18842.63,18147.75
11.03.2026 22:00:00 +01:00,17275.23,17765.47
11.03.2026 23:00:00 +01:00,14757.68,17187.27
12.03.2026 00:00:00 +01:00,12884.78,16702.87
12.03.2026 01:00:00 +01:00,11681.10,16317.23
12.03.2026 02:00:00 +01:00,11546.67,16082.66
12.03.2026 03:00:00 +01:00,11314.66,16006.06
12.03.2026 04:00:00 +01:00,11616.32,16097.68
12.03.2026 05:00:00 +01:00,12449.64,16461.52
12.03.2026 06:00:00 +01:00,14172.81,17550.22
12.03.2026 07:00:00 +01:00,16149.50,18628.40
12.03.2026 08:00:00 +01:00,16590.58,18874.05
12.03.2026 09:00:00 +01:00,15060.58,18778.35
12.03.2026 10:00:00 +01:00,14172.18,18409.20
12.03.2026 11:00:00 +01:00,14358.11,18391.77
12.03.2026 12:00:00 +01:00,14047.95,18209.55
12.03.2026 13:00:00 +01:00,14389.14,18191.97
12.03.2026 14:00:00 +01:00,14254.71,18261.32
12.03.2026 15:00:00 +01:00,15119.29,18447.75
12.03.2026 16:00:00 +01:00,15358.75,18747.22
12.03.2026 17:00:00 +01:00,15802.75,18769.07
12.03.2026 18:00:00 +01:00,17604.29,18860.27
12.03.2026 19:00:00 +01:00,17407.74,18851.93
12.03.2026 20:00:00 +01:00,15616.31,18646.59
12.03.2026 21:00:00 +01:00,13949.71,18339.88
12.03.2026 22:00:00 +01:00,13092.19,17893.31
12.03.2026 23:00:00 +01:00,11750.09,17292.72
13.03.2026 00:00:00 +01:00,11277.91,16757.41
13.03.2026 01:00:00 +01:00,10681.24,16421.92
13.03.2026 02:00:00 +01:00,10007.89,16158.89
13.03.2026 03:00:00 +01:00,9984.39,16112.47
13.03.2026 04:00:00 +01:00,9706.24,16072.24
13.03.2026 05:00:00 +01:00,9752.58,16401.62
13.03.2026 06:00:00 +01:00,10500.69,17334.01
13.03.2026 07:00:00 +01:00,11274.86,18366.37
13.03.2026 08:00:00 +01:00,12722.31,18878.85
13.03.2026 09:00:00 +01:00,13384.18,18913.32
13.03.2026 10:00:00 +01:00,13321.42,18957.46
13.03.2026 11:00:00 +01:00,12576.81,18828.99
13.03.2026 12:00:00 +01:00,12366.79,18567.18
13.03.2026 13:00:00 +01:00,12358.52,18412.71
13.03.2026 14:00:00 +01:00,12355.42,18289.67
13.03.2026 15:00:00 +01:00,13453.82,18276.56
13.03.2026 16:00:00 +01:00,15646.59,18318.93
13.03.2026 17:00:00 +01:00,18336.56,18464.73
13.03.2026 18:00:00 +01:00,20753.41,18679.68
13.03.2026 19:00:00 +01:00,20848.50,18688.82
13.03.2026 20:00:00 +01:00,20568.57,18329.05
13.03.2026 21:00:00 +01:00,20104.50,17941.36
13.03.2026 22:00:00 +01:00,19746.79,17572.79
13.03.2026 23:00:00 +01:00,18459.11,17149.26
14.03.2026 00:00:00 +01:00,17250.73,16813.88
14.03.2026 01:00:00 +01:00,16330.09,16469.38
14.03.2026 02:00:00 +01:00,15693.95,16177.78
14.03.2026 03:00:00 +01:00,15646.73,15987.52
14.03.2026 04:00:00 +01:00,15673.97,15965.30
14.03.2026 05:00:00 +01:00,16293.16,15992.33
14.03.2026 06:00:00 +01:00,17135.19,16128.38
14.03.2026 07:00:00 +01:00,18255.49,16340.62
14.03.2026 08:00:00 +01:00,20216.91,16870.49
14.03.2026 09:00:00 +01:00,20134.86,17255.30
14.03.2026 10:00:00 +01:00,19562.35,17320.82
14.03.2026 11:00:00 +01:00,18512.78,17170.67
14.03.2026 12:00:00 +01:00,18229.82,17138.20
14.03.2026 13:00:00 +01:00,18393.25,17145.20
14.03.2026 14:00:00 +01:00,18190.19,16936.40
14.03.2026 15:00:00 +01:00,19941.11,16947.81
14.03.2026 16:00:00 +01:00,21742.29,17172.92
14.03.2026 17:00:00 +01:00,22819.48,17512.85
14.03.2026 18:00:00 +01:00,23513.36,17833.61
14.03.2026 19:00:00 +01:00,23354.16,17864.80
14.03.2026 20:00:00 +01:00,21930.41,17512.07
14.03.2026 21:00:00 +01:00,21777.05,17234.90
14.03.2026 22:00:00 +01:00,21629.55,16993.01
14.03.2026 23:00:00 +01:00,21184.30,16668.82
15.03.2026 00:00:00 +01:00,20430.90,16332.28
15.03.2026 01:00:00 +01:00,19969.88,16084.95
15.03.2026 02:00:00 +01:00,19419.12,15958.28
15.03.2026 03:00:00 +01:00,19428.59,15888.45
15.03.2026 04:00:00 +01:00,19482.96,15882.84
15.03.2026 05:00:00 +01:00,19199.55,15927.15
15.03.2026 06:00:00 +01:00,18985.32,16002.23
15.03.2026 07:00:00 +01:00,17788.60,16146.63
15.03.2026 08:00:00 +01:00,15761.56,16473.10
15.03.2026 09:00:00 +01:00,13730.25,16752.89
15.03.2026 10:00:00 +01:00,12893.76,16938.58
15.03.2026 11:00:00 +01:00,12401.44,16860.65
15.03.2026 12:00:00 +01:00,12393.78,16786.81
15.03.2026 13:00:00 +01:00,12576.12,16817.03
15.03.2026 14:00:00 +01:00,13042.62,16915.86
15.03.2026 15:00:00 +01:00,13442.50,17147.79
15.03.2026 16:00:00 +01:00,15680.72,17420.00
15.03.2026 17:00:00 +01:00,20359.46,17697.59
15.03.2026 18:00:00 +01:00,22410.66,17988.54
15.03.2026 19:00:00 +01:00,21649.61,18104.81
15.03.2026 20:00:00 +01:00,18064.85,18042.29
15.03.2026 21:00:00 +01:00,15670.99,17882.07
15.03.2026 22:00:00 +01:00,13762.08,17493.92
15.03.2026 23:00:00 +01:00,12614.73,17042.83
16.03.2026 00:00:00 +01:00,11320.15,16605.82
16.03.2026 01:00:00 +01:00,10292.67,16331.73
16.03.2026 02:00:00 +01:00,10043.97,16122.92
16.03.2026 03:00:00 +01:00,10151.60,16057.02
16.03.2026 04:00:00 +01:00,9704.68,16140.88
16.03.2026 05:00:00 +01:00,10214.29,16508.87
16.03.2026 06:00:00 +01:00,12091.08,17619.04
16.03.2026 07:00:00 +01:00,14531.63,18673.91
16.03.2026 08:00:00 +01:00,15109.66,19053.96
16.03.2026 09:00:00 +01:00,14344.92,18872.05
16.03.2026 10:00:00 +01:00,14021.51,18617.44
16.03.2026 11:00:00 +01:00,13432.11,18431.35
16.03.2026 12:00:00 +01:00,13636.10,18327.59
16.03.2026 13:00:00 +01:00,14021.50,18107.30
16.03.2026 14:00:00 +01:00,13986.41,17981.71
16.03.2026 15:00:00 +01:00,15866.44,18101.49
16.03.2026 16:00:00 +01:00,17810.00,18274.43
16.03.2026 17:00:00 +01:00,20388.50,18252.32
16.03.2026 18:00:00 +01:00,22813.48,18570.34
16.03.2026 19:00:00 +01:00,23196.86,18688.05
16.03.2026 20:00:00 +01:00,23057.91,18554.47
16.03.2026 21:00:00 +01:00,21842.65,18307.32
16.03.2026 22:00:00 +01:00,20441.98,17944.58
16.03.2026 23:00:00 +01:00,16862.48,17317.80
17.03.2026 00:00:00 +01:00,15333.24,16843.18
17.03.2026 01:00:00 +01:00,14444.25,16537.67
17.03.2026 02:00:00 +01:00,14000.28,16351.50
17.03.2026 03:00:00 +01:00,14401.31,16242.50
17.03.2026 04:00:00 +01:00,15673.51,16312.43
17.03.2026 05:00:00 +01:00,17741.09,16697.52
17.03.2026 06:00:00 +01:00,19818.59,17728.83
17.03.2026 07:00:00 +01:00,19448.00,18767.57
17.03.2026 08:00:00 +01:00,20212.67,18974.02
17.03.2026 09:00:00 +01:00,19198.04,18702.76
17.03.2026 10:00:00 +01:00,16937.43,18602.76
17.03.2026 11:00:00 +01:00,14908.06,18600.81
17.03.2026 12:00:00 +01:00,13999.61,18435.31
17.03.2026 13:00:00 +01:00,14463.40,18316.02
17.03.2026 14:00:00 +01:00,15366.04,18527.40
17.03.2026 15:00:00 +01:00,16312.51,18582.04
17.03.2026 16:00:00 +01:00,19101.33,18740.60
17.03.2026 17:00:00 +01:00,20310.14,18642.48
17.03.2026 18:00:00 +01:00,21331.54,18612.91
17.03.2026 19:00:00 +01:00,22090.02,18526.60
17.03.2026 20:00:00 +01:00,21447.71,18227.78
17.03.2026 21:00:00 +01:00,20273.34,17943.13
17.03.2026 22:00:00 +01:00,18440.74,17495.05
17.03.2026 23:00:00 +01:00,16294.47,16823.24
18.03.2026 00:00:00 +01:00,12976.28,16260.41
18.03.2026 01:00:00 +01:00,12342.46,15919.82
18.03.2026 02:00:00 +01:00,12176.58,15646.94
18.03.2026 03:00:00 +01:00,11934.78,15525.14
18.03.2026 04:00:00 +01:00,12249.26,15486.72
18.03.2026 05:00:00 +01:00,14153.19,15745.22
18.03.2026 06:00:00 +01:00,17616.21,16701.74
18.03.2026 07:00:00 +01:00,17214.74,17766.50
18.03.2026 08:00:00 +01:00,15085.37,18084.04
18.03.2026 09:00:00 +01:00,14211.24,18101.87
18.03.2026 10:00:00 +01:00,14163.54,17977.91
18.03.2026 11:00:00 +01:00,13690.20,17809.30
18.03.2026 12:00:00 +01:00,13321.38,17591.72
18.03.2026 13:00:00 +01:00,13135.54,17468.28
18.03.2026 14:00:00 +01:00,13469.99,17505.85
18.03.2026 15:00:00 +01:00,14111.34,17619.65
18.03.2026 16:00:00 +01:00,16311.01,17792.41
18.03.2026 17:00:00 +01:00,18966.60,17778.06
18.03.2026 18:00:00 +01:00,19861.26,17910.95
18.03.2026 19:00:00 +01:00,20552.41,18077.01
18.03.2026 20:00:00 +01:00,20068.12,17944.34
18.03.2026 21:00:00 +01:00,19684.24,17581.80
18.03.2026 22:00:00 +01:00,18429.30,17177.64
18.03.2026 23:00:00 +01:00,16913.42,16653.80
19.03.2026 00:00:00 +01:00,16209.92,16125.82
19.03.2026 01:00:00 +01:00,16356.30,15782.49
19.03.2026 02:00:00 +01:00,16738.18,15573.75
19.03.2026 03:00:00 +01:00,16647.32,15436.02
19.03.2026 04:00:00 +01:00,16950.03,15518.01
19.03.2026 05:00:00 +01:00,17391.12,15853.31
19.03.2026 06:00:00 +01:00,18668.30,16836.34
19.03.2026 07:00:00 +01:00,19668.03,17975.82
19.03.2026 08:00:00 +01:00,18363.46,18180.32
19.03.2026 09:00:00 +01:00,15570.66,17919.89
19.03.2026 10:00:00 +01:00,14908.37,17551.97
19.03.2026 11:00:00 +01:00,14339.90,17087.05
19.03.2026 12:00:00 +01:00,13427.22,16700.36
19.03.2026 13:00:00 +01:00,13088.13,16516.12
19.03.2026 14:00:00 +01:00,12641.31,16390.32
19.03.2026 15:00:00 +01:00,13498.58,16549.94
19.03.2026 16:00:00 +01:00,16567.83,16783.48
19.03.2026 17:00:00 +01:00,18899.69,16984.62
19.03.2026 18:00:00 +01:00,19965.51,17258.77
19.03.2026 19:00:00 +01:00,20232.15,17455.56
19.03.2026 20:00:00 +01:00,19717.77,17367.00
19.03.2026 21:00:00 +01:00,19401.84,17172.73
19.03.2026 22:00:00 +01:00,19074.72,16905.24
19.03.2026 23:00:00 +01:00,18946.59,16448.77
20.03.2026 00:00:00 +01:00,18679.54,15922.48
20.03.2026 01:00:00 +01:00,18518.50,15561.96
20.03.2026 02:00:00 +01:00,18560.29,15362.74
20.03.2026 03:00:00 +01:00,18324.95,15328.23
20.03.2026 04:00:00 +01:00,18589.95,15371.02
20.03.2026 05:00:00 +01:00,19187.99,15665.07
20.03.2026 06:00:00 +01:00,21016.14,16665.52
20.03.2026 07:00:00 +01:00,21741.39,17787.07
20.03.2026 08:00:00 +01:00,20561.95,18032.90
20.03.2026 09:00:00 +01:00,17776.92,17298.63
20.03.2026 10:00:00 +01:00,15228.93,17461.16
20.03.2026 11:00:00 +01:00,14128.04,17009.18
20.03.2026 12:00:00 +01:00,13821.97,16656.06
20.03.2026 13:00:00 +01:00,13358.94,16375.39
20.03.2026 14:00:00 +01:00,13832.88,16123.64
20.03.2026 15:00:00 +01:00,15521.19,16097.24
20.03.2026 16:00:00 +01:00,17762.75,16273.48
20.03.2026 17:00:00 +01:00,19377.80,16455.48
20.03.2026 18:00:00 +01:00,20442.96,16812.39
20.03.2026 19:00:00 +01:00,20828.70,17037.92
20.03.2026 20:00:00 +01:00,20825.20,16909.90
20.03.2026 21:00:00 +01:00,20658.45,16648.22
20.03.2026 22:00:00 +01:00,20000.34,16395.54
20.03.2026 23:00:00 +01:00,19260.32,16016.70
21.03.2026 00:00:00 +01:00,18952.84,15739.20
21.03.2026 01:00:00 +01:00,18571.01,15446.09
21.03.2026 02:00:00 +01:00,18457.92,15283.56
21.03.2026 03:00:00 +01:00,18209.70,15212.42
21.03.2026 04:00:00 +01:00,18026.39,15167.14
21.03.2026 05:00:00 +01:00,17930.78,15225.86
21.03.2026 06:00:00 +01:00,18209.50,15391.09
21.03.2026 07:00:00 +01:00,17948.62,15724.97
21.03.2026 08:00:00 +01:00,16447.08,16147.64
21.03.2026 09:00:00 +01:00,14201.66,16565.76
21.03.2026 10:00:00 +01:00,13525.78,16604.88
21.03.2026 11:00:00 +01:00,12824.49,16498.40
21.03.2026 12:00:00 +01:00,13289.98,16293.97
21.03.2026 13:00:00 +01:00,12367.30,16089.07
21.03.2026 14:00:00 +01:00,12255.38,15939.08
21.03.2026 15:00:00 +01:00,13306.37,15960.00
21.03.2026 16:00:00 +01:00,16232.37,16162.20
21.03.2026 17:00:00 +01:00,19418.93,16463.74
21.03.2026 18:00:00 +01:00,21076.48,16788.04
21.03.2026 19:00:00 +01:00,20624.62,16922.61
21.03.2026 20:00:00 +01:00,19730.83,16612.64
21.03.2026 21:00:00 +01:00,18702.14,16377.61
21.03.2026 22:00:00 +01:00,17129.70,16165.21
21.03.2026 23:00:00 +01:00,14691.19,15764.93
22.03.2026 00:00:00 +01:00,12890.27,15532.22
22.03.2026 01:00:00 +01:00,12590.34,15278.91
22.03.2026 02:00:00 +01:00,12498.95,15110.49
22.03.2026 03:00:00 +01:00,12261.85,15000.07
22.03.2026 04:00:00 +01:00,12264.76,14988.95
22.03.2026 05:00:00 +01:00,12473.80,15028.75
22.03.2026 06:00:00 +01:00,12182.39,15014.68
22.03.2026 07:00:00 +01:00,11985.81,15220.34
22.03.2026 08:00:00 +01:00,12099.12,15637.76
22.03.2026 09:00:00 +01:00,12316.05,16024.86
22.03.2026 10:00:00 +01:00,12483.45,16210.78
22.03.2026 11:00:00 +01:00,12536.99,16225.60
22.03.2026 12:00:00 +01:00,12797.60,16285.88
22.03.2026 13:00:00 +01:00,13270.06,16338.05
22.03.2026 14:00:00 +01:00,13470.65,16476.38
22.03.2026 15:00:00 +01:00,13731.07,16636.77
22.03.2026 16:00:00 +01:00,14548.49,16819.78
22.03.2026 17:00:00 +01:00,18127.85,17120.47
22.03.2026 18:00:00 +01:00,20362.67,17378.66
22.03.2026 19:00:00 +01:00,20867.94,17553.42
22.03.2026 20:00:00 +01:00,20509.44,17469.10
22.03.2026 21:00:00 +01:00,19744.69,17237.19
22.03.2026 22:00:00 +01:00,19035.35,16900.20
22.03.2026 23:00:00 +01:00,18451.41,16426.68
23.03.2026 00:00:00 +01:00,17928.81,15996.90
23.03.2026 01:00:00 +01:00,17747.04,15713.69
23.03.2026 02:00:00 +01:00,17733.97,15546.00
23.03.2026 03:00:00 +01:00,17329.73,15489.16
23.03.2026 04:00:00 +01:00,17418.42,15646.61
23.03.2026 05:00:00 +01:00,18206.40,16077.72
23.03.2026 06:00:00 +01:00,19595.72,17082.26
23.03.2026 07:00:00 +01:00,20996.82,18208.67
23.03.2026 08:00:00 +01:00,20261.38,18226.76
23.03.2026 09:00:00 +01:00,17267.01,17891.98
23.03.2026 10:00:00 +01:00,14279.13,17609.68
23.03.2026 11:00:00 +01:00,13333.68,17265.38
23.03.2026 12:00:00 +01:00,13046.86,17063.88
23.03.2026 13:00:00 +01:00,13523.88,16950.66
23.03.2026 14:00:00 +01:00,13807.34,17052.65
23.03.2026 15:00:00 +01:00,15593.68,17192.88
23.03.2026 16:00:00 +01:00,18520.84,17596.09
23.03.2026 17:00:00 +01:00,20533.92,17753.99
23.03.2026 18:00:00 +01:00,21085.81,17981.62
23.03.2026 19:00:00 +01:00,21266.79,18211.80
23.03.2026 20:00:00 +01:00,20984.52,18156.53
23.03.2026 21:00:00 +01:00,19782.00,17928.03
23.03.2026 22:00:00 +01:00,18703.21,17466.63
23.03.2026 23:00:00 +01:00,17379.76,16833.30
24.03.2026 00:00:00 +01:00,16229.67,16253.79
24.03.2026 01:00:00 +01:00,14466.26,15882.40
24.03.2026 02:00:00 +01:00,13092.28,15664.36
24.03.2026 03:00:00 +01:00,12465.12,15590.06
24.03.2026 04:00:00 +01:00,12793.22,15670.46
24.03.2026 05:00:00 +01:00,12865.92,16005.62
24.03.2026 06:00:00 +01:00,14054.68,16953.80
24.03.2026 07:00:00 +01:00,14811.63,17991.29
24.03.2026 08:00:00 +01:00,13362.65,18311.50
24.03.2026 09:00:00 +01:00,12269.14,18253.35
24.03.2026 10:00:00 +01:00,11834.48,17839.15
24.03.2026 11:00:00 +01:00,11681.49,17557.94
24.03.2026 12:00:00 +01:00,11541.70,17268.12
24.03.2026 13:00:00 +01:00,11276.84,17221.16
24.03.2026 14:00:00 +01:00,11102.99,17133.95
24.03.2026 15:00:00 +01:00,11365.39,17183.28
24.03.2026 16:00:00 +01:00,12129.39,17390.20
24.03.2026 17:00:00 +01:00,14403.98,17449.52
24.03.2026 18:00:00 +01:00,17450.42,17546.92
24.03.2026 19:00:00 +01:00,16503.58,17782.60
24.03.2026 20:00:00 +01:00,13781.85,17718.35
24.03.2026 21:00:00 +01:00,12358.17,17495.26
24.03.2026 22:00:00 +01:00,11149.31,17152.02
24.03.2026 23:00:00 +01:00,10271.08,16596.86
25.03.2026 00:00:00 +01:00,9630.61,16185.84
25.03.2026 01:00:00 +01:00,9135.19,15853.61
25.03.2026 02:00:00 +01:00,8795.01,15648.67
25.03.2026 03:00:00 +01:00,8660.51,15506.42
25.03.2026 04:00:00 +01:00,8821.63,15511.26
25.03.2026 05:00:00 +01:00,9666.85,15806.88
25.03.2026 06:00:00 +01:00,10700.75,16800.81
25.03.2026 07:00:00 +01:00,11776.62,17951.34
25.03.2026 08:00:00 +01:00,12399.11,18097.49
25.03.2026 09:00:00 +01:00,12328.35,17853.70
25.03.2026 10:00:00 +01:00,11889.74,17634.16
25.03.2026 11:00:00 +01:00,11646.04,17249.70
25.03.2026 12:00:00 +01:00,11471.40,17270.90
25.03.2026 13:00:00 +01:00,11215.24,17140.62
25.03.2026 14:00:00 +01:00,11222.51,17098.99
25.03.2026 15:00:00 +01:00,11477.23,17189.09
25.03.2026 16:00:00 +01:00,12387.89,17370.50
25.03.2026 17:00:00 +01:00,13729.79,17407.92
25.03.2026 18:00:00 +01:00,15705.99,17574.55
25.03.2026 19:00:00 +01:00,16816.75,18011.45
25.03.2026 20:00:00 +01:00,16998.37,18035.68
25.03.2026 21:00:00 +01:00,16378.02,17869.15
25.03.2026 22:00:00 +01:00,15429.51,17562.98
25.03.2026 23:00:00 +01:00,13919.39,17046.62
26.03.2026 00:00:00 +01:00,12922.79,16580.66
26.03.2026 01:00:00 +01:00,12357.12,16241.00
26.03.2026 02:00:00 +01:00,12051.86,16068.72
26.03.2026 03:00:00 +01:00,11961.83,15999.47
26.03.2026 04:00:00 +01:00,12445.92,15999.20
26.03.2026 05:00:00 +01:00,12865.79,16287.63
26.03.2026 06:00:00 +01:00,15275.60,17246.58
26.03.2026 07:00:00 +01:00,17835.75,18377.83
26.03.2026 08:00:00 +01:00,17431.63,18541.71
26.03.2026 09:00:00 +01:00,14674.02,18268.28
26.03.2026 10:00:00 +01:00,13524.05,17805.76
26.03.2026 11:00:00 +01:00,12819.55,17405.97
26.03.2026 12:00:00 +01:00,12302.83,17109.93
26.03.2026 13:00:00 +01:00,12216.02,16982.90
26.03.2026 14:00:00 +01:00,12434.23,16916.06
26.03.2026 15:00:00 +01:00,13081.19,17041.74
26.03.2026 16:00:00 +01:00,14731.96,17334.80
26.03.2026 17:00:00 +01:00,17809.54,17455.17
26.03.2026 18:00:00 +01:00,21101.83,17766.01
26.03.2026 19:00:00 +01:00,21907.47,18257.76
26.03.2026 20:00:00 +01:00,21096.18,18343.65
26.03.2026 21:00:00 +01:00,20420.40,18100.66
26.03.2026 22:00:00 +01:00,18800.70,17888.42
26.03.2026 23:00:00 +01:00,16966.49,17409.96
27.03.2026 00:00:00 +01:00,16761.10,16987.92
27.03.2026 01:00:00 +01:00,16565.78,16756.94
27.03.2026 02:00:00 +01:00,16159.93,16572.03
27.03.2026 03:00:00 +01:00,16613.38,16509.25
27.03.2026 04:00:00 +01:00,17174.72,16627.76
27.03.2026 05:00:00 +01:00,19371.45,17072.34
27.03.2026 06:00:00 +01:00,21124.79,18014.08
27.03.2026 07:00:00 +01:00,22334.72,19035.93
27.03.2026 08:00:00 +01:00,22186.86,19071.98
27.03.2026 09:00:00 +01:00,18672.03,18769.63
27.03.2026 10:00:00 +01:00,16641.90,18395.76
27.03.2026 11:00:00 +01:00,15547.98,17994.44
27.03.2026 12:00:00 +01:00,14421.96,17646.57
27.03.2026 13:00:00 +01:00,14156.49,17791.88
27.03.2026 14:00:00 +01:00,14306.58,17894.06
27.03.2026 15:00:00 +01:00,14673.17,18060.38
27.03.2026 16:00:00 +01:00,16964.75,18337.60
27.03.2026 17:00:00 +01:00,20034.63,18471.82
27.03.2026 18:00:00 +01:00,21908.15,18578.13
27.03.2026 19:00:00 +01:00,20849.96,18599.89
27.03.2026 20:00:00 +01:00,18766.68,18314.68
27.03.2026 21:00:00 +01:00,16940.73,17894.14
27.03.2026 22:00:00 +01:00,15508.99,17514.37
27.03.2026 23:00:00 +01:00,15243.34,17141.80
28.03.2026 00:00:00 +01:00,12014.42,16674.52
28.03.2026 01:00:00 +01:00,11255.01,16361.91
28.03.2026 02:00:00 +01:00,10591.88,16195.89
28.03.2026 03:00:00 +01:00,10355.39,16028.12
28.03.2026 04:00:00 +01:00,10419.35,16045.94
28.03.2026 05:00:00 +01:00,10713.81,16060.62
28.03.2026 06:00:00 +01:00,11061.04,16209.58
28.03.2026 07:00:00 +01:00,10726.36,16547.78
28.03.2026 08:00:00 +01:00,10080.13,16884.48
28.03.2026 09:00:00 +01:00,9591.02,16980.35
28.03.2026 10:00:00 +01:00,9639.96,16843.28
28.03.2026 11:00:00 +01:00,9356.88,16655.35
28.03.2026 12:00:00 +01:00,9668.98,16569.80
28.03.2026 13:00:00 +01:00,9694.68,16440.32
28.03.2026 14:00:00 +01:00,9506.72,16403.23
28.03.2026 15:00:00 +01:00,9879.28,16348.79
28.03.2026 16:00:00 +01:00,11737.35,16411.67
28.03.2026 17:00:00 +01:00,15214.75,16640.97
28.03.2026 18:00:00 +01:00,18637.69,16960.10
28.03.2026 19:00:00 +01:00,20126.48,17221.52
28.03.2026 20:00:00 +01:00,20232.02,17096.93
28.03.2026 21:00:00 +01:00,20235.03,16856.98
28.03.2026 22:00:00 +01:00,19076.71,16637.22
28.03.2026 23:00:00 +01:00,17220.87,16324.17
29.03.2026 00:00:00 +01:00,15643.00,16121.56
29.03.2026 01:00:00 +01:00,14367.04,15901.94
29.03.2026 03:00:00 +02:00,14486.69,15777.03
29.03.2026 04:00:00 +02:00,15263.96,15830.73
29.03.2026 05:00:00 +02:00,15227.20,15859.24
29.03.2026 06:00:00 +02:00,15611.91,15958.54
29.03.2026 07:00:00 +02:00,16158.60,16066.32
29.03.2026 08:00:00 +02:00,14822.02,16214.07
29.03.2026 09:00:00 +02:00,12302.41,16394.41
29.03.2026 10:00:00 +02:00,10648.34,16285.15
29.03.2026 11:00:00 +02:00,10225.27,16255.74
29.03.2026 12:00:00 +02:00,9480.30,16003.62
29.03.2026 13:00:00 +02:00,9588.97,15918.19
29.03.2026 14:00:00 +02:00,9803.44,15990.58
29.03.2026 15:00:00 +02:00,10208.06,16243.68
29.03.2026 16:00:00 +02:00,10813.98,16585.76
29.03.2026 17:00:00 +02:00,11443.16,16859.72
29.03.2026 18:00:00 +02:00,12940.85,17072.38
29.03.2026 19:00:00 +02:00,14019.05,17277.00
29.03.2026 20:00:00 +02:00,13022.97,17479.12
29.03.2026 21:00:00 +02:00,12098.37,17335.21
29.03.2026 22:00:00 +02:00,11286.05,17106.89
29.03.2026 23:00:00 +02:00,10883.49,16807.80
30.03.2026 00:00:00 +02:00,9790.49,16341.02
30.03.2026 01:00:00 +02:00,9331.97,16018.66
30.03.2026 02:00:00 +02:00,8835.21,15827.32
30.03.2026 03:00:00 +02:00,8907.33,15737.85
30.03.2026 04:00:00 +02:00,9231.29,15805.98
30.03.2026 05:00:00 +02:00,9484.32,16073.98
30.03.2026 06:00:00 +02:00,11056.27,16855.99
30.03.2026 07:00:00 +02:00,12836.20,17680.01
30.03.2026 08:00:00 +02:00,15090.21,18179.51
30.03.2026 09:00:00 +02:00,14479.96,18256.27
30.03.2026 10:00:00 +02:00,13016.40,18153.83
30.03.2026 11:00:00 +02:00,11446.78,17836.13
30.03.2026 12:00:00 +02:00,10983.35,17519.53
30.03.2026 13:00:00 +02:00,10749.24,17334.79
30.03.2026 14:00:00 +02:00,10428.89,17084.70
30.03.2026 15:00:00 +02:00,10779.68,16956.26
30.03.2026 16:00:00 +02:00,11156.56,17004.55
30.03.2026 17:00:00 +02:00,12703.39,16990.80
30.03.2026 18:00:00 +02:00,15536.61,17029.79
30.03.2026 19:00:00 +02:00,18551.72,17218.95
30.03.2026 20:00:00 +02:00,19886.72,17452.56
30.03.2026 21:00:00 +02:00,19542.23,17323.16
30.03.2026 22:00:00 +02:00,18701.09,17017.42
30.03.2026 23:00:00 +02:00,16276.47,16545.14
31.03.2026 00:00:00 +02:00,16104.39,16203.54
31.03.2026 01:00:00 +02:00,15760.69,15900.88
31.03.2026 02:00:00 +02:00,15311.82,15751.00
31.03.2026 03:00:00 +02:00,15333.81,15689.09
31.03.2026 04:00:00 +02:00,15796.26,15787.33
31.03.2026 05:00:00 +02:00,16648.89,16037.16
31.03.2026 06:00:00 +02:00,19722.35,16675.06
31.03.2026 07:00:00 +02:00,22027.05,17504.62
31.03.2026 08:00:00 +02:00,22433.51,17840.67
31.03.2026 09:00:00 +02:00,21341.16,17623.32
31.03.2026 10:00:00 +02:00,18930.65,17349.90
31.03.2026 11:00:00 +02:00,17261.03,17007.79
31.03.2026 12:00:00 +02:00,15657.24,16706.13
31.03.2026 13:00:00 +02:00,15146.00,16554.78
31.03.2026 14:00:00 +02:00,14549.83,16205.67
31.03.2026 15:00:00 +02:00,14297.34,16337.94
31.03.2026 16:00:00 +02:00,14853.03,16407.25
31.03.2026 17:00:00 +02:00,18362.62,16512.72
31.03.2026 18:00:00 +02:00,22463.05,16584.02
31.03.2026 19:00:00 +02:00,23472.70,16791.66
31.03.2026 20:00:00 +02:00,22945.78,16981.86
31.03.2026 21:00:00 +02:00,21933.62,16816.44
31.03.2026 22:00:00 +02:00,21234.99,16511.72
31.03.2026 23:00:00 +02:00,20762.10,16147.08
01.04.2026 00:00:00 +02:00,19301.81,15785.02
01.04.2026 01:00:00 +02:00,18690.46,15423.30
01.04.2026 02:00:00 +02:00,18100.35,15241.38
01.04.2026 03:00:00 +02:00,17519.37,15142.50
01.04.2026 04:00:00 +02:00,17249.63,15077.34
01.04.2026 05:00:00 +02:00,18097.61,15295.02
01.04.2026 06:00:00 +02:00,19499.41,15884.10
01.04.2026 07:00:00 +02:00,20320.64,16519.88
01.04.2026 08:00:00 +02:00,20178.28,16808.60
01.04.2026 09:00:00 +02:00,19756.82,16808.88
01.04.2026 10:00:00 +02:00,18754.36,16826.31
01.04.2026 11:00:00 +02:00,16829.65,16654.34
01.04.2026 12:00:00 +02:00,14566.27,16417.54
01.04.2026 13:00:00 +02:00,12823.16,16352.18
01.04.2026 14:00:00 +02:00,11999.13,16265.34
01.04.2026 15:00:00 +02:00,12527.78,16266.95
01.04.2026 16:00:00 +02:00,14389.09,16271.40
01.04.2026 17:00:00 +02:00,17239.89,16323.52
01.04.2026 18:00:00 +02:00,19348.20,16394.56
01.04.2026 19:00:00 +02:00,20235.88,16467.07
01.04.2026 20:00:00 +02:00,20043.67,16574.40
01.04.2026 21:00:00 +02:00,19380.32,16349.37
01.04.2026 22:00:00 +02:00,18859.81,16057.20
01.04.2026 23:00:00 +02:00,18234.36,15664.61
02.04.2026 00:00:00 +02:00,17556.32,15267.74
02.04.2026 01:00:00 +02:00,17310.37,14958.68
02.04.2026 02:00:00 +02:00,17061.60,14822.11
02.04.2026 03:00:00 +02:00,16966.05,14757.18
02.04.2026 04:00:00 +02:00,17147.68,14807.92
02.04.2026 05:00:00 +02:00,18163.71,14911.93
02.04.2026 06:00:00 +02:00,19674.52,15206.60
02.04.2026 07:00:00 +02:00,20821.30,15529.90
02.04.2026 08:00:00 +02:00,20998.75,15899.57
02.04.2026 09:00:00 +02:00,19819.95,16154.98
02.04.2026 10:00:00 +02:00,17465.01,16275.45
02.04.2026 11:00:00 +02:00,16077.28,16280.51
02.04.2026 12:00:00 +02:00,14739.87,16239.26
02.04.2026 13:00:00 +02:00,14539.43,16176.22
02.04.2026 14:00:00 +02:00,14093.48,16185.98
02.04.2026 15:00:00 +02:00,14934.63,15175.66
02.04.2026 16:00:00 +02:00,15355.19,16329.93
02.04.2026 17:00:00 +02:00,17418.21,16306.92
02.04.2026 18:00:00 +02:00,20399.19,16424.78
02.04.2026 19:00:00 +02:00,21330.59,16618.70
02.04.2026 20:00:00 +02:00,20870.39,16745.99
02.04.2026 21:00:00 +02:00,20079.23,16673.08
02.04.2026 22:00:00 +02:00,18546.49,16506.39
02.04.2026 23:00:00 +02:00,17558.98,16254.65
03.04.2026 00:00:00 +02:00,16908.69,15974.56
03.04.2026 01:00:00 +02:00,15978.13,15712.65
03.04.2026 02:00:00 +02:00,15255.90,15578.06
03.04.2026 03:00:00 +02:00,14987.60,15594.41
03.04.2026 04:00:00 +02:00,14868.41,15663.68
03.04.2026 05:00:00 +02:00,15591.16,15826.06
03.04.2026 06:00:00 +02:00,16547.00,16215.12
03.04.2026 07:00:00 +02:00,18149.31,16500.28
03.04.2026 08:00:00 +02:00,18651.42,16768.64
03.04.2026 09:00:00 +02:00,17001.31,16795.24
03.04.2026 10:00:00 +02:00,14054.07,16805.86
03.04.2026 11:00:00 +02:00,12746.02,16677.44
03.04.2026 12:00:00 +02:00,11611.53,16530.13
03.04.2026 13:00:00 +02:00,11686.08,16485.75
03.04.2026 14:00:00 +02:00,12096.21,16468.80
03.04.2026 15:00:00 +02:00,12230.25,16577.02
03.04.2026 16:00:00 +02:00,12429.08,16704.02
03.04.2026 17:00:00 +02:00,14130.52,16755.38
03.04.2026 18:00:00 +02:00,15380.94,16794.62
03.04.2026 19:00:00 +02:00,15489.31,16818.25
03.04.2026 20:00:00 +02:00,15414.89,16959.46
03.04.2026 21:00:00 +02:00,14513.18,16848.22
03.04.2026 22:00:00 +02:00,13925.29,16634.68
03.04.2026 23:00:00 +02:00,12855.90,16386.37
04.04.2026 00:00:00 +02:00,10976.88,15986.46
04.04.2026 01:00:00 +02:00,10310.82,15820.30
04.04.2026 02:00:00 +02:00,10074.18,15700.69
04.04.2026 03:00:00 +02:00,9952.92,15552.24
04.04.2026 04:00:00 +02:00,10247.13,15474.12
04.04.2026 05:00:00 +02:00,10512.55,15425.22
04.04.2026 06:00:00 +02:00,11389.66,15574.56
04.04.2026 07:00:00 +02:00,11973.75,15781.86
04.04.2026 08:00:00 +02:00,12718.14,16139.91
04.04.2026 09:00:00 +02:00,13252.65,16362.85
04.04.2026 10:00:00 +02:00,12910.67,16303.44
04.04.2026 11:00:00 +02:00,11877.88,15965.87
04.04.2026 12:00:00 +02:00,11368.85,15725.77
04.04.2026 13:00:00 +02:00,10807.45,15480.07
04.04.2026 14:00:00 +02:00,10629.04,15358.93
04.04.2026 15:00:00 +02:00,10250.91,15316.76
04.04.2026 16:00:00 +02:00,10268.74,15393.58
04.04.2026 17:00:00 +02:00,10711.99,15515.66
04.04.2026 18:00:00 +02:00,13166.36,15709.96
04.04.2026 19:00:00 +02:00,15863.96,15964.13
04.04.2026 20:00:00 +02:00,16076.29,16207.60
04.04.2026 21:00:00 +02:00,13875.57,16201.27
04.04.2026 22:00:00 +02:00,11513.01,15976.17
04.04.2026 23:00:00 +02:00,10626.14,15740.17
05.04.2026 00:00:00 +02:00,11229.48,15524.96
05.04.2026 01:00:00 +02:00,11190.63,15311.18
05.04.2026 02:00:00 +02:00,10998.29,15155.95
05.04.2026 03:00:00 +02:00,10847.70,15073.68
05.04.2026 04:00:00 +02:00,10816.38,15039.66
05.04.2026 05:00:00 +02:00,10751.68,15065.82
05.04.2026 06:00:00 +02:00,11008.52,15155.68
05.04.2026 07:00:00 +02:00,11314.13,15382.84
05.04.2026 08:00:00 +02:00,11692.84,15838.01
05.04.2026 09:00:00 +02:00,11905.74,16295.13
05.04.2026 10:00:00 +02:00,12224.19,16542.08
05.04.2026 11:00:00 +02:00,12445.42,16498.82
05.04.2026 12:00:00 +02:00,12201.71,16479.63
05.04.2026 13:00:00 +02:00,11918.82,16589.33
05.04.2026 14:00:00 +02:00,12052.21,16622.34
05.04.2026 15:00:00 +02:00,12050.15,16642.26
05.04.2026 16:00:00 +02:00,11767.44,16420.67
05.04.2026 17:00:00 +02:00,11422.15,16303.60
05.04.2026 18:00:00 +02:00,11522.69,16351.04
05.04.2026 19:00:00 +02:00,11246.32,16502.99
05.04.2026 20:00:00 +02:00,11690.75,16636.34
05.04.2026 21:00:00 +02:00,12480.95,16603.63
05.04.2026 22:00:00 +02:00,12303.15,16345.73
05.04.2026 23:00:00 +02:00,12463.96,16047.47
06.04.2026 00:00:00 +02:00,11998.55,15741.16
06.04.2026 01:00:00 +02:00,11651.39,15461.91
06.04.2026 02:00:00 +02:00,11355.94,15251.92
06.04.2026 03:00:00 +02:00,11330.25,15150.94
06.04.2026 04:00:00 +02:00,11415.51,15249.66
06.04.2026 05:00:00 +02:00,11557.91,15354.97
06.04.2026 06:00:00 +02:00,11634.74,15519.15
06.04.2026 07:00:00 +02:00,11924.09,15740.78
06.04.2026 08:00:00 +02:00,12049.12,16040.55
06.04.2026 09:00:00 +02:00,12224.64,16201.64
06.04.2026 10:00:00 +02:00,11984.16,16153.17
06.04.2026 11:00:00 +02:00,12107.10,16059.02
06.04.2026 12:00:00 +02:00,11948.88,15857.08
06.04.2026 13:00:00 +02:00,11911.57,15662.25
06.04.2026 14:00:00 +02:00,11655.10,15575.41
06.04.2026 15:00:00 +02:00,11530.03,15547.32
06.04.2026 16:00:00 +02:00,11647.02,15539.76
06.04.2026 17:00:00 +02:00,11940.94,15496.54
06.04.2026 18:00:00 +02:00,12213.70,15676.18
06.04.2026 19:00:00 +02:00,14747.33,15960.77
06.04.2026 20:00:00 +02:00,15921.49,16317.13
06.04.2026 21:00:00 +02:00,15681.04,16424.74
06.04.2026 22:00:00 +02:00,15617.65,16252.18
06.04.2026 23:00:00 +02:00,14579.47,15899.64
07.04.2026 00:00:00 +02:00,13385.40,15608.80
07.04.2026 01:00:00 +02:00,12355.45,15424.30
07.04.2026 02:00:00 +02:00,12312.57,15411.21
07.04.2026 03:00:00 +02:00,12327.81,15459.83
07.04.2026 04:00:00 +02:00,12614.07,15524.26
07.04.2026 05:00:00 +02:00,14409.31,15912.89
07.04.2026 06:00:00 +02:00,17521.12,16991.58
07.04.2026 07:00:00 +02:00,18741.88,18102.00
07.04.2026 08:00:00 +02:00,17006.13,18211.85
07.04.2026 09:00:00 +02:00,14050.14,17727.93
07.04.2026 10:00:00 +02:00,12081.59,17277.86
07.04.2026 11:00:00 +02:00,11042.92,16918.31
07.04.2026 12:00:00 +02:00,10207.99,16552.95
07.04.2026 13:00:00 +02:00,9829.58,16189.14
07.04.2026 14:00:00 +02:00,8973.04,16035.51
07.04.2026 15:00:00 +02:00,8972.24,16023.58
07.04.2026 16:00:00 +02:00,9579.44,16088.31
07.04.2026 17:00:00 +02:00,11915.01,15930.98
07.04.2026 18:00:00 +02:00,16222.39,15922.82
07.04.2026 19:00:00 +02:00,19114.93,16242.92
07.04.2026 20:00:00 +02:00,19781.70,16673.83
07.04.2026 21:00:00 +02:00,19835.76,16856.17
07.04.2026 22:00:00 +02:00,19013.45,16656.44
07.04.2026 23:00:00 +02:00,17309.74,16147.64
08.04.2026 00:00:00 +02:00,14571.37,15718.18
08.04.2026 01:00:00 +02:00,13919.22,15428.09
08.04.2026 02:00:00 +02:00,14013.02,15281.47
08.04.2026 03:00:00 +02:00,14307.04,15271.73
08.04.2026 04:00:00 +02:00,15440.51,15406.28
08.04.2026 05:00:00 +02:00,17789.04,15814.29
08.04.2026 06:00:00 +02:00,20538.92,16865.01
08.04.2026 07:00:00 +02:00,21239.85,17910.37
08.04.2026 08:00:00 +02:00,20105.00,17852.62
08.04.2026 09:00:00 +02:00,17822.41,17418.31
08.04.2026 10:00:00 +02:00,14360.61,16899.63
08.04.2026 11:00:00 +02:00,12796.79,16582.85
08.04.2026 12:00:00 +02:00,12196.38,16299.32
08.04.2026 13:00:00 +02:00,11880.74,16270.85
08.04.2026 14:00:00 +02:00,11554.77,16271.19
08.04.2026 15:00:00 +02:00,11705.99,16433.27
08.04.2026 16:00:00 +02:00,12428.78,16677.90
08.04.2026 17:00:00 +02:00,15965.58,16641.99
08.04.2026 18:00:00 +02:00,19411.96,16689.42
08.04.2026 19:00:00 +02:00,20857.34,16783.01
08.04.2026 20:00:00 +02:00,21179.86,16984.68
08.04.2026 21:00:00 +02:00,20360.90,16943.16
08.04.2026 22:00:00 +02:00,18064.47,16569.58
08.04.2026 23:00:00 +02:00,15415.40,15931.32
09.04.2026 00:00:00 +02:00,13628.89,15323.11
09.04.2026 01:00:00 +02:00,12966.68,14899.88
09.04.2026 02:00:00 +02:00,12739.77,14665.48
09.04.2026 03:00:00 +02:00,12954.57,14568.73
09.04.2026 04:00:00 +02:00,12981.09,14624.93
09.04.2026 05:00:00 +02:00,14917.34,14878.96
09.04.2026 06:00:00 +02:00,17702.19,15791.37
09.04.2026 07:00:00 +02:00,19305.66,16940.21
09.04.2026 08:00:00 +02:00,18279.42,17158.87
09.04.2026 09:00:00 +02:00,15778.25,16931.51
09.04.2026 10:00:00 +02:00,13461.98,16659.02
09.04.2026 11:00:00 +02:00,12208.79,16404.14
09.04.2026 12:00:00 +02:00,12082.22,16200.54
09.04.2026 13:00:00 +02:00,12007.70,16151.92
09.04.2026 14:00:00 +02:00,11703.65,16152.88
09.04.2026 15:00:00 +02:00,11647.83,16247.43
09.04.2026 16:00:00 +02:00,12320.84,16453.72
09.04.2026 17:00:00 +02:00,13448.36,16471.54
09.04.2026 18:00:00 +02:00,15527.90,16382.56
09.04.2026 19:00:00 +02:00,17273.92,16461.50
09.04.2026 20:00:00 +02:00,17087.95,16599.68
09.04.2026 21:00:00 +02:00,15161.74,16610.86
09.04.2026 22:00:00 +02:00,13492.68,16323.08
09.04.2026 23:00:00 +02:00,11916.33,15871.61
10.04.2026 00:00:00 +02:00,11152.40,15328.85
10.04.2026 01:00:00 +02:00,10680.91,15004.84
10.04.2026 02:00:00 +02:00,10391.91,14802.86
10.04.2026 03:00:00 +02:00,10521.47,14742.79
10.04.2026 04:00:00 +02:00,10652.07,14823.82
10.04.2026 05:00:00 +02:00,12093.71,15188.18
10.04.2026 06:00:00 +02:00,14923.19,16201.06
10.04.2026 07:00:00 +02:00,18187.18,17383.12
10.04.2026 08:00:00 +02:00,19077.70,17608.55
10.04.2026 09:00:00 +02:00,18843.87,17415.86
10.04.2026 10:00:00 +02:00,17289.88,17132.32
10.04.2026 11:00:00 +02:00,16263.19,16962.66
10.04.2026 12:00:00 +02:00,14867.76,16747.53
10.04.2026 13:00:00 +02:00,14150.08,16562.50
10.04.2026 14:00:00 +02:00,13421.41,16463.95
10.04.2026 15:00:00 +02:00,13926.76,16465.33
10.04.2026 16:00:00 +02:00,15539.29,16559.85
10.04.2026 17:00:00 +02:00,18558.79,16611.02
10.04.2026 18:00:00 +02:00,19859.09,16659.14
10.04.2026 19:00:00 +02:00,20211.00,16754.28
10.04.2026 20:00:00 +02:00,19657.87,16780.67
10.04.2026 21:00:00 +02:00,19114.19,16738.94
10.04.2026 22:00:00 +02:00,18441.39,16436.18
10.04.2026 23:00:00 +02:00,18080.98,16089.79
11.04.2026 00:00:00 +02:00,17011.01,15671.76
11.04.2026 01:00:00 +02:00,15799.40,15290.69
11.04.2026 02:00:00 +02:00,14461.07,15133.81
11.04.2026 03:00:00 +02:00,13737.96,15083.87
11.04.2026 04:00:00 +02:00,13197.04,15078.67
11.04.2026 05:00:00 +02:00,13262.93,15137.27
11.04.2026 06:00:00 +02:00,13503.84,15332.10
11.04.2026 07:00:00 +02:00,12956.90,15604.21
11.04.2026 08:00:00 +02:00,11938.82,15952.78
11.04.2026 09:00:00 +02:00,10430.38,16077.82
11.04.2026 10:00:00 +02:00,10387.03,15896.42
11.04.2026 11:00:00 +02:00,10566.44,15682.92
11.04.2026 12:00:00 +02:00,10216.88,15466.06
11.04.2026 13:00:00 +02:00,10250.82,15288.92
11.04.2026 14:00:00 +02:00,10078.56,15172.48
11.04.2026 15:00:00 +02:00,10143.56,15210.75
11.04.2026 16:00:00 +02:00,10406.09,15269.93
11.04.2026 17:00:00 +02:00,10861.33,15419.63
11.04.2026 18:00:00 +02:00,11508.69,15574.61
11.04.2026 19:00:00 +02:00,12003.88,15700.93
11.04.2026 20:00:00 +02:00,11948.86,15764.21
11.04.2026 21:00:00 +02:00,11583.35,15758.99
11.04.2026 22:00:00 +02:00,10961.80,15609.71
11.04.2026 23:00:00 +02:00,10302.42,15368.03
12.04.2026 00:00:00 +02:00,11180.05,15080.04
12.04.2026 01:00:00 +02:00,11263.78,14855.59
12.04.2026 02:00:00 +02:00,11110.82,14711.80
12.04.2026 03:00:00 +02:00,10658.01,14669.38
12.04.2026 04:00:00 +02:00,11714.19,14680.68
12.04.2026 05:00:00 +02:00,12332.85,14796.66
12.04.2026 06:00:00 +02:00,12022.62,14988.86
12.04.2026 07:00:00 +02:00,11475.10,15120.29
12.04.2026 08:00:00 +02:00,10950.08,15401.98
12.04.2026 09:00:00 +02:00,11483.81,15702.29
12.04.2026 10:00:00 +02:00,10779.33,15841.99
12.04.2026 11:00:00 +02:00,10643.33,15802.25
12.04.2026 12:00:00 +02:00,10879.76,15736.38
12.04.2026 13:00:00 +02:00,10881.06,15770.58
12.04.2026 14:00:00 +02:00,10610.31,15847.78
12.04.2026 15:00:00 +02:00,10834.64,16032.64
12.04.2026 16:00:00 +02:00,12346.20,16042.85
12.04.2026 17:00:00 +02:00,14795.98,16148.96
12.04.2026 18:00:00 +02:00,17740.10,16249.09
12.04.2026 19:00:00 +02:00,18919.04,16330.18
12.04.2026 20:00:00 +02:00,18844.74,16469.55
12.04.2026 21:00:00 +02:00,19112.68,16487.50
12.04.2026 22:00:00 +02:00,19070.13,16239.27
12.04.2026 23:00:00 +02:00,18517.04,15749.31
13.04.2026 00:00:00 +02:00,17825.10,15303.90
13.04.2026 01:00:00 +02:00,16680.03,15102.21
13.04.2026 02:00:00 +02:00,16512.88,15011.90
13.04.2026 03:00:00 +02:00,16963.79,14953.49
13.04.2026 04:00:00 +02:00,17743.42,15020.49
13.04.2026 05:00:00 +02:00,18406.63,15274.74
13.04.2026 06:00:00 +02:00,21125.59,16270.58
13.04.2026 07:00:00 +02:00,21750.39,17257.07
13.04.2026 08:00:00 +02:00,21099.88,17402.20
13.04.2026 09:00:00 +02:00,20290.06,17111.61
13.04.2026 10:00:00 +02:00,19231.15,16696.30
13.04.2026 11:00:00 +02:00,17630.27,16425.59
13.04.2026 12:00:00 +02:00,16912.74,16328.65
13.04.2026 13:00:00 +02:00,16424.96,16321.08
13.04.2026 14:00:00 +02:00,16348.23,16319.40
13.04.2026 15:00:00 +02:00,16422.61,16359.64
13.04.2026 16:00:00 +02:00,16886.55,16465.02
13.04.2026 17:00:00 +02:00,18137.32,16346.95
13.04.2026 18:00:00 +02:00,19431.62,16272.64
13.04.2026 19:00:00 +02:00,19463.60,16280.20
13.04.2026 20:00:00 +02:00,19263.21,16387.02
13.04.2026 21:00:00 +02:00,18912.92,16388.24
13.04.2026 22:00:00 +02:00,18151.07,16008.56
13.04.2026 23:00:00 +02:00,16848.58,15417.18
14.04.2026 00:00:00 +02:00,14981.28,14921.61
14.04.2026 01:00:00 +02:00,14142.95,14583.28
14.04.2026 02:00:00 +02:00,13749.77,14438.86
14.04.2026 03:00:00 +02:00,13337.14,14392.72
14.04.2026 04:00:00 +02:00,13439.14,14422.48
14.04.2026 05:00:00 +02:00,14988.75,14720.31
14.04.2026 06:00:00 +02:00,18914.68,15651.51
14.04.2026 07:00:00 +02:00,19979.25,16819.24
14.04.2026 08:00:00 +02:00,20226.34,17253.78
14.04.2026 09:00:00 +02:00,20081.11,17178.52
14.04.2026 10:00:00 +02:00,17954.30,16940.94
14.04.2026 11:00:00 +02:00,15614.36,16832.11
14.04.2026 12:00:00 +02:00,14399.61,16644.42
14.04.2026 13:00:00 +02:00,14035.33,16593.98
14.04.2026 14:00:00 +02:00,14363.22,16650.57
14.04.2026 15:00:00 +02:00,14896.81,16786.62
14.04.2026 16:00:00 +02:00,16351.88,16892.24
14.04.2026 17:00:00 +02:00,18862.90,16894.07
14.04.2026 18:00:00 +02:00,19876.28,16791.49
14.04.2026 19:00:00 +02:00,19771.82,16707.12
14.04.2026 20:00:00 +02:00,19084.83,16841.38
14.04.2026 21:00:00 +02:00,19011.98,16832.05
14.04.2026 22:00:00 +02:00,18675.22,16480.62
14.04.2026 23:00:00 +02:00,18040.68,15913.11
15.04.2026 00:00:00 +02:00,16812.32,15394.87
15.04.2026 01:00:00 +02:00,15548.46,15042.78
15.04.2026 02:00:00 +02:00,14435.29,14829.20
15.04.2026 03:00:00 +02:00,14254.33,14723.68
15.04.2026 04:00:00 +02:00,14738.08,14776.50
15.04.2026 05:00:00 +02:00,16732.13,15136.54
15.04.2026 06:00:00 +02:00,18739.26,16092.70
15.04.2026 07:00:00 +02:00,19632.19,17056.89
15.04.2026 08:00:00 +02:00,18711.90,17106.96
15.04.2026 09:00:00 +02:00,17007.24,16749.10
15.04.2026 10:00:00 +02:00,14841.73,16459.15
15.04.2026 11:00:00 +02:00,13691.79,16265.14
15.04.2026 12:00:00 +02:00,13096.91,15993.53
15.04.2026 13:00:00 +02:00,12722.54,15803.34
15.04.2026 14:00:00 +02:00,12530.86,15674.45
15.04.2026 15:00:00 +02:00,13432.43,15667.73
15.04.2026 16:00:00 +02:00,15145.97,15909.44
15.04.2026 17:00:00 +02:00,17544.02,15884.82
15.04.2026 18:00:00 +02:00,18842.97,15853.28
15.04.2026 19:00:00 +02:00,19631.86,16021.90
15.04.2026 20:00:00 +02:00,19744.79,16226.80
15.04.2026 21:00:00 +02:00,19805.12,16242.87
15.04.2026 22:00:00 +02:00,19140.77,15976.76
15.04.2026 23:00:00 +02:00,17154.47,15404.46
16.04.2026 00:00:00 +02:00,15394.54,14934.93
16.04.2026 01:00:00 +02:00,14584.11,14546.30
16.04.2026 02:00:00 +02:00,14336.52,14423.25
16.04.2026 03:00:00 +02:00,14253.90,14388.09
16.04.2026 04:00:00 +02:00,14477.90,14450.56
16.04.2026 05:00:00 +02:00,15880.51,14724.42
16.04.2026 06:00:00 +02:00,18811.92,15605.18
16.04.2026 07:00:00 +02:00,19897.92,16644.28
16.04.2026 08:00:00 +02:00,19533.60,16751.33
16.04.2026 09:00:00 +02:00,17109.71,16357.30
16.04.2026 10:00:00 +02:00,15466.15,15994.66
16.04.2026 11:00:00 +02:00,14166.43,15845.83
16.04.2026 12:00:00 +02:00,13473.53,15598.27
16.04.2026 13:00:00 +02:00,13147.00,15452.16
16.04.2026 14:00:00 +02:00,12919.37,15203.64
16.04.2026 15:00:00 +02:00,13847.77,15416.87
16.04.2026 16:00:00 +02:00,14712.70,15621.93
16.04.2026 17:00:00 +02:00,16294.63,15698.91
16.04.2026 18:00:00 +02:00,18798.51,15699.94
16.04.2026 19:00:00 +02:00,19915.61,15790.42
16.04.2026 20:00:00 +02:00,20102.38,15933.48
16.04.2026 21:00:00 +02:00,19922.74,16021.70
16.04.2026 22:00:00 +02:00,19081.13,15726.61
16.04.2026 23:00:00 +02:00,17809.09,15188.12
17.04.2026 00:00:00 +02:00,16813.24,14630.81
17.04.2026 01:00:00 +02:00,16168.74,14246.76
17.04.2026 02:00:00 +02:00,15777.69,14092.91
17.04.2026 03:00:00 +02:00,15274.81,13980.63
17.04.2026 04:00:00 +02:00,15059.84,14057.74
17.04.2026 05:00:00 +02:00,16504.50,14404.92
17.04.2026 06:00:00 +02:00,17983.88,15304.04
17.04.2026 07:00:00 +02:00,18914.49,16300.54
17.04.2026 08:00:00 +02:00,17409.94,16365.65
17.04.2026 09:00:00 +02:00,15288.31,16080.83
17.04.2026 10:00:00 +02:00,12994.60,15489.76
17.04.2026 11:00:00 +02:00,11768.68,15334.26
17.04.2026 12:00:00 +02:00,10996.95,15111.88
17.04.2026 13:00:00 +02:00,10827.85,14961.96
17.04.2026 14:00:00 +02:00,10736.45,14947.02
17.04.2026 15:00:00 +02:00,10988.80,14863.00
17.04.2026 16:00:00 +02:00,12275.65,14935.60
17.04.2026 17:00:00 +02:00,14108.77,14953.31
17.04.2026 18:00:00 +02:00,17292.08,15079.22
17.04.2026 19:00:00 +02:00,18350.58,15097.94
17.04.2026 20:00:00 +02:00,18535.65,15105.65
17.04.2026 21:00:00 +02:00,18091.93,15146.73
17.04.2026 22:00:00 +02:00,17559.87,14952.72
17.04.2026 23:00:00 +02:00,16544.37,14510.48
18.04.2026 00:00:00 +02:00,15900.53,14235.96
18.04.2026 01:00:00 +02:00,15761.17,13870.10
18.04.2026 02:00:00 +02:00,15649.17,13598.64
18.04.2026 03:00:00 +02:00,15506.42,13470.42
18.04.2026 04:00:00 +02:00,15382.23,13427.18
18.04.2026 05:00:00 +02:00,15607.71,13482.18
18.04.2026 06:00:00 +02:00,15354.63,13530.98
18.04.2026 07:00:00 +02:00,14984.45,13850.89
18.04.2026 08:00:00 +02:00,13437.25,14296.16
18.04.2026 09:00:00 +02:00,12126.68,14734.50
18.04.2026 10:00:00 +02:00,10720.22,14833.95
18.04.2026 11:00:00 +02:00,10097.38,14869.29
18.04.2026 12:00:00 +02:00,9790.77,14764.34
18.04.2026 13:00:00 +02:00,9950.68,14636.70
18.04.2026 14:00:00 +02:00,10443.40,14568.66
18.04.2026 15:00:00 +02:00,10809.71,14574.13
18.04.2026 16:00:00 +02:00,11736.36,14643.54
18.04.2026 17:00:00 +02:00,13834.27,14739.36
18.04.2026 18:00:00 +02:00,17364.57,14801.26
18.04.2026 19:00:00 +02:00,18843.56,14831.07
18.04.2026 20:00:00 +02:00,19311.84,14715.37
18.04.2026 21:00:00 +02:00,18703.77,14734.16
18.04.2026 22:00:00 +02:00,17579.52,14452.85
18.04.2026 23:00:00 +02:00,16873.56,14135.55
19.04.2026 00:00:00 +02:00,15567.39,13802.66
19.04.2026 01:00:00 +02:00,14800.78,13532.68
19.04.2026 02:00:00 +02:00,14661.02,13345.36
19.04.2026 03:00:00 +02:00,14452.43,13325.32
19.04.2026 04:00:00 +02:00,14478.64,13322.15
19.04.2026 05:00:00 +02:00,14554.37,13344.88
19.04.2026 06:00:00 +02:00,14206.35,13374.76
19.04.2026 07:00:00 +02:00,13731.84,13609.78
19.04.2026 08:00:00 +02:00,13273.92,14020.24
19.04.2026 09:00:00 +02:00,12622.14,14467.91
19.04.2026 10:00:00 +02:00,11187.69,14697.42
19.04.2026 11:00:00 +02:00,10427.36,14856.35
19.04.2026 12:00:00 +02:00,10202.74,14885.64
19.04.2026 13:00:00 +02:00,10546.38,14924.90
19.04.2026 14:00:00 +02:00,10187.73,14927.17
19.04.2026 15:00:00 +02:00,10429.17,15019.82
19.04.2026 16:00:00 +02:00,10966.17,15088.96
19.04.2026 17:00:00 +02:00,13857.46,15171.94
19.04.2026 18:00:00 +02:00,15512.45,15294.17
19.04.2026 19:00:00 +02:00,16931.68,15364.04
19.04.2026 20:00:00 +02:00,17591.99,15397.95
19.04.2026 21:00:00 +02:00,18005.93,15479.91
19.04.2026 22:00:00 +02:00,16999.69,15145.73
19.04.2026 23:00:00 +02:00,15861.93,14740.97
20.04.2026 00:00:00 +02:00,15377.52,14366.81
20.04.2026 01:00:00 +02:00,14671.98,14118.00
20.04.2026 02:00:00 +02:00,14733.34,13989.42
20.04.2026 03:00:00 +02:00,14982.35,13956.99
20.04.2026 04:00:00 +02:00,15216.42,14025.68
20.04.2026 05:00:00 +02:00,16493.54,14399.46
20.04.2026 06:00:00 +02:00,18979.51,15340.33
20.04.2026 07:00:00 +02:00,19492.91,16364.06
20.04.2026 08:00:00 +02:00,19255.15,16427.69
20.04.2026 09:00:00 +02:00,16791.41,16056.49
20.04.2026 10:00:00 +02:00,14115.40,15660.73
20.04.2026 11:00:00 +02:00,12676.50,15283.19
20.04.2026 12:00:00 +02:00,12047.88,15045.41
20.04.2026 13:00:00 +02:00,11816.61,14790.27
20.04.2026 14:00:00 +02:00,11522.58,14661.73
20.04.2026 15:00:00 +02:00,12129.75,14666.84
20.04.2026 16:00:00 +02:00,12791.87,14773.27
20.04.2026 17:00:00 +02:00,14366.70,14626.31
20.04.2026 18:00:00 +02:00,16154.96,14637.68
20.04.2026 19:00:00 +02:00,18101.73,14901.74
20.04.2026 20:00:00 +02:00,18250.98,15153.24
20.04.2026 21:00:00 +02:00,17752.00,15477.62
20.04.2026 22:00:00 +02:00,16712.01,15310.16
20.04.2026 23:00:00 +02:00,14824.14,14732.51
21.04.2026 00:00:00 +02:00,14491.83,14289.06
21.04.2026 01:00:00 +02:00,14034.30,13995.71
21.04.2026 02:00:00 +02:00,13931.87,13866.72
21.04.2026 03:00:00 +02:00,13881.97,13837.67
21.04.2026 04:00:00 +02:00,14038.46,13895.95
21.04.2026 05:00:00 +02:00,14619.39,14146.06
21.04.2026 06:00:00 +02:00,16277.63,15120.56
21.04.2026 07:00:00 +02:00,17447.30,16048.53
21.04.2026 08:00:00 +02:00,17548.30,16061.80
21.04.2026 09:00:00 +02:00,14776.32,15718.72
21.04.2026 10:00:00 +02:00,11741.33,15370.94
21.04.2026 11:00:00 +02:00,10062.36,14978.30
21.04.2026 12:00:00 +02:00,9478.51,14708.84
21.04.2026 13:00:00 +02:00,9216.08,14539.98
21.04.2026 14:00:00 +02:00,9036.94,14265.48
21.04.2026 15:00:00 +02:00,9017.29,14509.26
21.04.2026 16:00:00 +02:00,9548.73,14730.97
21.04.2026 17:00:00 +02:00,11517.33,14709.57
21.04.2026 18:00:00 +02:00,14463.31,14713.74
21.04.2026 19:00:00 +02:00,16518.73,14908.28
21.04.2026 20:00:00 +02:00,17115.05,15180.91
21.04.2026 21:00:00 +02:00,16856.60,15398.95
21.04.2026 22:00:00 +02:00,16175.65,15251.30
21.04.2026 23:00:00 +02:00,14976.34,14681.85
22.04.2026 00:00:00 +02:00,14412.26,14114.38
22.04.2026 01:00:00 +02:00,13806.45,13776.26
22.04.2026 02:00:00 +02:00,13608.69,13604.97
22.04.2026 03:00:00 +02:00,13470.81,13570.34
22.04.2026 04:00:00 +02:00,13774.94,13654.52
22.04.2026 05:00:00 +02:00,14313.23,13975.97
22.04.2026 06:00:00 +02:00,16241.63,14982.38
22.04.2026 07:00:00 +02:00,17971.20,16040.62
22.04.2026 08:00:00 +02:00,16884.60,16073.73
22.04.2026 09:00:00 +02:00,13723.15,15767.96
22.04.2026 10:00:00 +02:00,12031.79,15289.27
22.04.2026 11:00:00 +02:00,11210.76,15138.14
22.04.2026 12:00:00 +02:00,10595.59,14863.49
22.04.2026 13:00:00 +02:00,10144.36,14689.70
22.04.2026 14:00:00 +02:00,10132.59,14659.93
22.04.2026 15:00:00 +02:00,10132.39,14740.27
22.04.2026 16:00:00 +02:00,10060.56,14936.42
22.04.2026 17:00:00 +02:00,10909.93,14797.28
22.04.2026 18:00:00 +02:00,14548.82,14727.56
22.04.2026 19:00:00 +02:00,17280.47,14799.92
22.04.2026 20:00:00 +02:00,17900.97,15090.00
22.04.2026 21:00:00 +02:00,17619.23,15274.07
22.04.2026 22:00:00 +02:00,16941.33,15029.73
22.04.2026 23:00:00 +02:00,15810.17,14508.06
23.04.2026 00:00:00 +02:00,14445.80,13907.00
23.04.2026 01:00:00 +02:00,13613.99,13534.59
23.04.2026 02:00:00 +02:00,13820.22,13382.79
23.04.2026 03:00:00 +02:00,13574.61,13357.77
23.04.2026 04:00:00 +02:00,13774.91,13485.78
23.04.2026 05:00:00 +02:00,15020.64,13821.96
23.04.2026 06:00:00 +02:00,17889.17,14740.87
23.04.2026 07:00:00 +02:00,17928.50,15774.63
23.04.2026 08:00:00 +02:00,16458.99,15898.11
23.04.2026 09:00:00 +02:00,12721.92,15649.82
23.04.2026 10:00:00 +02:00,11237.49,15325.10
23.04.2026 11:00:00 +02:00,11141.66,15107.64
23.04.2026 12:00:00 +02:00,10972.79,14988.04
23.04.2026 13:00:00 +02:00,10756.10,14871.77
23.04.2026 14:00:00 +02:00,10787.17,14877.70
23.04.2026 15:00:00 +02:00,11303.73,14936.58
23.04.2026 16:00:00 +02:00,10844.70,15088.99
23.04.2026 17:00:00 +02:00,11464.73,15065.65
23.04.2026 18:00:00 +02:00,13991.98,15018.54
23.04.2026 19:00:00 +02:00,16879.25,15195.11
23.04.2026 20:00:00 +02:00,18577.14,15385.22
23.04.2026 21:00:00 +02:00,18110.04,15511.77
23.04.2026 22:00:00 +02:00,16885.44,15290.22
23.04.2026 23:00:00 +02:00,15451.70,14763.70
24.04.2026 00:00:00 +02:00,14872.62,14212.74
24.04.2026 01:00:00 +02:00,14436.01,13820.17
24.04.2026 02:00:00 +02:00,14396.20,13634.36
24.04.2026 03:00:00 +02:00,14321.57,13534.32
24.04.2026 04:00:00 +02:00,15151.16,13610.51
24.04.2026 05:00:00 +02:00,16265.60,13891.84
24.04.2026 06:00:00 +02:00,17953.27,14736.88
24.04.2026 07:00:00 +02:00,18943.63,15783.30
24.04.2026 08:00:00 +02:00,17580.22,15922.38
24.04.2026 09:00:00 +02:00,14166.95,15692.23
24.04.2026 10:00:00 +02:00,11617.04,15370.28
24.04.2026 11:00:00 +02:00,11457.37,15228.70
24.04.2026 12:00:00 +02:00,11232.15,15097.49
24.04.2026 13:00:00 +02:00,11243.53,15002.19
24.04.2026 14:00:00 +02:00,11433.66,14967.76
24.04.2026 15:00:00 +02:00,11504.42,14964.46
24.04.2026 16:00:00 +02:00,11533.16,14981.62
24.04.2026 17:00:00 +02:00,12853.45,14883.88
24.04.2026 18:00:00 +02:00,15924.95,14801.61
24.04.2026 19:00:00 +02:00,18395.65,14961.17
24.04.2026 20:00:00 +02:00,18250.87,14980.61
24.04.2026 21:00:00 +02:00,17988.21,15044.12
24.04.2026 22:00:00 +02:00,17536.84,14891.31
24.04.2026 23:00:00 +02:00,16583.11,14480.34
25.04.2026 00:00:00 +02:00,14448.82,14175.48
25.04.2026 01:00:00 +02:00,13253.34,13865.08
25.04.2026 02:00:00 +02:00,12837.39,13694.43
25.04.2026 03:00:00 +02:00,12693.99,13652.35
25.04.2026 04:00:00 +02:00,12511.23,13640.21
25.04.2026 05:00:00 +02:00,12576.86,13630.05
25.04.2026 06:00:00 +02:00,12304.51,13812.79
25.04.2026 07:00:00 +02:00,11923.13,14141.68
25.04.2026 08:00:00 +02:00,11213.04,14597.84
25.04.2026 09:00:00 +02:00,11455.10,14952.06
25.04.2026 10:00:00 +02:00,11442.50,15139.51
25.04.2026 11:00:00 +02:00,11510.32,15075.78
25.04.2026 12:00:00 +02:00,11553.77,14955.88
25.04.2026 13:00:00 +02:00,11477.36,14874.98
25.04.2026 14:00:00 +02:00,11490.06,14835.02
25.04.2026 15:00:00 +02:00,11358.26,14842.27
25.04.2026 16:00:00 +02:00,11305.81,14887.15
25.04.2026 17:00:00 +02:00,11308.01,14968.01
25.04.2026 18:00:00 +02:00,11422.51,15107.48
25.04.2026 19:00:00 +02:00,12393.57,15201.57
25.04.2026 20:00:00 +02:00,12779.46,15214.16
25.04.2026 21:00:00 +02:00,12499.17,15395.36
25.04.2026 22:00:00 +02:00,12425.59,15324.04
25.04.2026 23:00:00 +02:00,11916.12,15145.53
26.04.2026 00:00:00 +02:00,11738.69,14913.17
26.04.2026 01:00:00 +02:00,11865.89,14666.34
26.04.2026 02:00:00 +02:00,12294.94,14547.71
26.04.2026 03:00:00 +02:00,12588.77,14535.45
26.04.2026 04:00:00 +02:00,12901.55,14595.13
26.04.2026 05:00:00 +02:00,13250.56,14600.89
26.04.2026 06:00:00 +02:00,13363.23,14606.36
26.04.2026 07:00:00 +02:00,12360.16,14642.54
26.04.2026 08:00:00 +02:00,11264.33,14834.68
26.04.2026 09:00:00 +02:00,10699.03,15022.70
26.04.2026 10:00:00 +02:00,10675.92,15095.04
26.04.2026 11:00:00 +02:00,10925.16,14944.88
26.04.2026 12:00:00 +02:00,10685.06,14785.28
26.04.2026 13:00:00 +02:00,10499.31,14620.15
26.04.2026 14:00:00 +02:00,10625.88,14608.28
26.04.2026 15:00:00 +02:00,10796.26,14645.25
26.04.2026 16:00:00 +02:00,10876.71,14685.50
26.04.2026 17:00:00 +02:00,11784.35,14785.33
26.04.2026 18:00:00 +02:00,13949.60,14802.78
26.04.2026 19:00:00 +02:00,17425.92,15225.88
26.04.2026 20:00:00 +02:00,18471.95,15617.08
26.04.2026 21:00:00 +02:00,18820.32,15871.11
26.04.2026 22:00:00 +02:00,18576.37,15838.91
26.04.2026 23:00:00 +02:00,17934.49,15485.75
27.04.2026 00:00:00 +02:00,16671.75,15084.16
27.04.2026 01:00:00 +02:00,16142.07,14847.98
27.04.2026 02:00:00 +02:00,16151.99,14712.88
27.04.2026 03:00:00 +02:00,16269.02,14763.64
27.04.2026 04:00:00 +02:00,16501.36,14846.97
27.04.2026 05:00:00 +02:00,17563.98,15213.12
27.04.2026 06:00:00 +02:00,19397.76,16118.15
27.04.2026 07:00:00 +02:00,19704.83,17089.99
27.04.2026 08:00:00 +02:00,17953.80,17117.34
27.04.2026 09:00:00 +02:00,15126.81,16695.14
27.04.2026 10:00:00 +02:00,12684.99,16243.28
27.04.2026 11:00:00 +02:00,11470.69,16005.56
27.04.2026 12:00:00 +02:00,11268.19,15703.95
27.04.2026 13:00:00 +02:00,11064.48,15417.62
27.04.2026 14:00:00 +02:00,11299.25,15444.66
27.04.2026 15:00:00 +02:00,11312.68,15490.25
27.04.2026 16:00:00 +02:00,12316.55,15574.00
27.04.2026 17:00:00 +02:00,14746.23,15414.54
27.04.2026 18:00:00 +02:00,17247.56,15370.45
27.04.2026 19:00:00 +02:00,18578.28,15514.38
27.04.2026 20:00:00 +02:00,18833.96,15780.14
27.04.2026 21:00:00 +02:00,18793.19,16049.88
27.04.2026 22:00:00 +02:00,18256.39,15925.73
27.04.2026 23:00:00 +02:00,16579.72,15377.07
28.04.2026 00:00:00 +02:00,16170.57,14938.84
28.04.2026 01:00:00 +02:00,15360.92,14658.60
28.04.2026 02:00:00 +02:00,14680.81,14077.33
28.04.2026 03:00:00 +02:00,14753.83,14467.72
28.04.2026 04:00:00 +02:00,15499.11,14577.41
28.04.2026 05:00:00 +02:00,15568.27,14888.74
28.04.2026 06:00:00 +02:00,17331.82,15786.36
28.04.2026 07:00:00 +02:00,18370.32,16665.17
28.04.2026 08:00:00 +02:00,17369.52,16570.78
28.04.2026 09:00:00 +02:00,13501.59,16142.18
28.04.2026 10:00:00 +02:00,11174.19,15743.82
28.04.2026 11:00:00 +02:00,10662.85,15401.15
28.04.2026 12:00:00 +02:00,10701.54,15225.94
28.04.2026 13:00:00 +02:00,10535.31,15094.14
28.04.2026 14:00:00 +02:00,10771.33,15095.87
28.04.2026 15:00:00 +02:00,10735.12,15223.33
28.04.2026 16:00:00 +02:00,11080.20,15353.54
28.04.2026 17:00:00 +02:00,11609.90,15241.72
28.04.2026 18:00:00 +02:00,13518.58,15160.68
28.04.2026 19:00:00 +02:00,17347.23,15320.65
28.04.2026 20:00:00 +02:00,18828.47,15536.83
28.04.2026 21:00:00 +02:00,18258.73,15696.78
28.04.2026 22:00:00 +02:00,17322.50,15493.40
28.04.2026 23:00:00 +02:00,15455.96,14973.12
29.04.2026 00:00:00 +02:00,14840.74,14433.38
29.04.2026 01:00:00 +02:00,14459.03,14028.91
29.04.2026 02:00:00 +02:00,14241.80,13854.46
29.04.2026 03:00:00 +02:00,14586.81,13793.79
29.04.2026 04:00:00 +02:00,15247.82,13988.60
29.04.2026 05:00:00 +02:00,16677.21,14285.46
29.04.2026 06:00:00 +02:00,19825.04,15113.30
29.04.2026 07:00:00 +02:00,20173.74,15992.02
29.04.2026 08:00:00 +02:00,18419.49,15973.04
29.04.2026 09:00:00 +02:00,14507.46,15625.15
29.04.2026 10:00:00 +02:00,12569.25,15350.55
29.04.2026 11:00:00 +02:00,11809.85,15090.24
29.04.2026 12:00:00 +02:00,12305.27,14913.02
29.04.2026 13:00:00 +02:00,11462.60,14854.74
29.04.2026 14:00:00 +02:00,10984.24,14892.60
29.04.2026 15:00:00 +02:00,10565.76,14920.09
29.04.2026 16:00:00 +02:00,11323.03,15031.00
29.04.2026 17:00:00 +02:00,11872.75,14958.00
29.04.2026 18:00:00 +02:00,13622.67,14850.14
29.04.2026 19:00:00 +02:00,16805.47,15034.69
29.04.2026 20:00:00 +02:00,18692.67,15289.18
29.04.2026 21:00:00 +02:00,19025.37,15440.55
29.04.2026 22:00:00 +02:00,17840.95,15135.72
29.04.2026 23:00:00 +02:00,15910.96,14561.53
30.04.2026 00:00:00 +02:00,14594.19,13987.47
30.04.2026 01:00:00 +02:00,14329.47,13567.49
30.04.2026 02:00:00 +02:00,14053.91,13427.88
30.04.2026 03:00:00 +02:00,13707.81,13386.82
30.04.2026 04:00:00 +02:00,13967.59,13471.74
30.04.2026 05:00:00 +02:00,14637.66,13701.54
30.04.2026 06:00:00 +02:00,16668.35,14615.73
30.04.2026 07:00:00 +02:00,17071.83,15585.76
30.04.2026 08:00:00 +02:00,14474.63,15657.57
30.04.2026 09:00:00 +02:00,11845.97,15435.98
30.04.2026 10:00:00 +02:00,10178.64,15175.47
30.04.2026 11:00:00 +02:00,9542.75,14924.11
30.04.2026 12:00:00 +02:00,9195.72,14661.30
30.04.2026 13:00:00 +02:00,9303.92,14531.34
30.04.2026 14:00:00 +02:00,9209.73,14436.04
30.04.2026 15:00:00 +02:00,9299.91,14353.32
30.04.2026 16:00:00 +02:00,9718.36,14388.82
30.04.2026 17:00:00 +02:00,10397.41,14309.78
30.04.2026 18:00:00 +02:00,13469.20,14253.75
30.04.2026 19:00:00 +02:00,16766.62,14383.81
30.04.2026 20:00:00 +02:00,17964.67,14426.88
30.04.2026 21:00:00 +02:00,18056.92,14493.77
30.04.2026 22:00:00 +02:00,17434.95,14385.25
30.04.2026 23:00:00 +02:00,16107.27,14019.91
01.05.2026 00:00:00 +02:00,14773.93,13633.72
01.05.2026 01:00:00 +02:00,14258.46,13217.18
01.05.2026 02:00:00 +02:00,14234.61,12993.24
01.05.2026 03:00:00 +02:00,14367.60,12899.97
01.05.2026 04:00:00 +02:00,14184.32,12917.36
01.05.2026 05:00:00 +02:00,14222.83,12886.30
01.05.2026 06:00:00 +02:00,14157.06,13099.25
01.05.2026 07:00:00 +02:00,12292.46,13299.13
01.05.2026 08:00:00 +02:00,10601.52,13565.20
01.05.2026 09:00:00 +02:00,10129.76,13704.90
01.05.2026 10:00:00 +02:00,10174.10,13670.65
01.05.2026 11:00:00 +02:00,10322.72,13463.46
01.05.2026 12:00:00 +02:00,10600.47,13265.34
01.05.2026 13:00:00 +02:00,10529.06,13092.80
01.05.2026 14:00:00 +02:00,10355.94,12973.27
01.05.2026 15:00:00 +02:00,10152.69,12940.70
01.05.2026 16:00:00 +02:00,10096.97,12954.54
01.05.2026 17:00:00 +02:00,10606.69,12999.16
01.05.2026 18:00:00 +02:00,13004.21,13064.48
01.05.2026 19:00:00 +02:00,16578.73,13237.05
01.05.2026 20:00:00 +02:00,17493.45,13305.88
01.05.2026 21:00:00 +02:00,17095.47,13395.22
01.05.2026 22:00:00 +02:00,16222.16,13359.22
01.05.2026 23:00:00 +02:00,14373.96,13005.44
02.05.2026 00:00:00 +02:00,14400.90,12779.16
02.05.2026 01:00:00 +02:00,14162.53,12557.75
02.05.2026 02:00:00 +02:00,13204.80,12432.24
02.05.2026 03:00:00 +02:00,12532.70,12334.87
02.05.2026 04:00:00 +02:00,12581.03,12310.05
02.05.2026 05:00:00 +02:00,12811.32,12276.91
02.05.2026 06:00:00 +02:00,12394.17,12406.37
02.05.2026 07:00:00 +02:00,10978.18,12633.27
02.05.2026 08:00:00 +02:00,10202.03,13189.77
02.05.2026 09:00:00 +02:00,10319.10,13655.80
02.05.2026 10:00:00 +02:00,10480.26,13866.78
02.05.2026 11:00:00 +02:00,10536.68,13908.15
02.05.2026 12:00:00 +02:00,10577.52,13931.65
02.05.2026 13:00:00 +02:00,10846.07,13925.02
02.05.2026 14:00:00 +02:00,10843.38,13905.33
02.05.2026 15:00:00 +02:00,11004.01,13949.76
02.05.2026 16:00:00 +02:00,10711.02,14118.59
02.05.2026 17:00:00 +02:00,12499.14,14359.89
02.05.2026 18:00:00 +02:00,15969.13,14476.40
02.05.2026 19:00:00 +02:00,18223.08,14585.57
02.05.2026 20:00:00 +02:00,18399.81,14429.31
02.05.2026 21:00:00 +02:00,18057.64,14376.83
02.05.2026 22:00:00 +02:00,17455.96,14257.34
02.05.2026 23:00:00 +02:00,16564.74,13944.93
03.05.2026 00:00:00 +02:00,16302.38,13727.70
03.05.2026 01:00:00 +02:00,16118.17,13469.69
03.05.2026 02:00:00 +02:00,14942.01,13296.13
03.05.2026 03:00:00 +02:00,14779.32,13174.96
03.05.2026 04:00:00 +02:00,14438.41,13236.31
03.05.2026 05:00:00 +02:00,14798.79,13191.57
03.05.2026 06:00:00 +02:00,13865.46,13206.46
03.05.2026 07:00:00 +02:00,12322.38,13426.26
03.05.2026 08:00:00 +02:00,11266.11,13778.48
03.05.2026 09:00:00 +02:00,11262.78,14168.38
03.05.2026 10:00:00 +02:00,11476.45,14317.24
03.05.2026 11:00:00 +02:00,11172.48,14238.56
03.05.2026 12:00:00 +02:00,10803.56,14144.07
03.05.2026 13:00:00 +02:00,11062.26,14007.23
03.05.2026 14:00:00 +02:00,10870.71,13935.85
03.05.2026 15:00:00 +02:00,11368.80,13908.70
03.05.2026 16:00:00 +02:00,12209.38,13990.02
03.05.2026 17:00:00 +02:00,14587.14,14050.96
03.05.2026 18:00:00 +02:00,17805.56,14333.72
03.05.2026 19:00:00 +02:00,19472.79,14639.78
03.05.2026 20:00:00 +02:00,19613.64,14861.56
03.05.2026 21:00:00 +02:00,19520.61,15006.45
03.05.2026 22:00:00 +02:00,19235.97,14896.60
03.05.2026 23:00:00 +02:00,18031.05,14466.81
04.05.2026 00:00:00 +02:00,17574.76,14032.27
04.05.2026 01:00:00 +02:00,16345.50,13619.97
04.05.2026 02:00:00 +02:00,16587.06,13445.26
04.05.2026 03:00:00 +02:00,15552.97,13358.46
04.05.2026 04:00:00 +02:00,16044.33,13483.86
04.05.2026 05:00:00 +02:00,17743.95,13682.63
04.05.2026 06:00:00 +02:00,19714.11,14623.44
04.05.2026 07:00:00 +02:00,19870.49,15648.03
04.05.2026 08:00:00 +02:00,19105.53,15852.01
04.05.2026 09:00:00 +02:00,17228.59,15611.71
04.05.2026 10:00:00 +02:00,15073.36,15380.00
04.05.2026 11:00:00 +02:00,13529.40,15166.50
04.05.2026 12:00:00 +02:00,12343.91,14929.48
04.05.2026 13:00:00 +02:00,12262.70,14924.70
04.05.2026 14:00:00 +02:00,12420.16,14972.20
04.05.2026 15:00:00 +02:00,13681.02,15167.69
04.05.2026 16:00:00 +02:00,15559.99,15220.81
04.05.2026 17:00:00 +02:00,17987.76,15186.80
04.05.2026 18:00:00 +02:00,18668.78,15222.05
04.05.2026 19:00:00 +02:00,19301.92,15388.76
04.05.2026 20:00:00 +02:00,19802.59,15545.56
04.05.2026 21:00:00 +02:00,19595.19,15616.47
04.05.2026 22:00:00 +02:00,18981.27,15535.88
04.05.2026 23:00:00 +02:00,18244.61,15083.62
05.05.2026 00:00:00 +02:00,17592.48,14635.60
05.05.2026 01:00:00 +02:00,16988.68,14356.86
05.05.2026 02:00:00 +02:00,16475.60,14227.36
05.05.2026 03:00:00 +02:00,16271.93,14291.96
05.05.2026 04:00:00 +02:00,16024.41,14401.84
05.05.2026 05:00:00 +02:00,16463.31,14600.41
05.05.2026 06:00:00 +02:00,18122.89,15550.00
05.05.2026 07:00:00 +02:00,18859.42,16459.90
05.05.2026 08:00:00 +02:00,18129.38,16398.09
05.05.2026 09:00:00 +02:00,16340.61,15984.24
05.05.2026 10:00:00 +02:00,14755.61,15852.21
05.05.2026 11:00:00 +02:00,14159.01,15730.64
05.05.2026 12:00:00 +02:00,13696.40,15495.33
05.05.2026 13:00:00 +02:00,13797.38,15276.49
05.05.2026 14:00:00 +02:00,14140.12,15384.28
05.05.2026 15:00:00 +02:00,14678.23,15453.97
05.05.2026 16:00:00 +02:00,15116.06,15582.50
05.05.2026 17:00:00 +02:00,17552.50,15506.39
05.05.2026 18:00:00 +02:00,19045.30,15478.66
05.05.2026 19:00:00 +02:00,19679.40,15570.94
05.05.2026 20:00:00 +02:00,19393.67,15750.87
05.05.2026 21:00:00 +02:00,19202.97,15977.65
05.05.2026 22:00:00 +02:00,18315.33,15992.40
05.05.2026 23:00:00 +02:00,15692.49,15500.75
06.05.2026 00:00:00 +02:00,14346.41,15000.60
06.05.2026 01:00:00 +02:00,13791.96,14704.72
06.05.2026 02:00:00 +02:00,13807.25,14571.63
06.05.2026 03:00:00 +02:00,13661.07,14554.74
06.05.2026 04:00:00 +02:00,13888.08,14641.41
06.05.2026 05:00:00 +02:00,14899.67,14796.99
06.05.2026 06:00:00 +02:00,17224.48,15631.70
06.05.2026 07:00:00 +02:00,17812.03,16400.55
06.05.2026 08:00:00 +02:00,17353.47,16316.49
06.05.2026 09:00:00 +02:00,15917.61,15887.51
06.05.2026 10:00:00 +02:00,14282.14,15587.37
06.05.2026 11:00:00 +02:00,13585.86,15208.73
06.05.2026 12:00:00 +02:00,13292.90,15143.66
06.05.2026 13:00:00 +02:00,13374.32,14959.61
06.05.2026 14:00:00 +02:00,13399.07,14884.39
06.05.2026 15:00:00 +02:00,14210.76,14996.50
06.05.2026 16:00:00 +02:00,14691.33,15120.67
06.05.2026 17:00:00 +02:00,16472.93,15006.77
06.05.2026 18:00:00 +02:00,18105.70,15068.36
06.05.2026 19:00:00 +02:00,19115.49,15206.45
06.05.2026 20:00:00 +02:00,18998.00,15462.13
06.05.2026 21:00:00 +02:00,18942.17,15627.00
06.05.2026 22:00:00 +02:00,18990.10,15610.62
06.05.2026 23:00:00 +02:00,18417.91,15231.59
07.05.2026 00:00:00 +02:00,17019.09,14723.38
07.05.2026 01:00:00 +02:00,15931.87,14405.25
07.05.2026 02:00:00 +02:00,15438.54,14264.58
07.05.2026 03:00:00 +02:00,15241.42,14184.02
07.05.2026 04:00:00 +02:00,15477.16,14377.73
07.05.2026 05:00:00 +02:00,16904.76,14639.48
07.05.2026 06:00:00 +02:00,18514.73,15474.34
07.05.2026 07:00:00 +02:00,18496.89,16297.65
07.05.2026 08:00:00 +02:00,18238.42,16220.99
07.05.2026 09:00:00 +02:00,17290.44,15826.20
07.05.2026 10:00:00 +02:00,15131.42,15380.42
07.05.2026 11:00:00 +02:00,13334.98,15041.20
07.05.2026 12:00:00 +02:00,12693.56,14865.87
07.05.2026 13:00:00 +02:00,12975.96,14758.56
07.05.2026 14:00:00 +02:00,13421.44,14721.43
07.05.2026 15:00:00 +02:00,14121.02,14757.94
07.05.2026 16:00:00 +02:00,15281.17,14911.06
07.05.2026 17:00:00 +02:00,16707.38,14881.99
07.05.2026 18:00:00 +02:00,18695.98,14868.51
07.05.2026 19:00:00 +02:00,19260.99,14987.84
07.05.2026 20:00:00 +02:00,19632.63,15167.90
07.05.2026 21:00:00 +02:00,19511.71,15325.06
07.05.2026 22:00:00 +02:00,19305.39,15318.87
07.05.2026 23:00:00 +02:00,18875.67,14947.56
08.05.2026 00:00:00 +02:00,17566.39,14465.27
08.05.2026 01:00:00 +02:00,16873.77,14195.72
08.05.2026 02:00:00 +02:00,16584.28,13986.71
08.05.2026 03:00:00 +02:00,16752.36,13953.42
08.05.2026 04:00:00 +02:00,17108.12,13968.08
08.05.2026 05:00:00 +02:00,17889.61,14045.70
08.05.2026 06:00:00 +02:00,19269.26,14927.19
08.05.2026 07:00:00 +02:00,19504.13,15809.79
08.05.2026 08:00:00 +02:00,18642.45,15876.49
08.05.2026 09:00:00 +02:00,15453.43,15532.02
08.05.2026 10:00:00 +02:00,13213.65,15038.55
08.05.2026 11:00:00 +02:00,12470.88,14847.60
08.05.2026 12:00:00 +02:00,12042.49,14739.08
08.05.2026 13:00:00 +02:00,11739.69,14616.50
08.05.2026 14:00:00 +02:00,12028.81,14564.86
08.05.2026 15:00:00 +02:00,12815.08,14606.86
08.05.2026 16:00:00 +02:00,13489.81,14622.66
08.05.2026 17:00:00 +02:00,15237.22,14642.15
08.05.2026 18:00:00 +02:00,17890.17,14679.30
08.05.2026 19:00:00 +02:00,19130.34,14764.08
08.05.2026 20:00:00 +02:00,19317.47,14699.79
08.05.2026 21:00:00 +02:00,18722.46,14635.88
08.05.2026 22:00:00 +02:00,17518.67,14539.27
08.05.2026 23:00:00 +02:00,16025.96,14219.27
09.05.2026 00:00:00 +02:00,15787.86,13837.72
09.05.2026 01:00:00 +02:00,15433.68,13476.36
09.05.2026 02:00:00 +02:00,15419.64,13252.66
09.05.2026 03:00:00 +02:00,15254.08,13153.56
09.05.2026 04:00:00 +02:00,15504.85,13162.72
09.05.2026 05:00:00 +02:00,15258.46,13041.98
09.05.2026 06:00:00 +02:00,15469.88,13108.79
09.05.2026 07:00:00 +02:00,14761.75,13333.04
09.05.2026 08:00:00 +02:00,13779.09,13715.58
09.05.2026 09:00:00 +02:00,11094.97,14140.95
09.05.2026 10:00:00 +02:00,9826.32,14230.47
09.05.2026 11:00:00 +02:00,9526.33,14159.90
09.05.2026 12:00:00 +02:00,9538.10,14141.28
09.05.2026 13:00:00 +02:00,9453.48,14042.35
09.05.2026 14:00:00 +02:00,9294.15,14054.14
09.05.2026 15:00:00 +02:00,9354.04,14028.01
09.05.2026 16:00:00 +02:00,10065.00,14129.62
09.05.2026 17:00:00 +02:00,12026.49,14247.13
09.05.2026 18:00:00 +02:00,15229.41,14386.00
09.05.2026 19:00:00 +02:00,17825.11,14300.40
09.05.2026 20:00:00 +02:00,18505.11,14353.47
09.05.2026 21:00:00 +02:00,17626.53,14253.46
09.05.2026 22:00:00 +02:00,16734.24,14271.43
09.05.2026 23:00:00 +02:00,15766.70,14027.40
10.05.2026 00:00:00 +02:00,15381.25,13706.47
10.05.2026 01:00:00 +02:00,14743.10,13430.90
10.05.2026 02:00:00 +02:00,14749.89,13320.00
10.05.2026 03:00:00 +02:00,14594.64,13238.44
10.05.2026 04:00:00 +02:00,14771.29,13207.14
10.05.2026 05:00:00 +02:00,14797.79,13137.73
10.05.2026 06:00:00 +02:00,13624.34,13198.07
10.05.2026 07:00:00 +02:00,11946.87,13411.32
10.05.2026 08:00:00 +02:00,10544.53,13782.88
10.05.2026 09:00:00 +02:00,10196.02,14170.72
10.05.2026 10:00:00 +02:00,10356.11,14364.38
10.05.2026 11:00:00 +02:00,10485.08,14311.80
10.05.2026 12:00:00 +02:00,10384.47,14241.60
10.05.2026 13:00:00 +02:00,10137.94,14076.68
10.05.2026 14:00:00 +02:00,9796.54,14034.97
10.05.2026 15:00:00 +02:00,9792.87,14058.04
10.05.2026 16:00:00 +02:00,9819.89,14230.67
10.05.2026 17:00:00 +02:00,11048.48,14379.45
10.05.2026 18:00:00 +02:00,13804.60,14531.53
10.05.2026 19:00:00 +02:00,16780.67,14723.42
10.05.2026 20:00:00 +02:00,17832.02,14949.40
10.05.2026 21:00:00 +02:00,17645.31,15032.24
10.05.2026 22:00:00 +02:00,16556.30,15019.88
10.05.2026 23:00:00 +02:00,15065.08,14683.06
11.05.2026 00:00:00 +02:00,13756.45,14309.83
11.05.2026 01:00:00 +02:00,12994.77,13997.04
11.05.2026 02:00:00 +02:00,13043.93,13931.48
11.05.2026 03:00:00 +02:00,13052.61,13892.33
11.05.2026 04:00:00 +02:00,12864.61,13973.66
11.05.2026 05:00:00 +02:00,14682.91,14137.50
11.05.2026 06:00:00 +02:00,17050.46,14946.24
11.05.2026 07:00:00 +02:00,17829.06,15928.24
11.05.2026 08:00:00 +02:00,17837.69,16047.76
11.05.2026 09:00:00 +02:00,17172.48,15790.09
11.05.2026 10:00:00 +02:00,15972.65,15498.60
11.05.2026 11:00:00 +02:00,14713.66,15278.97
11.05.2026 12:00:00 +02:00,14650.68,15115.43
11.05.2026 13:00:00 +02:00,14154.56,15002.11
11.05.2026 14:00:00 +02:00,13962.18,15078.86
11.05.2026 15:00:00 +02:00,13508.62,15117.99
11.05.2026 16:00:00 +02:00,13102.04,15240.24
11.05.2026 17:00:00 +02:00,15151.63,15170.98
11.05.2026 18:00:00 +02:00,16409.04,15155.93
11.05.2026 19:00:00 +02:00,17456.17,15195.00
11.05.2026 20:00:00 +02:00,17684.01,15306.70
11.05.2026 21:00:00 +02:00,17291.00,15357.72
11.05.2026 22:00:00 +02:00,15823.59,15268.22
11.05.2026 23:00:00 +02:00,13897.33,14828.15
12.05.2026 00:00:00 +02:00,12482.73,14339.05
12.05.2026 01:00:00 +02:00,11810.06,13985.78
12.05.2026 02:00:00 +02:00,11390.49,13885.35
12.05.2026 03:00:00 +02:00,11561.29,13829.76
12.05.2026 04:00:00 +02:00,11592.99,13904.52
12.05.2026 05:00:00 +02:00,12287.80,14090.92
12.05.2026 06:00:00 +02:00,13452.94,14899.10
12.05.2026 07:00:00 +02:00,14732.98,15490.22
12.05.2026 08:00:00 +02:00,14047.81,15591.08
12.05.2026 09:00:00 +02:00,13069.21,15196.02
12.05.2026 10:00:00 +02:00,12225.28,14884.62
12.05.2026 11:00:00 +02:00,12226.88,14645.39
12.05.2026 12:00:00 +02:00,11968.10,14553.19
12.05.2026 13:00:00 +02:00,11545.05,14516.15
12.05.2026 14:00:00 +02:00,12012.74,14646.63
12.05.2026 15:00:00 +02:00,11980.84,14748.58
12.05.2026 16:00:00 +02:00,12018.05,14905.40
12.05.2026 17:00:00 +02:00,12828.61,14906.04
12.05.2026 18:00:00 +02:00,13868.50,14879.98
12.05.2026 19:00:00 +02:00,17077.35,14961.92
12.05.2026 20:00:00 +02:00,19529.34,15178.56
12.05.2026 21:00:00 +02:00,19440.71,15264.02
12.05.2026 22:00:00 +02:00,18411.58,15129.32
12.05.2026 23:00:00 +02:00,16045.59,14664.72
13.05.2026 00:00:00 +02:00,14035.54,14119.60
13.05.2026 01:00:00 +02:00,13100.35,13810.36
13.05.2026 02:00:00 +02:00,12664.61,13636.60
13.05.2026 03:00:00 +02:00,12481.24,13607.33
13.05.2026 04:00:00 +02:00,12865.33,13577.60
13.05.2026 05:00:00 +02:00,13795.05,13733.56
13.05.2026 06:00:00 +02:00,16253.51,14562.00
13.05.2026 07:00:00 +02:00,17413.09,15575.44
13.05.2026 08:00:00 +02:00,16769.54,15662.98
13.05.2026 09:00:00 +02:00,15001.42,15367.14
13.05.2026 10:00:00 +02:00,13243.03,14990.77
13.05.2026 11:00:00 +02:00,12597.89,14879.49
13.05.2026 12:00:00 +02:00,12087.57,14719.96
13.05.2026 13:00:00 +02:00,11871.28,14670.79
13.05.2026 14:00:00 +02:00,11928.66,14725.24
13.05.2026 15:00:00 +02:00,12152.36,14632.48
13.05.2026 16:00:00 +02:00,12634.30,14720.28
13.05.2026 17:00:00 +02:00,14323.61,14682.30
13.05.2026 18:00:00 +02:00,16736.64,14664.04
13.05.2026 19:00:00 +02:00,18591.85,14747.76
13.05.2026 20:00:00 +02:00,19276.45,14813.86
13.05.2026 21:00:00 +02:00,19001.55,14863.84
13.05.2026 22:00:00 +02:00,17332.95,14775.82
13.05.2026 23:00:00 +02:00,14914.01,14399.86
14.05.2026 00:00:00 +02:00,14162.21,14005.32
14.05.2026 01:00:00 +02:00,13310.57,13648.19
14.05.2026 02:00:00 +02:00,13092.97,13335.17
14.05.2026 03:00:00 +02:00,12310.69,13236.17
14.05.2026 04:00:00 +02:00,12415.79,13270.09
14.05.2026 05:00:00 +02:00,12160.75,13254.84
14.05.2026 06:00:00 +02:00,12390.98,13509.32
14.05.2026 07:00:00 +02:00,12520.82,13891.76
14.05.2026 08:00:00 +02:00,12041.06,14315.83
14.05.2026 09:00:00 +02:00,11479.85,14707.08
14.05.2026 10:00:00 +02:00,11606.03,15078.21
14.05.2026 11:00:00 +02:00,11507.98,15079.66
14.05.2026 12:00:00 +02:00,11339.99,15215.24
14.05.2026 13:00:00 +02:00,11110.13,15117.92
14.05.2026 14:00:00 +02:00,11164.28,14988.76
14.05.2026 15:00:00 +02:00,11281.47,14984.51
14.05.2026 16:00:00 +02:00,11835.29,14972.90
14.05.2026 17:00:00 +02:00,13004.98,14907.64
14.05.2026 18:00:00 +02:00,15948.54,14838.85
14.05.2026 19:00:00 +02:00,18304.41,14877.06
14.05.2026 20:00:00 +02:00,19374.20,14978.29
14.05.2026 21:00:00 +02:00,19345.42,14896.13
14.05.2026 22:00:00 +02:00,18379.62,14828.16
14.05.2026 23:00:00 +02:00,17174.48,14563.22
15.05.2026 00:00:00 +02:00,16319.68,14173.74
15.05.2026 01:00:00 +02:00,15494.35,13831.69
15.05.2026 02:00:00 +02:00,15050.16,13666.29
15.05.2026 03:00:00 +02:00,14403.93,13633.24
15.05.2026 04:00:00 +02:00,14233.48,13631.22
15.05.2026 05:00:00 +02:00,14896.23,13778.80
15.05.2026 06:00:00 +02:00,15629.16,14341.04
15.05.2026 07:00:00 +02:00,15892.72,15032.34
15.05.2026 08:00:00 +02:00,15458.08,15303.49
15.05.2026 09:00:00 +02:00,13404.44,15249.33
15.05.2026 10:00:00 +02:00,12901.02,15188.06
15.05.2026 11:00:00 +02:00,12619.65,15049.07
15.05.2026 12:00:00 +02:00,12712.83,15097.98
15.05.2026 13:00:00 +02:00,12967.76,15050.59
15.05.2026 14:00:00 +02:00,12612.79,14971.01
15.05.2026 15:00:00 +02:00,11914.43,14641.73
15.05.2026 16:00:00 +02:00,11841.87,14587.45
15.05.2026 17:00:00 +02:00,13429.53,14519.34
15.05.2026 18:00:00 +02:00,16261.42,14501.19
15.05.2026 19:00:00 +02:00,18676.56,14521.73
15.05.2026 20:00:00 +02:00,19600.09,14497.92
15.05.2026 21:00:00 +02:00,19620.51,14367.96
15.05.2026 22:00:00 +02:00,19274.91,14308.70
15.05.2026 23:00:00 +02:00,18302.72,13955.81
16.05.2026 00:00:00 +02:00,16276.98,13624.62
16.05.2026 01:00:00 +02:00,14535.05,13249.05
16.05.2026 02:00:00 +02:00,13984.31,13025.26
16.05.2026 03:00:00 +02:00,13857.01,12910.89
16.05.2026 04:00:00 +02:00,13656.61,12842.27
16.05.2026 05:00:00 +02:00,13227.02,12709.88
16.05.2026 06:00:00 +02:00,12317.45,12822.75
16.05.2026 07:00:00 +02:00,11514.04,13048.14
16.05.2026 08:00:00 +02:00,11039.64,13478.44
16.05.2026 09:00:00 +02:00,10990.28,13837.42
16.05.2026 10:00:00 +02:00,11129.07,14096.56
16.05.2026 11:00:00 +02:00,11691.31,14188.00
16.05.2026 12:00:00 +02:00,11444.47,14147.04
16.05.2026 13:00:00 +02:00,11325.20,14052.40
16.05.2026 14:00:00 +02:00,11129.12,13955.01
16.05.2026 15:00:00 +02:00,10924.49,13919.78
16.05.2026 16:00:00 +02:00,11296.58,14031.59
16.05.2026 17:00:00 +02:00,11941.72,14255.92
16.05.2026 18:00:00 +02:00,13011.25,14236.80
16.05.2026 19:00:00 +02:00,15884.15,14311.12
16.05.2026 20:00:00 +02:00,17862.61,14294.76
16.05.2026 21:00:00 +02:00,18203.86,14230.39
16.05.2026 22:00:00 +02:00,17160.54,14080.58
16.05.2026 23:00:00 +02:00,15515.58,13747.04
17.05.2026 00:00:00 +02:00,14220.04,13348.98
17.05.2026 01:00:00 +02:00,12912.59,12979.31
17.05.2026 02:00:00 +02:00,12540.78,12730.58
17.05.2026 03:00:00 +02:00,12134.04,12580.42
17.05.2026 04:00:00 +02:00,11770.23,12527.32
17.05.2026 05:00:00 +02:00,11167.48,12482.48
17.05.2026 06:00:00 +02:00,11061.06,12669.13
17.05.2026 07:00:00 +02:00,10772.17,13207.37
17.05.2026 08:00:00 +02:00,10705.76,13760.03
17.05.2026 09:00:00 +02:00,10832.43,13843.06
17.05.2026 10:00:00 +02:00,10604.60,13534.23
17.05.2026 11:00:00 +02:00,10054.95,13230.58
17.05.2026 12:00:00 +02:00,9720.74,12977.29
17.05.2026 13:00:00 +02:00,9604.06,12777.13
17.05.2026 14:00:00 +02:00,9562.65,12685.60
17.05.2026 15:00:00 +02:00,9778.05,12692.14
17.05.2026 16:00:00 +02:00,10314.88,12663.31
17.05.2026 17:00:00 +02:00,12060.55,12717.03
17.05.2026 18:00:00 +02:00,15241.95,12954.33
17.05.2026 19:00:00 +02:00,17711.96,13213.70
17.05.2026 20:00:00 +02:00,18870.60,13448.28
17.05.2026 21:00:00 +02:00,18814.27,13580.57
17.05.2026 22:00:00 +02:00,18379.66,13644.33
17.05.2026 23:00:00 +02:00,17220.41,13465.10
18.05.2026 00:00:00 +02:00,15629.79,13243.74
18.05.2026 01:00:00 +02:00,14382.06,12991.95
18.05.2026 02:00:00 +02:00,14139.40,12840.54
18.05.2026 03:00:00 +02:00,14017.26,12733.64
18.05.2026 04:00:00 +02:00,14589.29,12776.21
18.05.2026 05:00:00 +02:00,16583.07,13018.46
18.05.2026 06:00:00 +02:00,19210.83,13854.45
18.05.2026 07:00:00 +02:00,19848.95,14835.92
18.05.2026 08:00:00 +02:00,18627.96,15009.80
18.05.2026 09:00:00 +02:00,14747.03,14918.10
18.05.2026 10:00:00 +02:00,13181.70,14826.08
18.05.2026 11:00:00 +02:00,12773.33,14611.74
18.05.2026 12:00:00 +02:00,12720.60,14602.05
18.05.2026 13:00:00 +02:00,12476.25,14505.55
18.05.2026 14:00:00 +02:00,12745.92,14477.34
18.05.2026 15:00:00 +02:00,12917.14,14587.86
18.05.2026 16:00:00 +02:00,13911.09,14708.37
18.05.2026 17:00:00 +02:00,16585.78,14617.20
18.05.2026 18:00:00 +02:00,18643.14,14500.86
18.05.2026 19:00:00 +02:00,19493.53,14431.43
18.05.2026 20:00:00 +02:00,19575.52,14454.17
18.05.2026 21:00:00 +02:00,19827.35,14405.60
18.05.2026 22:00:00 +02:00,18935.78,14145.53
18.05.2026 23:00:00 +02:00,17564.50,13701.56
19.05.2026 00:00:00 +02:00,17748.79,13184.36
19.05.2026 01:00:00 +02:00,17015.92,12850.11
19.05.2026 02:00:00 +02:00,16436.45,12680.83
19.05.2026 03:00:00 +02:00,15904.32,12612.41
19.05.2026 04:00:00 +02:00,15931.64,12650.96
19.05.2026 05:00:00 +02:00,16732.23,12831.41
19.05.2026 06:00:00 +02:00,17845.77,13651.37
19.05.2026 07:00:00 +02:00,18704.35,14569.34
19.05.2026 08:00:00 +02:00,17113.74,14626.32
19.05.2026 09:00:00 +02:00,14545.13,14314.10
19.05.2026 10:00:00 +02:00,12808.55,13995.30
19.05.2026 11:00:00 +02:00,11429.92,13914.52
19.05.2026 12:00:00 +02:00,10397.81,13663.17
19.05.2026 13:00:00 +02:00,10221.88,13747.48
19.05.2026 14:00:00 +02:00,10218.16,13800.82
19.05.2026 15:00:00 +02:00,10797.76,13921.07
19.05.2026 16:00:00 +02:00,12026.27,14085.52
19.05.2026 17:00:00 +02:00,14578.80,14014.02
19.05.2026 18:00:00 +02:00,17384.02,13989.32
19.05.2026 19:00:00 +02:00,18627.37,14038.22
19.05.2026 20:00:00 +02:00,18462.36,14096.38
19.05.2026 21:00:00 +02:00,18438.31,14076.46
19.05.2026 22:00:00 +02:00,17396.93,13941.80
19.05.2026 23:00:00 +02:00,15295.22,13479.56
20.05.2026 00:00:00 +02:00,14881.17,12920.64
20.05.2026 01:00:00 +02:00,14265.45,12626.67
20.05.2026 02:00:00 +02:00,13891.66,12444.24
20.05.2026 03:00:00 +02:00,13679.98,12215.32
20.05.2026 04:00:00 +02:00,13776.89,12058.37
20.05.2026 05:00:00 +02:00,15082.78,12124.40
20.05.2026 06:00:00 +02:00,17142.71,12859.49
20.05.2026 07:00:00 +02:00,17990.37,13777.10
20.05.2026 08:00:00 +02:00,17013.79,13867.58
20.05.2026 09:00:00 +02:00,14433.17,13747.92
20.05.2026 10:00:00 +02:00,12449.40,13580.41
20.05.2026 11:00:00 +02:00,12406.81,13450.12
20.05.2026 12:00:00 +02:00,12105.27,13466.61
20.05.2026 13:00:00 +02:00,11912.40,13363.98
20.05.2026 14:00:00 +02:00,11594.34,13456.05
20.05.2026 15:00:00 +02:00,12290.74,13585.68
20.05.2026 16:00:00 +02:00,12694.78,13731.89
20.05.2026 17:00:00 +02:00,13910.70,13652.40
20.05.2026 18:00:00 +02:00,17177.63,13665.24
20.05.2026 19:00:00 +02:00,19331.51,13799.35
20.05.2026 20:00:00 +02:00,20096.14,13857.89
20.05.2026 21:00:00 +02:00,19944.19,13768.33
20.05.2026 22:00:00 +02:00,19368.15,13646.36
20.05.2026 23:00:00 +02:00,18385.77,12984.91
21.05.2026 00:00:00 +02:00,17531.17,12344.86
21.05.2026 01:00:00 +02:00,16291.94,12240.18
21.05.2026 02:00:00 +02:00,15354.44,12075.38
21.05.2026 03:00:00 +02:00,15261.94,11988.76
21.05.2026 04:00:00 +02:00,15501.07,11948.54
21.05.2026 05:00:00 +02:00,16868.16,12131.38
21.05.2026 06:00:00 +02:00,18345.02,12961.26
21.05.2026 07:00:00 +02:00,19083.56,14018.80
21.05.2026 08:00:00 +02:00,18101.00,14338.34
21.05.2026 09:00:00 +02:00,14658.45,14273.98
21.05.2026 10:00:00 +02:00,12736.14,14151.03
21.05.2026 11:00:00 +02:00,12433.95,14002.49
21.05.2026 12:00:00 +02:00,12392.27,13753.50
21.05.2026 13:00:00 +02:00,12482.84,13789.72
21.05.2026 14:00:00 +02:00,12358.55,13752.71
21.05.2026 15:00:00 +02:00,12595.72,13870.18
21.05.2026 16:00:00 +02:00,13891.57,13965.97
21.05.2026 17:00:00 +02:00,15587.72,13900.38
21.05.2026 18:00:00 +02:00,18182.28,13927.81
21.05.2026 19:00:00 +02:00,20006.98,14108.33
21.05.2026 20:00:00 +02:00,20383.32,14154.22
21.05.2026 21:00:00 +02:00,20448.94,14194.69
21.05.2026 22:00:00 +02:00,20167.51,14167.96
21.05.2026 23:00:00 +02:00,19675.72,13756.17
22.05.2026 00:00:00 +02:00,19074.98,13271.87
22.05.2026 01:00:00 +02:00,18232.28,12900.10
22.05.2026 02:00:00 +02:00,17943.32,12667.66
22.05.2026 03:00:00 +02:00,17451.33,12503.91
22.05.2026 04:00:00 +02:00,17379.87,12428.37
22.05.2026 05:00:00 +02:00,17332.32,12547.72
22.05.2026 06:00:00 +02:00,18524.70,13313.67
22.05.2026 07:00:00 +02:00,19646.66,14261.48
22.05.2026 08:00:00 +02:00,18059.93,14459.04
22.05.2026 09:00:00 +02:00,15071.62,14257.68
22.05.2026 10:00:00 +02:00,13300.12,14143.08
22.05.2026 11:00:00 +02:00,13110.27,14045.36
22.05.2026 12:00:00 +02:00,12837.92,13853.96
22.05.2026 13:00:00 +02:00,12804.55,13882.15
22.05.2026 14:00:00 +02:00,12625.84,13819.92
22.05.2026 15:00:00 +02:00,12601.49,13760.68
22.05.2026 16:00:00 +02:00,13664.94,13840.20
22.05.2026 17:00:00 +02:00,15815.38,13848.30
22.05.2026 18:00:00 +02:00,19217.93,13771.75
22.05.2026 19:00:00 +02:00,19465.82,13785.38
22.05.2026 20:00:00 +02:00,19286.04,13692.71
22.05.2026 21:00:00 +02:00,19432.74,13549.39
22.05.2026 22:00:00 +02:00,19469.03,13467.01
22.05.2026 23:00:00 +02:00,18923.91,13151.28
23.05.2026 00:00:00 +02:00,17473.64,12696.80
23.05.2026 01:00:00 +02:00,17013.31,12304.60
23.05.2026 02:00:00 +02:00,16770.66,12084.78
23.05.2026 03:00:00 +02:00,16686.63,11871.40
23.05.2026 04:00:00 +02:00,16515.68,11673.64
23.05.2026 05:00:00 +02:00,16533.23,11576.86
23.05.2026 06:00:00 +02:00,16558.17,11713.21
23.05.2026 07:00:00 +02:00,15141.04,11968.20
23.05.2026 08:00:00 +02:00,13581.53,12395.56
23.05.2026 09:00:00 +02:00,11234.53,12802.53
23.05.2026 10:00:00 +02:00,11145.15,13133.17
23.05.2026 11:00:00 +02:00,10883.65,13276.88
23.05.2026 12:00:00 +02:00,10693.67,13311.30
23.05.2026 13:00:00 +02:00,10721.19,13235.76
23.05.2026 14:00:00 +02:00,10871.61,13025.06
23.05.2026 15:00:00 +02:00,10864.13,12979.07
23.05.2026 16:00:00 +02:00,11155.39,12977.60
23.05.2026 17:00:00 +02:00,12897.68,13058.58
23.05.2026 18:00:00 +02:00,15504.07,13068.83
23.05.2026 19:00:00 +02:00,17052.99,13097.24
23.05.2026 20:00:00 +02:00,17462.57,13043.18
23.05.2026 21:00:00 +02:00,17368.78,12937.87
23.05.2026 22:00:00 +02:00,17059.38,12859.87
23.05.2026 23:00:00 +02:00,17288.35,12721.08
24.05.2026 00:00:00 +02:00,16823.64,12486.71
24.05.2026 01:00:00 +02:00,16470.55,12194.78
24.05.2026 02:00:00 +02:00,16018.50,11976.88
24.05.2026 03:00:00 +02:00,15811.74,11904.50
24.05.2026 04:00:00 +02:00,15690.24,11810.19
24.05.2026 05:00:00 +02:00,15587.20,11704.11
24.05.2026 06:00:00 +02:00,15270.77,11740.59
24.05.2026 07:00:00 +02:00,14054.74,11856.53
24.05.2026 08:00:00 +02:00,11552.91,12140.48
24.05.2026 09:00:00 +02:00,10420.85,12499.02
24.05.2026 10:00:00 +02:00,10494.91,12626.05
24.05.2026 11:00:00 +02:00,10770.73,12720.45
24.05.2026 12:00:00 +02:00,10963.93,12707.32
24.05.2026 13:00:00 +02:00,11223.03,12667.16
24.05.2026 14:00:00 +02:00,11077.45,12646.86
24.05.2026 15:00:00 +02:00,10972.64,12728.00
24.05.2026 16:00:00 +02:00,10798.31,12849.87
24.05.2026 17:00:00 +02:00,11417.14,12861.82
24.05.2026 18:00:00 +02:00,14187.72,12936.58
24.05.2026 19:00:00 +02:00,17237.66,13124.23
24.05.2026 20:00:00 +02:00,18220.92,13194.45
24.05.2026 21:00:00 +02:00,17843.62,13145.07
24.05.2026 22:00:00 +02:00,17775.51,13107.20
24.05.2026 23:00:00 +02:00,17646.72,12890.10
25.05.2026 00:00:00 +02:00,17053.01,12558.93
25.05.2026 01:00:00 +02:00,16774.78,12239.22
25.05.2026 02:00:00 +02:00,16458.36,12021.49
25.05.2026 03:00:00 +02:00,16643.70,11876.77
25.05.2026 04:00:00 +02:00,16738.28,11808.64
25.05.2026 05:00:00 +02:00,16910.99,11770.30
25.05.2026 06:00:00 +02:00,17340.36,11944.42
25.05.2026 07:00:00 +02:00,16348.84,12143.63
25.05.2026 08:00:00 +02:00,13056.16,12561.81
25.05.2026 09:00:00 +02:00,11051.91,12960.22
25.05.2026 10:00:00 +02:00,11263.89,13269.96
25.05.2026 11:00:00 +02:00,11685.33,13414.36
25.05.2026 12:00:00 +02:00,11826.01,13432.79
25.05.2026 13:00:00 +02:00,11821.34,13491.81
25.05.2026 14:00:00 +02:00,11917.38,13515.41
25.05.2026 15:00:00 +02:00,11910.64,13514.92
25.05.2026 16:00:00 +02:00,11427.30,13468.88
25.05.2026 17:00:00 +02:00,12126.92,13441.18
25.05.2026 18:00:00 +02:00,15412.31,13458.73
25.05.2026 19:00:00 +02:00,19323.08,13641.04
25.05.2026 20:00:00 +02:00,20174.35,13742.28
25.05.2026 21:00:00 +02:00,20291.92,13671.94
25.05.2026 22:00:00 +02:00,19602.21,13509.40
25.05.2026 23:00:00 +02:00,18586.04,13162.83
26.05.2026 00:00:00 +02:00,17374.05,12773.00
26.05.2026 01:00:00 +02:00,16352.01,12456.46
26.05.2026 02:00:00 +02:00,16228.57,12311.10
26.05.2026 03:00:00 +02:00,16234.02,12236.32
26.05.2026 04:00:00 +02:00,16560.67,12138.17
26.05.2026 05:00:00 +02:00,17545.31,12322.76
26.05.2026 06:00:00 +02:00,19325.68,13283.50
26.05.2026 07:00:00 +02:00,19700.50,14333.61
26.05.2026 08:00:00 +02:00,17977.28,14655.15
26.05.2026 09:00:00 +02:00,14187.51,14619.06
26.05.2026 10:00:00 +02:00,12380.71,14472.31
26.05.2026 11:00:00 +02:00,12369.57,14388.71
26.05.2026 12:00:00 +02:00,12312.34,14164.79
26.05.2026 13:00:00 +02:00,12352.74,14160.83
26.05.2026 14:00:00 +02:00,12277.98,14079.87
26.05.2026 15:00:00 +02:00,12617.61,14091.74
26.05.2026 16:00:00 +02:00,12947.31,14255.41
26.05.2026 17:00:00 +02:00,14371.14,14183.59
26.05.2026 18:00:00 +02:00,16161.27,14169.12
26.05.2026 19:00:00 +02:00,17696.04,14239.28
26.05.2026 20:00:00 +02:00,18302.11,14329.66
26.05.2026 21:00:00 +02:00,18237.40,14352.63
26.05.2026 22:00:00 +02:00,17869.43,14252.64
26.05.2026 23:00:00 +02:00,16640.06,13844.52
27.05.2026 00:00:00 +02:00,15176.27,13203.10
27.05.2026 01:00:00 +02:00,14466.59,12867.70
27.05.2026 02:00:00 +02:00,14090.87,12590.20
27.05.2026 03:00:00 +02:00,13884.65,12541.52
27.05.2026 04:00:00 +02:00,13778.05,12479.62
27.05.2026 05:00:00 +02:00,14551.48,12587.65
27.05.2026 06:00:00 +02:00,15836.62,13374.20
27.05.2026 07:00:00 +02:00,16604.34,14194.69
27.05.2026 08:00:00 +02:00,15059.06,14327.37
27.05.2026 09:00:00 +02:00,13171.57,14277.79
27.05.2026 10:00:00 +02:00,12462.43,14218.00
27.05.2026 11:00:00 +02:00,12280.47,14146.35
27.05.2026 12:00:00 +02:00,12219.35,14079.57
27.05.2026 13:00:00 +02:00,12144.69,13961.53
27.05.2026 14:00:00 +02:00,12104.02,13920.50
27.05.2026 15:00:00 +02:00,12354.06,14007.69
27.05.2026 16:00:00 +02:00,12280.91,14113.86
27.05.2026 17:00:00 +02:00,12866.66,14036.53
27.05.2026 18:00:00 +02:00,14836.99,13952.45
27.05.2026 19:00:00 +02:00,16618.27,14063.36
27.05.2026 20:00:00 +02:00,18665.87,14236.82
27.05.2026 21:00:00 +02:00,19020.18,14288.49
27.05.2026 22:00:00 +02:00,18680.25,14241.24
27.05.2026 23:00:00 +02:00,17819.28,13857.22
28.05.2026 00:00:00 +02:00,17211.19,13333.45
28.05.2026 01:00:00 +02:00,16448.62,12941.92
28.05.2026 02:00:00 +02:00,16055.46,12767.48
28.05.2026 03:00:00 +02:00,15578.65,12646.00
28.05.2026 04:00:00 +02:00,15223.04,12669.89
28.05.2026 05:00:00 +02:00,15509.14,12848.10
28.05.2026 06:00:00 +02:00,17409.29,13655.29
28.05.2026 07:00:00 +02:00,17885.26,14497.73
28.05.2026 08:00:00 +02:00,16921.52,14660.96
28.05.2026 09:00:00 +02:00,14211.66,14447.61
28.05.2026 10:00:00 +02:00,11956.58,14156.82
28.05.2026 11:00:00 +02:00,11776.90,14145.46
28.05.2026 12:00:00 +02:00,11976.28,14063.21
28.05.2026 13:00:00 +02:00,11764.67,13990.53
28.05.2026 14:00:00 +02:00,11135.60,14041.15
28.05.2026 15:00:00 +02:00,11788.11,14131.15
28.05.2026 16:00:00 +02:00,12199.32,14259.85
28.05.2026 17:00:00 +02:00,15239.03,14189.37
28.05.2026 18:00:00 +02:00,17855.38,14186.76
28.05.2026 19:00:00 +02:00,19440.14,14289.04
28.05.2026 20:00:00 +02:00,19145.52,14440.06
28.05.2026 21:00:00 +02:00,19142.36,14478.74
28.05.2026 22:00:00 +02:00,19458.98,14384.30
28.05.2026 23:00:00 +02:00,18804.56,14049.95
29.05.2026 00:00:00 +02:00,18507.07,13480.22
29.05.2026 01:00:00 +02:00,17851.53,13023.81
29.05.2026 02:00:00 +02:00,17450.54,12820.09
29.05.2026 03:00:00 +02:00,17376.41,12690.59
29.05.2026 04:00:00 +02:00,17455.26,12656.87
29.05.2026 05:00:00 +02:00,18060.25,12767.38
29.05.2026 06:00:00 +02:00,18973.47,13511.19
29.05.2026 07:00:00 +02:00,19414.22,14436.67
29.05.2026 08:00:00 +02:00,17625.24,14586.62
29.05.2026 09:00:00 +02:00,14159.22,14491.99
29.05.2026 10:00:00 +02:00,12663.68,14321.65
29.05.2026 11:00:00 +02:00,12304.56,14181.54
29.05.2026 12:00:00 +02:00,12329.04,14146.57
29.05.2026 13:00:00 +02:00,12154.85,14062.90
29.05.2026 14:00:00 +02:00,12056.76,14076.56
29.05.2026 15:00:00 +02:00,12629.49,14080.26
29.05.2026 16:00:00 +02:00,14332.94,14195.71
29.05.2026 17:00:00 +02:00,17261.28,14274.80
29.05.2026 18:00:00 +02:00,19984.09,14249.03
29.05.2026 19:00:00 +02:00,20479.80,14198.71
29.05.2026 20:00:00 +02:00,20660.96,14098.48
29.05.2026 21:00:00 +02:00,19910.02,13857.38
29.05.2026 22:00:00 +02:00,19326.80,13694.16
29.05.2026 23:00:00 +02:00,19244.56,13390.56
30.05.2026 00:00:00 +02:00,18891.99,13073.42
30.05.2026 01:00:00 +02:00,18524.00,12665.76
30.05.2026 02:00:00 +02:00,17966.48,12374.32
30.05.2026 03:00:00 +02:00,17884.33,12189.11
30.05.2026 04:00:00 +02:00,17734.61,12001.86
30.05.2026 05:00:00 +02:00,17640.02,11947.90
30.05.2026 06:00:00 +02:00,17002.03,12006.44
30.05.2026 07:00:00 +02:00,16651.72,12347.92
30.05.2026 08:00:00 +02:00,14816.39,12783.84
30.05.2026 09:00:00 +02:00,13100.09,13124.35
30.05.2026 10:00:00 +02:00,12115.41,13260.55
30.05.2026 11:00:00 +02:00,11970.85,13244.93
30.05.2026 12:00:00 +02:00,11904.74,13094.35
30.05.2026 13:00:00 +02:00,11983.07,13081.65
30.05.2026 14:00:00 +02:00,12062.75,13055.51
30.05.2026 15:00:00 +02:00,12106.63,13013.64
30.05.2026 16:00:00 +02:00,12550.48,13038.94
30.05.2026 17:00:00 +02:00,14628.53,13163.11
30.05.2026 18:00:00 +02:00,17005.16,13258.23
30.05.2026 19:00:00 +02:00,18877.90,13274.63
30.05.2026 20:00:00 +02:00,19732.32,13217.22
30.05.2026 21:00:00 +02:00,19528.63,13131.26
30.05.2026 22:00:00 +02:00,19863.28,13042.14
30.05.2026 23:00:00 +02:00,19545.52,12869.18
31.05.2026 00:00:00 +02:00,19318.53,12616.19
31.05.2026 01:00:00 +02:00,19058.73,12289.23
31.05.2026 02:00:00 +02:00,18532.87,12061.34
31.05.2026 03:00:00 +02:00,18127.02,11961.80
31.05.2026 04:00:00 +02:00,17531.28,11829.66
31.05.2026 05:00:00 +02:00,17382.32,11735.56
31.05.2026 06:00:00 +02:00,17093.09,11724.58
31.05.2026 07:00:00 +02:00,15745.63,11827.33
31.05.2026 08:00:00 +02:00,14670.75,12119.31
31.05.2026 09:00:00 +02:00,12888.16,12418.98
31.05.2026 10:00:00 +02:00,12676.94,12638.10
31.05.2026 11:00:00 +02:00,12960.48,12612.78
31.05.2026 12:00:00 +02:00,13063.94,12651.26
31.05.2026 13:00:00 +02:00,13208.91,12728.94
31.05.2026 14:00:00 +02:00,13431.24,12816.34
31.05.2026 15:00:00 +02:00,13960.47,12994.10
31.05.2026 16:00:00 +02:00,15024.00,13193.07
31.05.2026 17:00:00 +02:00,16901.15,13443.46
31.05.2026 18:00:00 +02:00,19116.98,13554.58
31.05.2026 19:00:00 +02:00,20254.42,13707.05
31.05.2026 20:00:00 +02:00,20338.10,13780.04
31.05.2026 21:00:00 +02:00,20068.21,13651.68
31.05.2026 22:00:00 +02:00,19955.37,13488.65
31.05.2026 23:00:00 +02:00,19781.07,13127.09
01.06.2026 00:00:00 +02:00,19120.86,12698.91
01.06.2026 01:00:00 +02:00,18220.99,12332.20
01.06.2026 02:00:00 +02:00,18019.02,12100.74
01.06.2026 03:00:00 +02:00,17348.74,11949.40
01.06.2026 04:00:00 +02:00,17729.29,11892.26
01.06.2026 05:00:00 +02:00,18249.08,12093.16
01.06.2026 06:00:00 +02:00,19011.66,12876.82
01.06.2026 07:00:00 +02:00,19641.18,13875.48
01.06.2026 08:00:00 +02:00,19178.48,14192.26
01.06.2026 09:00:00 +02:00,18628.37,14222.01
01.06.2026 10:00:00 +02:00,17991.84,14254.52
01.06.2026 11:00:00 +02:00,16669.29,14199.36
01.06.2026 12:00:00 +02:00,15970.29,14153.90
01.06.2026 13:00:00 +02:00,15536.95,14055.86
01.06.2026 14:00:00 +02:00,15132.37,14017.91
01.06.2026 15:00:00 +02:00,15715.82,14067.60
01.06.2026 16:00:00 +02:00,16563.53,14148.46
01.06.2026 17:00:00 +02:00,17968.69,14131.11
01.06.2026 18:00:00 +02:00,19190.85,14081.13
01.06.2026 19:00:00 +02:00,19492.00,13997.72
01.06.2026 20:00:00 +02:00,19490.41,14025.48
01.06.2026 21:00:00 +02:00,19659.99,14021.84
01.06.2026 22:00:00 +02:00,19722.02,13838.98
01.06.2026 23:00:00 +02:00,19426.88,13408.42
02.06.2026 00:00:00 +02:00,18572.13,12749.93
02.06.2026 01:00:00 +02:00,17659.75,12309.69
02.06.2026 02:00:00 +02:00,17134.85,12100.42
02.06.2026 03:00:00 +02:00,16548.64,11954.42
02.06.2026 04:00:00 +02:00,16537.39,11816.28
02.06.2026 05:00:00 +02:00,17068.70,12013.44
02.06.2026 06:00:00 +02:00,18046.28,12826.44
02.06.2026 07:00:00 +02:00,18458.26,13685.87
02.06.2026 08:00:00 +02:00,17337.46,13900.89
02.06.2026 09:00:00 +02:00,15910.81,13838.11
02.06.2026 10:00:00 +02:00,14477.42,13801.72
02.06.2026 11:00:00 +02:00,13547.23,13739.22
02.06.2026 12:00:00 +02:00,13717.43,13717.54
02.06.2026 13:00:00 +02:00,13749.76,13643.38
02.06.2026 14:00:00 +02:00,14092.35,13811.82
02.06.2026 15:00:00 +02:00,15082.59,13912.16
02.06.2026 16:00:00 +02:00,16193.40,14029.53
02.06.2026 17:00:00 +02:00,18148.49,14035.64
02.06.2026 18:00:00 +02:00,19271.64,13965.56
02.06.2026 19:00:00 +02:00,19240.00,13934.92
02.06.2026 20:00:00 +02:00,19197.70,13943.54
02.06.2026 21:00:00 +02:00,19335.10,13813.61
02.06.2026 22:00:00 +02:00,18785.63,13555.30
02.06.2026 23:00:00 +02:00,17507.73,13102.55
03.06.2026 00:00:00 +02:00,16501.93,12559.41
03.06.2026 01:00:00 +02:00,16268.43,12189.53
03.06.2026 02:00:00 +02:00,15865.28,11888.48
03.06.2026 03:00:00 +02:00,15712.41,11745.28
03.06.2026 04:00:00 +02:00,15817.87,11630.31
03.06.2026 05:00:00 +02:00,15686.76,11812.49
03.06.2026 06:00:00 +02:00,18167.56,12617.65
03.06.2026 07:00:00 +02:00,18865.64,13577.34
03.06.2026 08:00:00 +02:00,18964.16,13831.31
03.06.2026 09:00:00 +02:00,17483.90,13870.80
03.06.2026 10:00:00 +02:00,16030.71,13773.37
03.06.2026 11:00:00 +02:00,13810.81,13594.33
03.06.2026 12:00:00 +02:00,12939.38,13632.76
03.06.2026 13:00:00 +02:00,12998.46,13684.44
03.06.2026 14:00:00 +02:00,12993.72,13795.72
03.06.2026 15:00:00 +02:00,12856.29,13907.17
03.06.2026 16:00:00 +02:00,13342.72,14052.28
03.06.2026 17:00:00 +02:00,15261.34,13911.45
03.06.2026 18:00:00 +02:00,17552.69,13904.37
03.06.2026 19:00:00 +02:00,18755.93,13989.56
03.06.2026 20:00:00 +02:00,19301.64,13918.68
03.06.2026 21:00:00 +02:00,18984.83,13833.05
03.06.2026 22:00:00 +02:00,17896.31,13581.20
03.06.2026 23:00:00 +02:00,15602.19,12987.62
04.06.2026 00:00:00 +02:00,13582.67,12419.90
04.06.2026 01:00:00 +02:00,13255.81,12050.13
04.06.2026 02:00:00 +02:00,13525.00,11862.02
04.06.2026 03:00:00 +02:00,13784.52,11696.78
04.06.2026 04:00:00 +02:00,13354.70,11630.70
04.06.2026 05:00:00 +02:00,13150.19,11775.38
04.06.2026 06:00:00 +02:00,13402.94,12533.88
04.06.2026 07:00:00 +02:00,13908.52,13447.72
04.06.2026 08:00:00 +02:00,13614.54,13773.51
04.06.2026 09:00:00 +02:00,12838.93,13805.88
04.06.2026 10:00:00 +02:00,12480.43,13719.39
04.06.2026 11:00:00 +02:00,12989.03,13686.49
04.06.2026 12:00:00 +02:00,12967.93,13661.38
04.06.2026 13:00:00 +02:00,12997.05,13680.54
04.06.2026 14:00:00 +02:00,12721.92,13704.96
04.06.2026 15:00:00 +02:00,12172.51,13762.86
04.06.2026 16:00:00 +02:00,12366.30,13931.00
04.06.2026 17:00:00 +02:00,13620.33,13833.24
04.06.2026 18:00:00 +02:00,14749.83,13756.97
04.06.2026 19:00:00 +02:00,16668.79,13761.69
04.06.2026 20:00:00 +02:00,17445.44,13785.90
04.06.2026 21:00:00 +02:00,17007.71,13678.30
04.06.2026 22:00:00 +02:00,16344.94,13517.55
04.06.2026 23:00:00 +02:00,14633.58,13138.17
05.06.2026 00:00:00 +02:00,13608.65,12680.71
05.06.2026 01:00:00 +02:00,13509.77,12197.32
05.06.2026 02:00:00 +02:00,13050.27,11958.71
05.06.2026 03:00:00 +02:00,12760.30,11806.96
05.06.2026 04:00:00 +02:00,12977.41,11742.48
05.06.2026 05:00:00 +02:00,13541.99,11907.29
05.06.2026 06:00:00 +02:00,15152.04,12704.21
05.06.2026 07:00:00 +02:00,16606.47,13704.27
05.06.2026 08:00:00 +02:00,17188.25,14042.14
05.06.2026 09:00:00 +02:00,15442.36,13941.50
05.06.2026 10:00:00 +02:00,14553.08,13948.72
05.06.2026 11:00:00 +02:00,13977.23,13909.11
05.06.2026 12:00:00 +02:00,13600.50,13858.39
05.06.2026 13:00:00 +02:00,12828.10,13680.52
05.06.2026 14:00:00 +02:00,12883.95,13639.35
05.06.2026 15:00:00 +02:00,12978.16,13543.06
05.06.2026 16:00:00 +02:00,13863.62,13606.68
05.06.2026 17:00:00 +02:00,15917.97,13577.46
05.06.2026 18:00:00 +02:00,17098.65,13572.33
05.06.2026 19:00:00 +02:00,17910.12,13611.94
05.06.2026 20:00:00 +02:00,18340.51,13534.98
05.06.2026 21:00:00 +02:00,18411.57,13335.60
05.06.2026 22:00:00 +02:00,17668.76,13154.50
05.06.2026 23:00:00 +02:00,16923.15,12910.29
06.06.2026 00:00:00 +02:00,17579.80,12605.22
06.06.2026 01:00:00 +02:00,17646.06,12255.15
06.06.2026 02:00:00 +02:00,17504.42,12023.49
06.06.2026 03:00:00 +02:00,16630.57,11854.56
06.06.2026 04:00:00 +02:00,17128.79,11661.32
06.06.2026 05:00:00 +02:00,16703.57,11603.08
06.06.2026 06:00:00 +02:00,16516.93,11735.54
06.06.2026 07:00:00 +02:00,15441.67,12009.09
06.06.2026 08:00:00 +02:00,13503.86,12412.88
06.06.2026 09:00:00 +02:00,12712.04,12799.66
06.06.2026 10:00:00 +02:00,12424.48,12870.44
06.06.2026 11:00:00 +02:00,12321.23,12870.50
06.06.2026 12:00:00 +02:00,12174.30,12754.77
06.06.2026 13:00:00 +02:00,11954.96,12595.72
06.06.2026 14:00:00 +02:00,11669.77,12538.36
06.06.2026 15:00:00 +02:00,11386.38,12525.20
06.06.2026 16:00:00 +02:00,12070.37,12545.82
06.06.2026 17:00:00 +02:00,15202.52,12706.99
06.06.2026 18:00:00 +02:00,17673.21,12798.63
06.06.2026 19:00:00 +02:00,18319.43,12845.90
06.06.2026 20:00:00 +02:00,18268.24,12822.82
06.06.2026 21:00:00 +02:00,18415.53,12759.78
06.06.2026 22:00:00 +02:00,17994.02,12687.24
06.06.2026 23:00:00 +02:00,16881.67,12563.97
07.06.2026 00:00:00 +02:00,15313.14,12275.91
07.06.2026 01:00:00 +02:00,14205.55,12033.48
07.06.2026 02:00:00 +02:00,13497.57,11848.62
07.06.2026 03:00:00 +02:00,12817.85,11683.11
07.06.2026 04:00:00 +02:00,12117.86,11548.95
07.06.2026 05:00:00 +02:00,11568.14,11505.52
07.06.2026 06:00:00 +02:00,10400.32,11424.55
07.06.2026 07:00:00 +02:00,9878.15,11579.59
07.06.2026 08:00:00 +02:00,10166.33,11829.51
07.06.2026 09:00:00 +02:00,10709.24,12136.68
07.06.2026 10:00:00 +02:00,10698.24,12392.73
07.06.2026 11:00:00 +02:00,10307.09,12409.00
07.06.2026 12:00:00 +02:00,10252.39,12432.76
07.06.2026 13:00:00 +02:00,10073.08,12333.51
07.06.2026 14:00:00 +02:00,10047.79,12373.51
07.06.2026 15:00:00 +02:00,10331.47,12419.82
07.06.2026 16:00:00 +02:00,10440.23,12607.34
07.06.2026 17:00:00 +02:00,10820.99,12799.10
07.06.2026 18:00:00 +02:00,12546.02,12991.20
07.06.2026 19:00:00 +02:00,16142.78,13179.85
07.06.2026 20:00:00 +02:00,17524.09,13305.46
07.06.2026 21:00:00 +02:00,18387.00,13243.03
07.06.2026 22:00:00 +02:00,18295.60,13109.48
07.06.2026 23:00:00 +02:00,18112.73,12864.41
08.06.2026 00:00:00 +02:00,17634.59,12399.50
08.06.2026 01:00:00 +02:00,17301.20,12052.40
08.06.2026 02:00:00 +02:00,17092.75,11817.06
08.06.2026 03:00:00 +02:00,16786.55,11711.71
08.06.2026 04:00:00 +02:00,16986.33,11611.39
08.06.2026 05:00:00 +02:00,17483.35,11806.04
08.06.2026 06:00:00 +02:00,17964.62,12602.04
08.06.2026 07:00:00 +02:00,18587.37,13565.02
08.06.2026 08:00:00 +02:00,17558.35,13853.20
08.06.2026 09:00:00 +02:00,15333.20,13893.33
08.06.2026 10:00:00 +02:00,13909.55,13827.99
08.06.2026 11:00:00 +02:00,13646.72,13776.82
08.06.2026 12:00:00 +02:00,14140.97,13788.37
08.06.2026 13:00:00 +02:00,14498.62,13704.79
08.06.2026 14:00:00 +02:00,14383.50,13832.20
08.06.2026 15:00:00 +02:00,15838.02,13970.23
08.06.2026 16:00:00 +02:00,17026.87,14124.20
08.06.2026 17:00:00 +02:00,18057.86,14073.40
08.06.2026 18:00:00 +02:00,18873.17,13990.00
08.06.2026 19:00:00 +02:00,19095.80,13991.94
08.06.2026 20:00:00 +02:00,19053.80,14010.43
08.06.2026 21:00:00 +02:00,18875.29,13922.48
08.06.2026 22:00:00 +02:00,18318.19,13674.45
08.06.2026 23:00:00 +02:00,17234.33,13239.69
09.06.2026 00:00:00 +02:00,16333.70,12640.12
09.06.2026 01:00:00 +02:00,15855.43,12303.38
09.06.2026 02:00:00 +02:00,15312.64,12045.66
09.06.2026 03:00:00 +02:00,15088.24,11912.49
09.06.2026 04:00:00 +02:00,14969.14,11825.41
09.06.2026 05:00:00 +02:00,15320.74,12014.01
09.06.2026 06:00:00 +02:00,16785.54,12839.09
09.06.2026 07:00:00 +02:00,17799.03,13854.14
09.06.2026 08:00:00 +02:00,17736.36,14173.13
09.06.2026 09:00:00 +02:00,15952.20,14186.15
09.06.2026 10:00:00 +02:00,14285.02,13833.00
09.06.2026 11:00:00 +02:00,13812.89,14080.70
09.06.2026 12:00:00 +02:00,13614.45,14220.80
09.06.2026 13:00:00 +02:00,13492.21,14289.46
09.06.2026 14:00:00 +02:00,13740.04,14311.95
09.06.2026 15:00:00 +02:00,13629.05,14343.80
09.06.2026 16:00:00 +02:00,13637.31,14369.68
09.06.2026 17:00:00 +02:00,14972.59,14395.97
09.06.2026 18:00:00 +02:00,17182.39,14265.86
09.06.2026 19:00:00 +02:00,18222.33,14287.21
09.06.2026 20:00:00 +02:00,19009.33,14238.27
09.06.2026 21:00:00 +02:00,18991.07,14152.92
09.06.2026 22:00:00 +02:00,18345.23,13953.96
09.06.2026 23:00:00 +02:00,17692.89,13526.24
10.06.2026 00:00:00 +02:00,16265.08,12815.31
10.06.2026 01:00:00 +02:00,15615.00,12427.40
10.06.2026 02:00:00 +02:00,15074.70,12237.70
10.06.2026 03:00:00 +02:00,15109.50,12119.96
10.06.2026 04:00:00 +02:00,14882.84,11998.18
10.06.2026 05:00:00 +02:00,15125.99,12112.72
10.06.2026 06:00:00 +02:00,15824.85,12892.18
10.06.2026 07:00:00 +02:00,16810.17,13781.10
10.06.2026 08:00:00 +02:00,16114.75,13903.69
10.06.2026 09:00:00 +02:00,15593.15,13886.74
10.06.2026 10:00:00 +02:00,14597.61,13605.18
10.06.2026 11:00:00 +02:00,14658.34,13829.31
10.06.2026 12:00:00 +02:00,14430.37,13973.59
10.06.2026 13:00:00 +02:00,14699.26,13927.42
10.06.2026 14:00:00 +02:00,14703.97,13794.43
10.06.2026 15:00:00 +02:00,15125.49,13683.91
10.06.2026 16:00:00 +02:00,16025.15,13723.87
10.06.2026 17:00:00 +02:00,16865.81,13656.91
10.06.2026 18:00:00 +02:00,18085.00,13550.50
10.06.2026 19:00:00 +02:00,18681.55,13530.48
10.06.2026 20:00:00 +02:00,18958.40,13622.04
10.06.2026 21:00:00 +02:00,19091.53,13654.45
10.06.2026 22:00:00 +02:00,18899.08,13551.26
10.06.2026 23:00:00 +02:00,18416.22,13207.89
11.06.2026 00:00:00 +02:00,18551.42,12795.75
11.06.2026 01:00:00 +02:00,17911.83,12521.48
11.06.2026 02:00:00 +02:00,17354.55,12347.82
11.06.2026 03:00:00 +02:00,16674.52,12192.52
11.06.2026 04:00:00 +02:00,16768.81,12040.82
11.06.2026 05:00:00 +02:00,17313.70,12173.06
11.06.2026 06:00:00 +02:00,18617.46,12891.56
11.06.2026 07:00:00 +02:00,19017.89,13696.40
11.06.2026 08:00:00 +02:00,18151.91,13797.20
11.06.2026 09:00:00 +02:00,16508.72,13568.33
11.06.2026 10:00:00 +02:00,15553.19,13327.27
11.06.2026 11:00:00 +02:00,15317.53,13508.80
11.06.2026 12:00:00 +02:00,15105.10,13595.50
11.06.2026 13:00:00 +02:00,14274.37,13381.83
11.06.2026 14:00:00 +02:00,13656.56,13425.86
11.06.2026 15:00:00 +02:00,14249.25,13489.37
11.06.2026 16:00:00 +02:00,15332.67,13681.65
11.06.2026 17:00:00 +02:00,16764.42,13636.65
11.06.2026 18:00:00 +02:00,18470.12,13587.97
11.06.2026 19:00:00 +02:00,18763.71,13732.35
11.06.2026 20:00:00 +02:00,18688.68,13865.32
11.06.2026 21:00:00 +02:00,18491.41,13770.91
11.06.2026 22:00:00 +02:00,18300.89,13616.34
11.06.2026 23:00:00 +02:00,17012.09,13295.75
12.06.2026 00:00:00 +02:00,16859.43,12936.66
12.06.2026 01:00:00 +02:00,15817.72,12452.06
12.06.2026 02:00:00 +02:00,15288.14,12312.75
12.06.2026 03:00:00 +02:00,15384.15,12220.91
12.06.2026 04:00:00 +02:00,15352.73,12068.58
12.06.2026 05:00:00 +02:00,15312.44,12131.70
12.06.2026 06:00:00 +02:00,16749.22,12873.26
12.06.2026 07:00:00 +02:00,18140.12,13807.68
12.06.2026 08:00:00 +02:00,18407.86,14154.53
12.06.2026 09:00:00 +02:00,18094.73,14098.43
12.06.2026 10:00:00 +02:00,17389.49,14002.56
12.06.2026 11:00:00 +02:00,16378.14,13939.88
12.06.2026 12:00:00 +02:00,15036.81,13938.05
12.06.2026 13:00:00 +02:00,14284.38,13896.65
12.06.2026 14:00:00 +02:00,13609.87,13990.65
12.06.2026 15:00:00 +02:00,12787.47,13946.37
12.06.2026 16:00:00 +02:00,13269.42,14041.09
12.06.2026 17:00:00 +02:00,14314.85,14012.74
12.06.2026 18:00:00 +02:00,15533.15,13932.57
12.06.2026 19:00:00 +02:00,15974.97,13842.56
12.06.2026 20:00:00 +02:00,17250.69,13691.38
12.06.2026 21:00:00 +02:00,17468.06,13495.53
12.06.2026 22:00:00 +02:00,16737.22,13286.88
12.06.2026 23:00:00 +02:00,16019.94,13012.20
13.06.2026 00:00:00 +02:00,14956.82,12689.06
13.06.2026 01:00:00 +02:00,14150.68,12348.03
13.06.2026 02:00:00 +02:00,13566.53,12091.57
13.06.2026 03:00:00 +02:00,13289.48,11930.90
13.06.2026 04:00:00 +02:00,13282.65,11769.35
13.06.2026 05:00:00 +02:00,12749.68,11652.66
13.06.2026 06:00:00 +02:00,11879.95,11823.64
13.06.2026 07:00:00 +02:00,10894.05,12135.94
13.06.2026 08:00:00 +02:00,10088.49,12584.17
13.06.2026 09:00:00 +02:00,10586.19,12893.20
13.06.2026 10:00:00 +02:00,10871.10,13039.83
13.06.2026 11:00:00 +02:00,11325.33,13114.14
13.06.2026 12:00:00 +02:00,11131.04,13010.42
13.06.2026 13:00:00 +02:00,10875.47,12886.23
13.06.2026 14:00:00 +02:00,10959.91,12832.39
13.06.2026 15:00:00 +02:00,10736.94,12757.52
13.06.2026 16:00:00 +02:00,10762.67,12763.72
13.06.2026 17:00:00 +02:00,11255.43,12865.46
13.06.2026 18:00:00 +02:00,11593.89,12899.30
13.06.2026 19:00:00 +02:00,12623.50,12910.83
13.06.2026 20:00:00 +02:00,14282.91,12812.18
13.06.2026 21:00:00 +02:00,14850.36,12664.24
13.06.2026 22:00:00 +02:00,15156.05,12545.89
13.06.2026 23:00:00 +02:00,14153.38,12436.41
14.06.2026 00:00:00 +02:00,13410.11,12211.89
14.06.2026 01:00:00 +02:00,12982.89,11969.14
14.06.2026 02:00:00 +02:00,12102.25,11704.62
14.06.2026 03:00:00 +02:00,12203.54,11564.44
14.06.2026 04:00:00 +02:00,12143.48,11427.22
14.06.2026 05:00:00 +02:00,11678.78,11361.35
14.06.2026 06:00:00 +02:00,11031.06,11408.23
14.06.2026 07:00:00 +02:00,10960.75,11486.72
14.06.2026 08:00:00 +02:00,10956.02,11749.95
14.06.2026 09:00:00 +02:00,11269.15,12075.27
14.06.2026 10:00:00 +02:00,11401.69,12238.98
14.06.2026 11:00:00 +02:00,11422.99,12329.84
14.06.2026 12:00:00 +02:00,11591.40,12370.78
14.06.2026 13:00:00 +02:00,11592.65,12260.64
14.06.2026 14:00:00 +02:00,12045.80,12321.73
14.06.2026 15:00:00 +02:00,12561.12,12461.36
14.06.2026 16:00:00 +02:00,12427.06,12596.94
14.06.2026 17:00:00 +02:00,12697.47,12725.98
14.06.2026 18:00:00 +02:00,12918.65,12917.47
14.06.2026 19:00:00 +02:00,14256.42,13027.78
14.06.2026 20:00:00 +02:00,15818.81,13136.06
14.06.2026 21:00:00 +02:00,16038.98,13116.07
14.06.2026 22:00:00 +02:00,16191.93,13041.44
14.06.2026 23:00:00 +02:00,15791.06,12756.98
15.06.2026 00:00:00 +02:00,14712.63,12339.58
15.06.2026 01:00:00 +02:00,14304.02,12043.04
15.06.2026 02:00:00 +02:00,14241.91,11855.48
15.06.2026 03:00:00 +02:00,14030.50,11739.80
15.06.2026 04:00:00 +02:00,14035.29,11661.84
15.06.2026 05:00:00 +02:00,14231.74,11870.90
15.06.2026 06:00:00 +02:00,15208.56,12659.34
15.06.2026 07:00:00 +02:00,16075.31,13607.10
15.06.2026 08:00:00 +02:00,15120.96,13894.82
15.06.2026 09:00:00 +02:00,13628.17,13803.30
15.06.2026 10:00:00 +02:00,13007.12,13707.24
15.06.2026 11:00:00 +02:00,12895.27,13610.15
15.06.2026 12:00:00 +02:00,12757.71,13520.01
15.06.2026 13:00:00 +02:00,12823.96,13588.21
15.06.2026 14:00:00 +02:00,13023.85,13649.22
15.06.2026 15:00:00 +02:00,12983.81,13588.92
15.06.2026 16:00:00 +02:00,13055.83,13629.05
15.06.2026 17:00:00 +02:00,13817.08,13450.24
15.06.2026 18:00:00 +02:00,15648.80,13373.60
15.06.2026 19:00:00 +02:00,17321.50,13539.61
15.06.2026 20:00:00 +02:00,18102.23,13712.85
15.06.2026 21:00:00 +02:00,18279.76,13706.25
15.06.2026 22:00:00 +02:00,18159.97,13554.64
15.06.2026 23:00:00 +02:00,17378.28,13165.11
16.06.2026 00:00:00 +02:00,16277.70,12612.08
16.06.2026 01:00:00 +02:00,15847.82,12247.00
16.06.2026 02:00:00 +02:00,15415.49,12012.69
16.06.2026 03:00:00 +02:00,15156.34,11856.80
16.06.2026 04:00:00 +02:00,14949.85,11683.73
16.06.2026 05:00:00 +02:00,15669.93,11908.76
16.06.2026 06:00:00 +02:00,16917.30,12648.58
16.06.2026 07:00:00 +02:00,17338.63,13554.46
16.06.2026 08:00:00 +02:00,17335.87,13803.50
16.06.2026 09:00:00 +02:00,16171.64,13599.72
16.06.2026 10:00:00 +02:00,15135.18,13475.74
16.06.2026 11:00:00 +02:00,14317.85,13367.20
16.06.2026 12:00:00 +02:00,13693.66,13296.17
16.06.2026 13:00:00 +02:00,13042.77,13130.62
16.06.2026 14:00:00 +02:00,13086.85,13316.65
16.06.2026 15:00:00 +02:00,13203.50,13352.99
16.06.2026 16:00:00 +02:00,13887.63,13486.22
16.06.2026 17:00:00 +02:00,15294.69,13426.58
16.06.2026 18:00:00 +02:00,16676.98,13352.86
16.06.2026 19:00:00 +02:00,17399.33,13457.66
16.06.2026 20:00:00 +02:00,17479.71,13576.29
16.06.2026 21:00:00 +02:00,17452.18,13514.41
16.06.2026 22:00:00 +02:00,17235.54,13356.75
16.06.2026 23:00:00 +02:00,16904.04,13220.23
17.06.2026 00:00:00 +02:00,15830.30,12808.51
17.06.2026 01:00:00 +02:00,15261.27,12433.96
17.06.2026 02:00:00 +02:00,15038.74,12189.69
17.06.2026 03:00:00 +02:00,14888.79,11990.27
17.06.2026 04:00:00 +02:00,14713.50,11880.04
17.06.2026 05:00:00 +02:00,14765.31,12007.29
17.06.2026 06:00:00 +02:00,15381.43,12611.07
17.06.2026 07:00:00 +02:00,15755.82,13359.80
17.06.2026 08:00:00 +02:00,14942.59,13539.62
17.06.2026 09:00:00 +02:00,13742.00,13391.00
17.06.2026 10:00:00 +02:00,13003.73,13336.96
17.06.2026 11:00:00 +02:00,12253.16,13263.50
17.06.2026 12:00:00 +02:00,12129.61,13222.73
17.06.2026 13:00:00 +02:00,12207.15,13259.88
17.06.2026 14:00:00 +02:00,12495.38,13456.40
17.06.2026 15:00:00 +02:00,12809.06,13628.88
17.06.2026 16:00:00 +02:00,13624.94,13952.52
17.06.2026 17:00:00 +02:00,14909.23,14038.01
17.06.2026 18:00:00 +02:00,15963.14,13945.18
17.06.2026 19:00:00 +02:00,17100.81,13928.96
17.06.2026 20:00:00 +02:00,17516.83,13943.34
17.06.2026 21:00:00 +02:00,17412.93,13785.10
17.06.2026 22:00:00 +02:00,16829.43,13423.98
17.06.2026 23:00:00 +02:00,16489.49,13089.53
18.06.2026 00:00:00 +02:00,15572.85,12528.35
18.06.2026 01:00:00 +02:00,14599.04,12166.53
18.06.2026 02:00:00 +02:00,13864.18,11959.74
18.06.2026 03:00:00 +02:00,13712.80,11816.25
18.06.2026 04:00:00 +02:00,13609.69,11753.76
18.06.2026 05:00:00 +02:00,14357.64,11949.70
18.06.2026 06:00:00 +02:00,15617.86,12502.63
18.06.2026 07:00:00 +02:00,15881.43,13171.92
18.06.2026 08:00:00 +02:00,15276.82,13773.73
18.06.2026 09:00:00 +02:00,14315.51,13661.49
18.06.2026 10:00:00 +02:00,13076.15,13562.52
18.06.2026 11:00:00 +02:00,12283.92,13481.44
18.06.2026 12:00:00 +02:00,12100.30,13445.63
18.06.2026 13:00:00 +02:00,12293.87,13491.82
18.06.2026 14:00:00 +02:00,12361.80,13488.76
18.06.2026 15:00:00 +02:00,12837.88,13568.44
18.06.2026 16:00:00 +02:00,13530.60,13684.18
18.06.2026 17:00:00 +02:00,14513.02,13445.39
18.06.2026 18:00:00 +02:00,16287.36,13477.46
18.06.2026 19:00:00 +02:00,17299.63,13512.14
18.06.2026 20:00:00 +02:00,17109.53,13540.72
18.06.2026 21:00:00 +02:00,17441.59,13511.06
18.06.2026 22:00:00 +02:00,16988.21,13355.79
18.06.2026 23:00:00 +02:00,16370.89,13043.52
19.06.2026 00:00:00 +02:00,15989.74,12573.77
19.06.2026 01:00:00 +02:00,15244.36,12169.31
19.06.2026 02:00:00 +02:00,14581.28,11845.23
19.06.2026 03:00:00 +02:00,14323.87,11737.56
19.06.2026 04:00:00 +02:00,14039.21,11550.28
19.06.2026 05:00:00 +02:00,14173.22,11607.07
19.06.2026 06:00:00 +02:00,15641.43,12297.42
19.06.2026 07:00:00 +02:00,15750.33,13220.48
19.06.2026 08:00:00 +02:00,14904.74,13627.52
19.06.2026 09:00:00 +02:00,14151.70,13546.64
19.06.2026 10:00:00 +02:00,13430.16,13648.21
19.06.2026 11:00:00 +02:00,12463.81,13597.06
19.06.2026 12:00:00 +02:00,12074.56,13531.96
19.06.2026 13:00:00 +02:00,12041.53,13424.89
19.06.2026 14:00:00 +02:00,12196.71,13364.39
19.06.2026 15:00:00 +02:00,13017.82,13281.91
19.06.2026 16:00:00 +02:00,14262.42,13358.22
19.06.2026 17:00:00 +02:00,15814.55,13329.07
19.06.2026 18:00:00 +02:00,16880.87,13211.30
19.06.2026 19:00:00 +02:00,18284.54,13188.09
19.06.2026 20:00:00 +02:00,18259.61,13043.33
19.06.2026 21:00:00 +02:00,17805.93,12831.33
19.06.2026 22:00:00 +02:00,17197.10,12642.51
19.06.2026 23:00:00 +02:00,16555.33,12401.74
20.06.2026 00:00:00 +02:00,15604.60,11979.11
20.06.2026 01:00:00 +02:00,15010.57,11693.80
20.06.2026 02:00:00 +02:00,14334.83,11500.64
20.06.2026 03:00:00 +02:00,13217.89,11265.96
20.06.2026 04:00:00 +02:00,12777.97,11019.00
20.06.2026 05:00:00 +02:00,12830.43,10958.25
20.06.2026 06:00:00 +02:00,13362.53,11063.59
20.06.2026 07:00:00 +02:00,13054.75,11312.86
20.06.2026 08:00:00 +02:00,12255.47,11797.75
20.06.2026 09:00:00 +02:00,11764.69,12236.87
20.06.2026 10:00:00 +02:00,11364.63,12479.47
20.06.2026 11:00:00 +02:00,11331.16,12647.64
20.06.2026 12:00:00 +02:00,11314.63,12665.52
20.06.2026 13:00:00 +02:00,11233.82,12620.72
20.06.2026 14:00:00 +02:00,11412.25,12610.45
20.06.2026 15:00:00 +02:00,11367.63,12561.57
20.06.2026 16:00:00 +02:00,11635.13,12609.18
20.06.2026 17:00:00 +02:00,13101.27,12699.31
20.06.2026 18:00:00 +02:00,15455.00,12776.90
20.06.2026 19:00:00 +02:00,16427.69,12694.89
20.06.2026 20:00:00 +02:00,16112.96,12489.82
20.06.2026 21:00:00 +02:00,15963.86,12342.68
20.06.2026 22:00:00 +02:00,15519.72,12261.78
20.06.2026 23:00:00 +02:00,15517.91,12171.68
21.06.2026 00:00:00 +02:00,15221.46,11989.51
21.06.2026 01:00:00 +02:00,15026.55,11674.77
21.06.2026 02:00:00 +02:00,15024.74,11490.28
21.06.2026 03:00:00 +02:00,14710.28,11374.17
21.06.2026 04:00:00 +02:00,14556.75,11217.50
21.06.2026 05:00:00 +02:00,13570.37,11154.92
21.06.2026 06:00:00 +02:00,12908.44,11128.84
21.06.2026 07:00:00 +02:00,12637.90,11216.33
21.06.2026 08:00:00 +02:00,11965.12,11502.12
21.06.2026 09:00:00 +02:00,11024.71,11824.22
21.06.2026 10:00:00 +02:00,10576.98,12080.78
21.06.2026 11:00:00 +02:00,10748.98,12151.66
21.06.2026 12:00:00 +02:00,10855.57,12213.00
21.06.2026 13:00:00 +02:00,10780.29,12200.45
21.06.2026 14:00:00 +02:00,10793.64,12247.75
21.06.2026 15:00:00 +02:00,11030.82,12390.86
21.06.2026 16:00:00 +02:00,11915.57,12380.16
21.06.2026 17:00:00 +02:00,13972.95,12507.27
21.06.2026 18:00:00 +02:00,15585.63,12677.72
21.06.2026 19:00:00 +02:00,16634.85,12832.16
21.06.2026 20:00:00 +02:00,17585.68,13036.27
21.06.2026 21:00:00 +02:00,17604.48,13091.80
21.06.2026 22:00:00 +02:00,17094.29,13019.90
21.06.2026 23:00:00 +02:00,16275.65,12780.73
22.06.2026 00:00:00 +02:00,15107.24,12439.06
22.06.2026 01:00:00 +02:00,14202.99,12068.07
22.06.2026 02:00:00 +02:00,13986.11,11878.91
22.06.2026 03:00:00 +02:00,13849.26,11811.81
22.06.2026 04:00:00 +02:00,13687.70,11765.34
22.06.2026 05:00:00 +02:00,14053.02,11955.98
22.06.2026 06:00:00 +02:00,15648.75,12715.24
22.06.2026 07:00:00 +02:00,16718.48,13556.18
22.06.2026 08:00:00 +02:00,16081.31,13834.36
22.06.2026 09:00:00 +02:00,14721.32,13823.34
22.06.2026 10:00:00 +02:00,13487.19,13761.79
22.06.2026 11:00:00 +02:00,12811.11,13786.74
22.06.2026 12:00:00 +02:00,12537.41,13835.21
22.06.2026 13:00:00 +02:00,12489.25,13815.79
22.06.2026 14:00:00 +02:00,12419.50,13663.51
22.06.2026 15:00:00 +02:00,12685.20,13678.69
22.06.2026 16:00:00 +02:00,13507.08,13796.07
22.06.2026 17:00:00 +02:00,14978.26,13722.84
22.06.2026 18:00:00 +02:00,16250.71,13662.27
22.06.2026 19:00:00 +02:00,16745.42,13663.50
22.06.2026 20:00:00 +02:00,18115.73,13749.38
22.06.2026 21:00:00 +02:00,18341.92,13688.18
22.06.2026 22:00:00 +02:00,17824.48,13437.36
22.06.2026 23:00:00 +02:00,16989.89,13171.65
23.06.2026 00:00:00 +02:00,15595.30,12701.36
23.06.2026 01:00:00 +02:00,15102.59,12319.83
23.06.2026 02:00:00 +02:00,15180.23,12148.94
23.06.2026 03:00:00 +02:00,14965.93,12043.42
23.06.2026 04:00:00 +02:00,15277.55,11996.81
23.06.2026 05:00:00 +02:00,15591.49,12072.72
23.06.2026 06:00:00 +02:00,16633.29,12742.45
23.06.2026 07:00:00 +02:00,17400.54,13468.08
23.06.2026 08:00:00 +02:00,16806.23,13846.30
23.06.2026 09:00:00 +02:00,14964.67,13818.40
23.06.2026 10:00:00 +02:00,14011.38,13872.64
23.06.2026 11:00:00 +02:00,13623.19,13902.56
23.06.2026 12:00:00 +02:00,13439.46,13888.72
23.06.2026 13:00:00 +02:00,13638.16,13914.38
23.06.2026 14:00:00 +02:00,13876.55,13948.28
23.06.2026 15:00:00 +02:00,14397.78,14056.30
23.06.2026 16:00:00 +02:00,14942.67,14104.07
23.06.2026 17:00:00 +02:00,16284.40,13977.17
23.06.2026 18:00:00 +02:00,18118.08,13842.94
23.06.2026 19:00:00 +02:00,18489.19,13818.62
23.06.2026 20:00:00 +02:00,18939.00,13795.73
23.06.2026 21:00:00 +02:00,18694.94,13679.56
23.06.2026 22:00:00 +02:00,18442.17,13456.38
23.06.2026 23:00:00 +02:00,17862.83,13103.18
24.06.2026 00:00:00 +02:00,17268.79,12676.15
24.06.2026 01:00:00 +02:00,16419.21,12276.83
24.06.2026 02:00:00 +02:00,15569.70,11991.44
24.06.2026 03:00:00 +02:00,15363.48,11844.24
24.06.2026 04:00:00 +02:00,15328.73,11770.24
24.06.2026 05:00:00 +02:00,15220.67,11824.77
24.06.2026 06:00:00 +02:00,15888.42,12421.96
24.06.2026 07:00:00 +02:00,16903.02,13137.46
24.06.2026 08:00:00 +02:00,17226.80,13498.66
24.06.2026 09:00:00 +02:00,15824.28,13464.97
24.06.2026 10:00:00 +02:00,14534.50,13517.09
24.06.2026 11:00:00 +02:00,13973.60,13607.07
24.06.2026 12:00:00 +02:00,13678.71,13607.90
24.06.2026 13:00:00 +02:00,13793.80,13616.19
24.06.2026 14:00:00 +02:00,14087.20,13644.30
24.06.2026 15:00:00 +02:00,14546.94,13648.84
24.06.2026 16:00:00 +02:00,15468.17,13727.98
24.06.2026 17:00:00 +02:00,17074.62,13631.25
24.06.2026 18:00:00 +02:00,18660.52,13562.40
24.06.2026 19:00:00 +02:00,18830.51,13596.49
24.06.2026 20:00:00 +02:00,19075.00,13629.05
24.06.2026 21:00:00 +02:00,18982.54,13544.33
24.06.2026 22:00:00 +02:00,18708.12,13372.52
24.06.2026 23:00:00 +02:00,18501.81,13080.65
25.06.2026 00:00:00 +02:00,18045.09,12654.67
25.06.2026 01:00:00 +02:00,17454.81,12270.73
25.06.2026 02:00:00 +02:00,17203.14,11994.98
25.06.2026 03:00:00 +02:00,16908.45,11783.04
25.06.2026 04:00:00 +02:00,16343.78,11699.02
25.06.2026 05:00:00 +02:00,16423.75,11776.12
25.06.2026 06:00:00 +02:00,17293.67,12380.70
25.06.2026 07:00:00 +02:00,18271.68,13125.06
25.06.2026 08:00:00 +02:00,17279.00,13435.67
25.06.2026 09:00:00 +02:00,15502.65,13466.20
25.06.2026 10:00:00 +02:00,14829.47,13473.19
25.06.2026 11:00:00 +02:00,13862.00,13432.50
25.06.2026 12:00:00 +02:00,12770.81,13386.69
25.06.2026 13:00:00 +02:00,12612.26,13451.69
25.06.2026 14:00:00 +02:00,12909.09,13500.70
25.06.2026 15:00:00 +02:00,14114.06,13530.46
25.06.2026 16:00:00 +02:00,15414.55,13612.87
25.06.2026 17:00:00 +02:00,16987.33,13595.02
25.06.2026 18:00:00 +02:00,18906.14,13656.92
25.06.2026 19:00:00 +02:00,20170.92,13743.17
25.06.2026 20:00:00 +02:00,20416.08,13810.41
25.06.2026 21:00:00 +02:00,20501.40,13654.08
25.06.2026 22:00:00 +02:00,20116.30,13523.70
25.06.2026 23:00:00 +02:00,19389.26,13220.66
26.06.2026 00:00:00 +02:00,18198.24,12701.96
26.06.2026 01:00:00 +02:00,17152.66,12391.51
26.06.2026 02:00:00 +02:00,16389.94,12141.13
26.06.2026 03:00:00 +02:00,15908.38,11903.30
26.06.2026 04:00:00 +02:00,16000.34,11785.03
26.06.2026 05:00:00 +02:00,16052.28,11903.75
26.06.2026 06:00:00 +02:00,17508.04,12491.06
26.06.2026 07:00:00 +02:00,18331.27,13177.20
26.06.2026 08:00:00 +02:00,17499.79,13568.82
26.06.2026 09:00:00 +02:00,16433.49,13594.65
26.06.2026 10:00:00 +02:00,15164.14,13718.37
26.06.2026 11:00:00 +02:00,14304.61,13884.36
26.06.2026 12:00:00 +02:00,13418.53,13693.10
26.06.2026 13:00:00 +02:00,12642.29,13594.69
26.06.2026 14:00:00 +02:00,13107.51,13627.12
26.06.2026 15:00:00 +02:00,14301.51,13598.84
26.06.2026 16:00:00 +02:00,14961.97,13588.24
26.06.2026 17:00:00 +02:00,16779.41,13621.94
26.06.2026 18:00:00 +02:00,19050.42,13671.67
26.06.2026 19:00:00 +02:00,19884.68,13589.86
26.06.2026 20:00:00 +02:00,19888.15,13440.68
26.06.2026 21:00:00 +02:00,19748.22,13061.57
26.06.2026 22:00:00 +02:00,19271.96,12787.61
26.06.2026 23:00:00 +02:00,18647.46,12662.70
27.06.2026 00:00:00 +02:00,17522.16,12483.30
27.06.2026 01:00:00 +02:00,16722.27,12122.48
27.06.2026 02:00:00 +02:00,16228.84,11916.06
27.06.2026 03:00:00 +02:00,15762.12,11743.38
27.06.2026 04:00:00 +02:00,15473.07,11537.52
27.06.2026 05:00:00 +02:00,15222.43,11446.14
27.06.2026 06:00:00 +02:00,15294.05,11479.26
27.06.2026 07:00:00 +02:00,15366.31,11724.10
27.06.2026 08:00:00 +02:00,14717.39,12084.81
27.06.2026 09:00:00 +02:00,13496.70,12346.80
27.06.2026 10:00:00 +02:00,12492.70,12580.48
27.06.2026 11:00:00 +02:00,11798.61,12697.80
27.06.2026 12:00:00 +02:00,11563.93,12703.71
27.06.2026 13:00:00 +02:00,11303.35,12551.04
27.06.2026 14:00:00 +02:00,10992.13,12499.18
27.06.2026 15:00:00 +02:00,11388.92,12480.00
27.06.2026 16:00:00 +02:00,12787.02,12613.99
27.06.2026 17:00:00 +02:00,14884.55,12727.38
27.06.2026 18:00:00 +02:00,17564.31,12813.85
27.06.2026 19:00:00 +02:00,19334.00,12844.39
27.06.2026 20:00:00 +02:00,19487.50,12775.98
27.06.2026 21:00:00 +02:00,19207.08,12668.13
27.06.2026 22:00:00 +02:00,19289.36,12570.91
27.06.2026 23:00:00 +02:00,19137.15,12462.17
28.06.2026 00:00:00 +02:00,17488.11,12206.67
28.06.2026 01:00:00 +02:00,16756.44,11930.11
28.06.2026 02:00:00 +02:00,16477.69,11695.46
28.06.2026 03:00:00 +02:00,15542.31,11516.13
28.06.2026 04:00:00 +02:00,15252.73,11355.78
28.06.2026 05:00:00 +02:00,14654.79,11226.88
28.06.2026 06:00:00 +02:00,14004.99,11225.90
28.06.2026 07:00:00 +02:00,13239.92,11255.54
28.06.2026 08:00:00 +02:00,11579.85,11462.27
28.06.2026 09:00:00 +02:00,10922.62,11790.86
28.06.2026 10:00:00 +02:00,10223.68,11987.48
28.06.2026 11:00:00 +02:00,10119.94,12119.50
28.06.2026 12:00:00 +02:00,10350.71,12128.16
28.06.2026 13:00:00 +02:00,10066.20,12002.90
28.06.2026 14:00:00 +02:00,9862.54,12145.28
28.06.2026 15:00:00 +02:00,9925.69,12235.27
28.06.2026 16:00:00 +02:00,10388.19,12268.10
28.06.2026 17:00:00 +02:00,12547.57,12532.18
28.06.2026 18:00:00 +02:00,15330.19,12754.98
28.06.2026 19:00:00 +02:00,17950.13,12971.53
28.06.2026 20:00:00 +02:00,18718.44,13084.90
28.06.2026 21:00:00 +02:00,19253.70,13104.27
28.06.2026 22:00:00 +02:00,18957.61,12998.40
28.06.2026 23:00:00 +02:00,18307.34,12758.85
29.06.2026 00:00:00 +02:00,18321.84,12348.46
29.06.2026 01:00:00 +02:00,16745.03,11940.30
29.06.2026 02:00:00 +02:00,16298.50,11718.96
29.06.2026 03:00:00 +02:00,15879.25,11550.44
29.06.2026 04:00:00 +02:00,16003.71,11423.76
29.06.2026 05:00:00 +02:00,16081.72,11539.92
29.06.2026 06:00:00 +02:00,17641.23,12215.42
29.06.2026 07:00:00 +02:00,18939.30,13010.15
29.06.2026 08:00:00 +02:00,19476.84,13429.74
29.06.2026 09:00:00 +02:00,18028.35,13521.53
29.06.2026 10:00:00 +02:00,15937.45,13545.33
29.06.2026 11:00:00 +02:00,14937.34,13519.68
29.06.2026 12:00:00 +02:00,15248.09,13488.99
29.06.2026 13:00:00 +02:00,14667.42,13458.60
29.06.2026 14:00:00 +02:00,14665.41,13415.40
29.06.2026 15:00:00 +02:00,14970.50,13447.46
29.06.2026 16:00:00 +02:00,15618.60,13559.96
29.06.2026 17:00:00 +02:00,16370.23,13551.15
29.06.2026 18:00:00 +02:00,18236.98,13602.64
29.06.2026 19:00:00 +02:00,19299.97,13600.78
29.06.2026 20:00:00 +02:00,19977.08,13550.07
29.06.2026 21:00:00 +02:00,20131.96,13411.50
29.06.2026 22:00:00 +02:00,20070.92,13302.56
29.06.2026 23:00:00 +02:00,19580.13,12993.53
30.06.2026 00:00:00 +02:00,17558.21,12534.88
30.06.2026 01:00:00 +02:00,16804.54,12197.44
30.06.2026 02:00:00 +02:00,16422.10,11936.74
30.06.2026 03:00:00 +02:00,15934.04,11828.90
30.06.2026 04:00:00 +02:00,15919.72,11689.38
30.06.2026 05:00:00 +02:00,16099.38,11841.87
30.06.2026 06:00:00 +02:00,17630.15,12469.49
30.06.2026 07:00:00 +02:00,18774.76,13109.47
30.06.2026 08:00:00 +02:00,18570.42,13447.78
30.06.2026 09:00:00 +02:00,17075.39,13447.80
30.06.2026 10:00:00 +02:00,16298.56,13344.08
30.06.2026 11:00:00 +02:00,15609.33,13412.33
30.06.2026 12:00:00 +02:00,14771.70,13445.28
30.06.2026 13:00:00 +02:00,14699.49,13533.34
30.06.2026 14:00:00 +02:00,15392.93,13602.27
30.06.2026 15:00:00 +02:00,16264.51,13643.62
30.06.2026 16:00:00 +02:00,17250.75,13727.00
30.06.2026 17:00:00 +02:00,18543.24,13767.11
30.06.2026 18:00:00 +02:00,19565.60,13770.77
30.06.2026 19:00:00 +02:00,20162.98,13494.62
30.06.2026 20:00:00 +02:00,19913.28,13202.02
30.06.2026 21:00:00 +02:00,19752.29,13089.66
30.06.2026 22:00:00 +02:00,19768.22,13202.06
30.06.2026 23:00:00 +02:00,19395.73,12939.99
01.07.2026 00:00:00 +02:00,18999.89,12562.79
01.07.2026 01:00:00 +02:00,18567.85,12161.18
01.07.2026 02:00:00 +02:00,17811.26,11808.76
01.07.2026 03:00:00 +02:00,17280.68,11563.28
01.07.2026 04:00:00 +02:00,16970.84,11403.88
01.07.2026 05:00:00 +02:00,16877.47,11556.21
01.07.2026 06:00:00 +02:00,17872.33,12152.00
01.07.2026 07:00:00 +02:00,19126.87,12874.18
01.07.2026 08:00:00 +02:00,20078.13,13154.30
01.07.2026 09:00:00 +02:00,19463.10,13228.41
01.07.2026 10:00:00 +02:00,18478.91,13292.45
01.07.2026 11:00:00 +02:00,17802.15,13370.50
01.07.2026 12:00:00 +02:00,17182.79,13315.93
01.07.2026 13:00:00 +02:00,16897.94,13270.80
01.07.2026 14:00:00 +02:00,16582.05,13251.10
01.07.2026 15:00:00 +02:00,16121.55,13210.93
01.07.2026 16:00:00 +02:00,16124.70,13309.54
01.07.2026 17:00:00 +02:00,16469.74,13299.68
01.07.2026 18:00:00 +02:00,18282.42,13386.30
01.07.2026 19:00:00 +02:00,19108.73,13387.60
01.07.2026 20:00:00 +02:00,18913.04,13349.78
01.07.2026 21:00:00 +02:00,18442.63,13300.56
01.07.2026 22:00:00 +02:00,18014.32,13194.79
01.07.2026 23:00:00 +02:00,17414.32,12950.84
02.07.2026 00:00:00 +02:00,17391.27,12539.08
02.07.2026 01:00:00 +02:00,16368.94,12161.95
02.07.2026 02:00:00 +02:00,15669.68,11871.91
02.07.2026 03:00:00 +02:00,15654.73,11715.59
02.07.2026 04:00:00 +02:00,15488.05,11600.98
02.07.2026 05:00:00 +02:00,15601.39,11648.06
02.07.2026 06:00:00 +02:00,16397.91,12208.43
02.07.2026 07:00:00 +02:00,16817.49,12912.78
02.07.2026 08:00:00 +02:00,14948.13,13336.67
02.07.2026 09:00:00 +02:00,11849.71,13494.58
02.07.2026 10:00:00 +02:00,11774.05,13655.94
02.07.2026 11:00:00 +02:00,10697.99,13752.87
02.07.2026 12:00:00 +02:00,10848.97,13825.10
02.07.2026 13:00:00 +02:00,10648.36,13802.72
02.07.2026 14:00:00 +02:00,10370.09,13757.13
02.07.2026 15:00:00 +02:00,11300.87,13799.94
02.07.2026 16:00:00 +02:00,11079.26,13850.64
02.07.2026 17:00:00 +02:00,11441.12,13805.92
02.07.2026 18:00:00 +02:00,11821.86,13718.92
02.07.2026 19:00:00 +02:00,13544.58,13651.22
02.07.2026 20:00:00 +02:00,14768.49,13565.00
02.07.2026 21:00:00 +02:00,15220.71,13401.50
02.07.2026 22:00:00 +02:00,14971.32,13243.92
02.07.2026 23:00:00 +02:00,14700.25,12946.24
03.07.2026 00:00:00 +02:00,13813.65,12448.14
03.07.2026 01:00:00 +02:00,13086.36,12134.34
03.07.2026 02:00:00 +02:00,12786.68,11891.28
03.07.2026 03:00:00 +02:00,12652.05,11726.28
03.07.2026 04:00:00 +02:00,12403.60,11538.64
03.07.2026 05:00:00 +02:00,12516.29,11602.86
03.07.2026 06:00:00 +02:00,13146.19,12166.98
03.07.2026 07:00:00 +02:00,13973.02,12957.65
03.07.2026 08:00:00 +02:00,12954.76,13314.05
03.07.2026 09:00:00 +02:00,12109.74,13376.36
03.07.2026 10:00:00 +02:00,11956.49,13496.52
03.07.2026 11:00:00 +02:00,11925.83,13567.33
03.07.2026 12:00:00 +02:00,11720.19,13456.26
03.07.2026 13:00:00 +02:00,11354.00,13335.93
03.07.2026 14:00:00 +02:00,11356.77,13237.76
03.07.2026 15:00:00 +02:00,11172.34,13151.03
03.07.2026 16:00:00 +02:00,11141.82,13152.53
03.07.2026 17:00:00 +02:00,11031.51,13107.36
03.07.2026 18:00:00 +02:00,11602.49,13094.70
03.07.2026 19:00:00 +02:00,14057.52,13165.52
03.07.2026 20:00:00 +02:00,15411.34,13105.08
03.07.2026 21:00:00 +02:00,15494.95,12967.12
03.07.2026 22:00:00 +02:00,15317.83,12845.68
03.07.2026 23:00:00 +02:00,14675.93,12597.00
04.07.2026 00:00:00 +02:00,13866.36,12347.69
04.07.2026 01:00:00 +02:00,13156.73,12003.86
04.07.2026 02:00:00 +02:00,12632.78,11795.19
04.07.2026 03:00:00 +02:00,12873.39,11666.06
04.07.2026 04:00:00 +02:00,12826.83,11416.71
04.07.2026 05:00:00 +02:00,12411.42,11408.04
04.07.2026 06:00:00 +02:00,12546.41,11478.94
04.07.2026 07:00:00 +02:00,11857.45,11607.64
04.07.2026 08:00:00 +02:00,10181.82,11894.44
04.07.2026 09:00:00 +02:00,9300.30,12233.62
04.07.2026 10:00:00 +02:00,9060.04,12404.10
04.07.2026 11:00:00 +02:00,8833.14,12420.24
04.07.2026 12:00:00 +02:00,8900.77,12372.49
04.07.2026 13:00:00 +02:00,9268.17,12336.45
04.07.2026 14:00:00 +02:00,9676.69,12335.79
04.07.2026 15:00:00 +02:00,9701.09,12354.95
04.07.2026 16:00:00 +02:00,9657.92,12476.32
04.07.2026 17:00:00 +02:00,9815.39,12641.43
04.07.2026 18:00:00 +02:00,11387.90,12761.75
04.07.2026 19:00:00 +02:00,13922.23,12720.85
04.07.2026 20:00:00 +02:00,16027.96,12710.58
04.07.2026 21:00:00 +02:00,16803.09,12568.94
04.07.2026 22:00:00 +02:00,16582.74,12437.62
04.07.2026 23:00:00 +02:00,16041.91,12235.60
05.07.2026 00:00:00 +02:00,14205.81,11968.90
05.07.2026 01:00:00 +02:00,13231.21,11660.15
05.07.2026 02:00:00 +02:00,12814.53,11434.00
05.07.2026 03:00:00 +02:00,12927.89,11309.08
05.07.2026 04:00:00 +02:00,12789.22,11144.96
05.07.2026 05:00:00 +02:00,12741.92,11069.49
05.07.2026 06:00:00 +02:00,12192.20,11108.20
05.07.2026 07:00:00 +02:00,12056.94,11223.46
05.07.2026 08:00:00 +02:00,10733.77,11436.20
05.07.2026 09:00:00 +02:00,10061.87,11616.27
05.07.2026 10:00:00 +02:00,10087.22,11800.63
05.07.2026 11:00:00 +02:00,10077.70,11934.38
05.07.2026 12:00:00 +02:00,10060.75,11970.49
05.07.2026 13:00:00 +02:00,10002.71,11925.81
05.07.2026 14:00:00 +02:00,10282.65,11962.76
05.07.2026 15:00:00 +02:00,10262.98,12040.48
05.07.2026 16:00:00 +02:00,10606.42,12176.92
05.07.2026 17:00:00 +02:00,10954.84,12325.32
05.07.2026 18:00:00 +02:00,11648.92,12483.52
05.07.2026 19:00:00 +02:00,12998.69,12668.30
05.07.2026 20:00:00 +02:00,14595.50,12760.00
05.07.2026 21:00:00 +02:00,15825.00,12804.58
05.07.2026 22:00:00 +02:00,16190.34,12554.61
05.07.2026 23:00:00 +02:00,15692.38,12429.12
06.07.2026 00:00:00 +02:00,15765.94,12261.35
06.07.2026 01:00:00 +02:00,15357.06,12188.68
06.07.2026 02:00:00 +02:00,15047.85,11946.76
06.07.2026 03:00:00 +02:00,14428.47,11805.94
06.07.2026 04:00:00 +02:00,14449.90,11728.13
06.07.2026 05:00:00 +02:00,14635.13,11781.23
06.07.2026 06:00:00 +02:00,16914.98,12175.31
06.07.2026 07:00:00 +02:00,17268.21,12650.33
06.07.2026 08:00:00 +02:00,16695.83,12992.49
06.07.2026 09:00:00 +02:00,13966.77,13111.84
06.07.2026 10:00:00 +02:00,11838.01,13116.85
06.07.2026 11:00:00 +02:00,10444.00,13073.75
06.07.2026 12:00:00 +02:00,10499.06,13159.66
06.07.2026 13:00:00 +02:00,10252.50,13145.66
06.07.2026 14:00:00 +02:00,10429.88,13171.32
06.07.2026 15:00:00 +02:00,10264.48,13072.48
06.07.2026 16:00:00 +02:00,10804.77,13078.12
06.07.2026 17:00:00 +02:00,11431.49,13124.77
06.07.2026 18:00:00 +02:00,13237.35,13170.02
06.07.2026 19:00:00 +02:00,16044.11,13255.34
06.07.2026 20:00:00 +02:00,18764.64,13324.92
06.07.2026 21:00:00 +02:00,19016.57,13195.46
06.07.2026 22:00:00 +02:00,18019.20,13013.36
06.07.2026 23:00:00 +02:00,15920.00,12790.26
07.07.2026 00:00:00 +02:00,14962.52,12432.40
07.07.2026 01:00:00 +02:00,14445.02,12125.02
07.07.2026 02:00:00 +02:00,13697.01,11922.81
07.07.2026 03:00:00 +02:00,13147.97,11766.21
07.07.2026 04:00:00 +02:00,13053.19,11599.51
07.07.2026 05:00:00 +02:00,13586.13,11672.46
07.07.2026 06:00:00 +02:00,16083.33,12153.44
07.07.2026 07:00:00 +02:00,16675.82,12642.40
07.07.2026 08:00:00 +02:00,16563.30,12965.56
07.07.2026 09:00:00 +02:00,14631.42,13050.21
07.07.2026 10:00:00 +02:00,12201.65,13198.14
07.07.2026 11:00:00 +02:00,11688.45,13207.98
07.07.2026 12:00:00 +02:00,11540.14,13287.92
07.07.2026 13:00:00 +02:00,11700.87,13259.28
07.07.2026 14:00:00 +02:00,11513.66,13262.62
07.07.2026 15:00:00 +02:00,11706.21,13251.18
07.07.2026 16:00:00 +02:00,11694.88,13304.08
07.07.2026 17:00:00 +02:00,11535.21,13244.94
07.07.2026 18:00:00 +02:00,12946.40,13271.76
07.07.2026 19:00:00 +02:00,14575.73,13243.47
07.07.2026 20:00:00 +02:00,15151.72,13247.78
07.07.2026 21:00:00 +02:00,15343.72,13217.92
07.07.2026 22:00:00 +02:00,14659.71,13115.02
07.07.2026 23:00:00 +02:00,14123.97,12812.19
08.07.2026 00:00:00 +02:00,14076.75,12386.93
08.07.2026 01:00:00 +02:00,13956.20,12094.04
08.07.2026 02:00:00 +02:00,13529.96,11834.65
08.07.2026 03:00:00 +02:00,13287.74,11675.06
08.07.2026 04:00:00 +02:00,13198.08,11543.04
08.07.2026 05:00:00 +02:00,14117.89,11691.88
08.07.2026 06:00:00 +02:00,14980.92,12145.79
08.07.2026 07:00:00 +02:00,15115.10,12696.17
08.07.2026 08:00:00 +02:00,14188.75,12933.34
08.07.2026 09:00:00 +02:00,13065.25,12976.27
08.07.2026 10:00:00 +02:00,12125.06,13022.21
08.07.2026 11:00:00 +02:00,11761.65,13075.00
08.07.2026 12:00:00 +02:00,12275.91,13038.32
08.07.2026 13:00:00 +02:00,12128.34,12967.27
08.07.2026 14:00:00 +02:00,11599.47,12970.04
08.07.2026 15:00:00 +02:00,11597.11,12969.37
08.07.2026 16:00:00 +02:00,11807.74,13024.51
08.07.2026 17:00:00 +02:00,12654.21,13066.12
08.07.2026 18:00:00 +02:00,14740.00,13135.14
08.07.2026 19:00:00 +02:00,16882.14,13144.05
08.07.2026 20:00:00 +02:00,18422.91,13144.41
08.07.2026 21:00:00 +02:00,18475.37,13037.31
08.07.2026 22:00:00 +02:00,17835.35,12895.63
08.07.2026 23:00:00 +02:00,17072.96,12682.62
09.07.2026 00:00:00 +02:00,16474.48,12220.76
09.07.2026 01:00:00 +02:00,15647.90,11853.24
09.07.2026 02:00:00 +02:00,14757.58,11622.16
09.07.2026 03:00:00 +02:00,14676.28,11497.86
09.07.2026 04:00:00 +02:00,14916.47,11380.85
09.07.2026 05:00:00 +02:00,16024.80,11452.92
09.07.2026 06:00:00 +02:00,18019.86,11906.68
09.07.2026 07:00:00 +02:00,19031.60,12576.02
09.07.2026 08:00:00 +02:00,18131.48,12929.24
09.07.2026 09:00:00 +02:00,15734.57,12968.94
09.07.2026 10:00:00 +02:00,13928.28,13067.25
09.07.2026 11:00:00 +02:00,12206.20,13000.02
09.07.2026 12:00:00 +02:00,11500.50,12979.22
09.07.2026 13:00:00 +02:00,10883.80,12912.63
09.07.2026 14:00:00 +02:00,10767.36,12961.36
09.07.2026 15:00:00 +02:00,11059.08,12957.05
09.07.2026 16:00:00 +02:00,12359.05,13005.22
09.07.2026 17:00:00 +02:00,14694.59,13034.05
09.07.2026 18:00:00 +02:00,17756.96,13067.23
09.07.2026 19:00:00 +02:00,20079.67,13099.79
09.07.2026 20:00:00 +02:00,20202.33,13120.88
09.07.2026 21:00:00 +02:00,19949.25,13052.32
09.07.2026 22:00:00 +02:00,20107.34,12927.30
09.07.2026 23:00:00 +02:00,20082.90,12657.95
10.07.2026 00:00:00 +02:00,19626.95,12243.36
10.07.2026 01:00:00 +02:00,18748.98,11865.50
10.07.2026 02:00:00 +02:00,17856.25,11617.74
10.07.2026 03:00:00 +02:00,17387.24,11427.88
10.07.2026 04:00:00 +02:00,17307.06,11229.33
10.07.2026 05:00:00 +02:00,17444.67,11287.30
10.07.2026 06:00:00 +02:00,17799.23,11752.42
10.07.2026 07:00:00 +02:00,18158.38,12335.42
10.07.2026 08:00:00 +02:00,17008.04,12695.00
10.07.2026 09:00:00 +02:00,15517.40,12797.65
10.07.2026 10:00:00 +02:00,13327.73,12921.12
10.07.2026 11:00:00 +02:00,11262.65,12853.32
10.07.2026 12:00:00 +02:00,10768.34,12819.82
10.07.2026 13:00:00 +02:00,11068.18,12850.31
10.07.2026 14:00:00 +02:00,11030.34,12818.53
10.07.2026 15:00:00 +02:00,11034.29,12802.16
10.07.2026 16:00:00 +02:00,12381.57,12825.18
10.07.2026 17:00:00 +02:00,14862.80,12809.15
10.07.2026 18:00:00 +02:00,17790.98,12875.71
10.07.2026 19:00:00 +02:00,19787.07,12899.48
10.07.2026 20:00:00 +02:00,20083.73,12885.41
10.07.2026 21:00:00 +02:00,19835.22,12728.06
10.07.2026 22:00:00 +02:00,19519.95,12558.27
10.07.2026 23:00:00 +02:00,19019.89,12330.08
11.07.2026 00:00:00 +02:00,18921.98,12002.54
11.07.2026 01:00:00 +02:00,18273.82,11596.24
11.07.2026 02:00:00 +02:00,17187.29,11307.20
11.07.2026 03:00:00 +02:00,16892.28,11143.65
11.07.2026 04:00:00 +02:00,16588.72,10929.80
11.07.2026 05:00:00 +02:00,16091.79,10836.47
11.07.2026 06:00:00 +02:00,15588.50,10887.22
11.07.2026 07:00:00 +02:00,14192.13,11069.93
11.07.2026 08:00:00 +02:00,13373.16,11407.11
11.07.2026 09:00:00 +02:00,10801.46,11740.57
11.07.2026 10:00:00 +02:00,10046.43,11989.58
11.07.2026 11:00:00 +02:00,9804.89,12068.34
11.07.2026 12:00:00 +02:00,9570.06,12087.39
11.07.2026 13:00:00 +02:00,9520.27,12077.84
11.07.2026 14:00:00 +02:00,9568.12,12152.50
11.07.2026 15:00:00 +02:00,9768.23,12218.89
11.07.2026 16:00:00 +02:00,9988.47,12339.24
11.07.2026 17:00:00 +02:00,11552.68,12461.92
11.07.2026 18:00:00 +02:00,14850.05,12452.50
11.07.2026 19:00:00 +02:00,18102.26,12443.08
11.07.2026 20:00:00 +02:00,19316.07,12359.04
11.07.2026 21:00:00 +02:00,19158.21,12217.08
11.07.2026 22:00:00 +02:00,18784.80,12098.09
11.07.2026 23:00:00 +02:00,17437.95,11759.54
12.07.2026 00:00:00 +02:00,15011.41,11551.66
12.07.2026 01:00:00 +02:00,14896.09,11389.37
12.07.2026 02:00:00 +02:00,14444.66,11313.52
12.07.2026 03:00:00 +02:00,14084.69,11148.99
12.07.2026 04:00:00 +02:00,13912.82,11027.43
12.07.2026 05:00:00 +02:00,13661.57,10883.54
12.07.2026 06:00:00 +02:00,12839.91,10854.02
12.07.2026 07:00:00 +02:00,11356.77,10830.16
12.07.2026 08:00:00 +02:00,9637.88,10934.80
12.07.2026 09:00:00 +02:00,8823.76,11199.36
12.07.2026 10:00:00 +02:00,8833.93,11407.61
12.07.2026 11:00:00 +02:00,8906.48,11507.62
12.07.2026 12:00:00 +02:00,8843.02,11580.91
12.07.2026 13:00:00 +02:00,8309.49,11561.23
12.07.2026 14:00:00 +02:00,8283.39,11624.30
12.07.2026 15:00:00 +02:00,8255.16,11687.51
12.07.2026 16:00:00 +02:00,8499.16,11816.22
12.07.2026 17:00:00 +02:00,9033.95,11998.34
12.07.2026 18:00:00 +02:00,11392.05,12115.44
12.07.2026 19:00:00 +02:00,15272.30,12293.87
12.07.2026 20:00:00 +02:00,17527.74,12422.51
12.07.2026 21:00:00 +02:00,18122.62,12452.99
12.07.2026 22:00:00 +02:00,18050.79,12398.70
12.07.2026 23:00:00 +02:00,16881.53,12208.92
13.07.2026 00:00:00 +02:00,15698.92,11919.72
13.07.2026 01:00:00 +02:00,15022.32,11584.57
13.07.2026 02:00:00 +02:00,14353.40,11382.34
13.07.2026 03:00:00 +02:00,14612.78,11239.11
13.07.2026 04:00:00 +02:00,14700.06,11118.00
13.07.2026 05:00:00 +02:00,15284.51,11149.90
13.07.2026 06:00:00 +02:00,16151.81,11508.58
13.07.2026 07:00:00 +02:00,16083.53,11981.48
13.07.2026 08:00:00 +02:00,15781.71,12309.76
13.07.2026 09:00:00 +02:00,14048.76,12370.36
13.07.2026 10:00:00 +02:00,12053.58,12475.13
13.07.2026 11:00:00 +02:00,10996.14,12578.15
13.07.2026 12:00:00 +02:00,10940.29,12564.40
13.07.2026 13:00:00 +02:00,10960.36,12565.47
13.07.2026 14:00:00 +02:00,10590.59,12580.62
13.07.2026 15:00:00 +02:00,10484.44,12552.28
13.07.2026 16:00:00 +02:00,11187.16,12632.82
13.07.2026 17:00:00 +02:00,13338.82,12687.62
13.07.2026 18:00:00 +02:00,16806.63,12744.32
13.07.2026 19:00:00 +02:00,18924.94,12787.30
13.07.2026 20:00:00 +02:00,19142.26,12770.84
13.07.2026 21:00:00 +02:00,18887.62,12558.24
13.07.2026 22:00:00 +02:00,18765.75,12523.31
13.07.2026 23:00:00 +02:00,17061.41,12333.46
14.07.2026 00:00:00 +02:00,15597.18,11884.66
14.07.2026 01:00:00 +02:00,14739.23,11504.08
14.07.2026 02:00:00 +02:00,14692.04,11267.02
14.07.2026 03:00:00 +02:00,14638.35,11150.54
14.07.2026 04:00:00 +02:00,14716.94,11017.42
14.07.2026 05:00:00 +02:00,14915.48,11061.80
14.07.2026 06:00:00 +02:00,16394.93,11400.60
14.07.2026 07:00:00 +02:00,17301.77,11925.88
14.07.2026 08:00:00 +02:00,16212.06,12306.56
14.07.2026 09:00:00 +02:00,14258.64,12512.57
14.07.2026 10:00:00 +02:00,12484.34,12654.03
14.07.2026 11:00:00 +02:00,11344.80,12652.98
14.07.2026 12:00:00 +02:00,10468.62,12624.21
14.07.2026 13:00:00 +02:00,10377.75,12609.33
14.07.2026 14:00:00 +02:00,10400.27,12623.01
14.07.2026 15:00:00 +02:00,10693.76,12654.33
14.07.2026 16:00:00 +02:00,11370.76,12715.98
14.07.2026 17:00:00 +02:00,13686.26,12773.48
14.07.2026 18:00:00 +02:00,16503.32,12851.92
14.07.2026 19:00:00 +02:00,18817.94,12902.05
14.07.2026 20:00:00 +02:00,19081.65,12926.02
14.07.2026 21:00:00 +02:00,18988.78,12796.46
14.07.2026 22:00:00 +02:00,18988.50,12647.36
14.07.2026 23:00:00 +02:00,18421.02,12438.80
15.07.2026 00:00:00 +02:00,17571.79,12031.70
15.07.2026 01:00:00 +02:00,16145.05,11639.61
15.07.2026 02:00:00 +02:00,15244.39,11417.32
15.07.2026 03:00:00 +02:00,14716.87,11235.20
15.07.2026 04:00:00 +02:00,15062.28,11037.26
15.07.2026 05:00:00 +02:00,15796.69,11038.14
15.07.2026 06:00:00 +02:00,16722.96,11415.15
15.07.2026 07:00:00 +02:00,17959.42,11988.50
15.07.2026 08:00:00 +02:00,17372.40,12319.72
15.07.2026 09:00:00 +02:00,15208.93,12525.54
15.07.2026 10:00:00 +02:00,12763.38,12662.39
15.07.2026 11:00:00 +02:00,11259.28,12672.89
15.07.2026 12:00:00 +02:00,10577.37,12704.21
15.07.2026 13:00:00 +02:00,10501.85,12737.37
15.07.2026 14:00:00 +02:00,10686.94,12751.11
15.07.2026 15:00:00 +02:00,11051.46,12771.20
15.07.2026 16:00:00 +02:00,12127.09,12799.35
15.07.2026 17:00:00 +02:00,14494.71,12831.84
15.07.2026 18:00:00 +02:00,16728.45,12911.32
15.07.2026 19:00:00 +02:00,18729.07,13006.72
15.07.2026 20:00:00 +02:00,19314.49,13042.60
15.07.2026 21:00:00 +02:00,19271.72,12924.93
15.07.2026 22:00:00 +02:00,18837.54,12668.07
15.07.2026 23:00:00 +02:00,18496.00,12433.44
16.07.2026 00:00:00 +02:00,17312.65,12105.84
16.07.2026 01:00:00 +02:00,16566.26,11694.90
16.07.2026 02:00:00 +02:00,16418.21,11469.87
16.07.2026 03:00:00 +02:00,15920.60,11318.54
16.07.2026 04:00:00 +02:00,15565.61,11196.86
16.07.2026 05:00:00 +02:00,16231.32,11183.79
16.07.2026 06:00:00 +02:00,16696.09,11522.08
16.07.2026 07:00:00 +02:00,16761.20,12034.43
16.07.2026 08:00:00 +02:00,15989.14,12318.96
16.07.2026 09:00:00 +02:00,15359.09,12593.84
16.07.2026 10:00:00 +02:00,13469.54,12735.94
16.07.2026 11:00:00 +02:00,12022.07,12783.79
16.07.2026 12:00:00 +02:00,11312.88,12727.40
16.07.2026 13:00:00 +02:00,11572.59,12702.54
16.07.2026 14:00:00 +02:00,12005.18,12768.04
16.07.2026 15:00:00 +02:00,12817.81,12752.46
16.07.2026 16:00:00 +02:00,14305.97,12806.54
16.07.2026 17:00:00 +02:00,16357.50,12849.34
16.07.2026 18:00:00 +02:00,18127.31,12914.60
16.07.2026 19:00:00 +02:00,18909.29,12968.77
16.07.2026 20:00:00 +02:00,19417.50,12960.39
16.07.2026 21:00:00 +02:00,18106.82,12820.62
16.07.2026 22:00:00 +02:00,18095.27,12734.14
16.07.2026 23:00:00 +02:00,17607.07,12460.26
17.07.2026 00:00:00 +02:00,16804.85,12050.73
17.07.2026 01:00:00 +02:00,15716.92,11658.38
17.07.2026 02:00:00 +02:00,14978.13,11425.77
17.07.2026 03:00:00 +02:00,14280.07,11279.99
17.07.2026 04:00:00 +02:00,14501.28,11148.22
17.07.2026 05:00:00 +02:00,14706.16,11147.98
17.07.2026 06:00:00 +02:00,15317.33,11511.20
17.07.2026 07:00:00 +02:00,15473.69,12066.62
17.07.2026 08:00:00 +02:00,15257.64,12530.98
17.07.2026 09:00:00 +02:00,14349.25,12675.16
17.07.2026 10:00:00 +02:00,13475.03,12903.89
17.07.2026 11:00:00 +02:00,12206.56,12956.13
17.07.2026 12:00:00 +02:00,11404.18,12975.92
17.07.2026 13:00:00 +02:00,11613.83,13007.96
17.07.2026 14:00:00 +02:00,11370.64,13001.06
17.07.2026 15:00:00 +02:00,11565.56,12978.52
17.07.2026 16:00:00 +02:00,12190.15,12985.98
17.07.2026 17:00:00 +02:00,13729.62,12941.04
17.07.2026 18:00:00 +02:00,15342.76,12959.68
17.07.2026 19:00:00 +02:00,16691.13,12984.52
17.07.2026 20:00:00 +02:00,16945.31,12846.84
17.07.2026 21:00:00 +02:00,17179.11,12637.47
17.07.2026 22:00:00 +02:00,16924.36,12486.99
17.07.2026 23:00:00 +02:00,16084.13,12168.05
18.07.2026 00:00:00 +02:00,15991.81,11910.19
18.07.2026 01:00:00 +02:00,15258.17,11593.59
18.07.2026 02:00:00 +02:00,14716.15,11307.44
18.07.2026 03:00:00 +02:00,14109.72,11100.87
18.07.2026 04:00:00 +02:00,13783.41,10967.81
18.07.2026 05:00:00 +02:00,12719.76,10858.83
18.07.2026 06:00:00 +02:00,12478.27,10967.21
18.07.2026 07:00:00 +02:00,12329.11,11158.50
18.07.2026 08:00:00 +02:00,10886.79,11413.80
18.07.2026 09:00:00 +02:00,10037.26,11823.62
18.07.2026 10:00:00 +02:00,9811.52,12083.58
18.07.2026 11:00:00 +02:00,9703.71,12215.90
18.07.2026 12:00:00 +02:00,9705.18,12293.58
18.07.2026 13:00:00 +02:00,9594.75,12332.88
18.07.2026 14:00:00 +02:00,9658.91,12306.39
18.07.2026 15:00:00 +02:00,9833.21,12321.20
18.07.2026 16:00:00 +02:00,10006.76,12387.49
18.07.2026 17:00:00 +02:00,10080.29,12447.10
18.07.2026 18:00:00 +02:00,11048.62,12523.60
18.07.2026 19:00:00 +02:00,12446.70,12550.54
18.07.2026 20:00:00 +02:00,14214.94,12533.62
18.07.2026 21:00:00 +02:00,14641.68,12458.04
18.07.2026 22:00:00 +02:00,14461.72,12340.99
18.07.2026 23:00:00 +02:00,14512.82,12175.79
19.07.2026 00:00:00 +02:00,13904.49,11888.80
19.07.2026 01:00:00 +02:00,13056.92,11619.47
19.07.2026 02:00:00 +02:00,11728.67,11406.11
19.07.2026 03:00:00 +02:00,11078.80,11276.46
19.07.2026 04:00:00 +02:00,10623.58,11199.33
19.07.2026 05:00:00 +02:00,10368.22,11088.46
19.07.2026 06:00:00 +02:00,9518.00,11115.97
19.07.2026 07:00:00 +02:00,8926.60,11198.40
19.07.2026 08:00:00 +02:00,8788.56,11426.86
19.07.2026 09:00:00 +02:00,8999.37,11676.43
19.07.2026 10:00:00 +02:00,9167.49,11916.33
19.07.2026 11:00:00 +02:00,9198.43,12036.39
19.07.2026 12:00:00 +02:00,9796.30,12032.31
19.07.2026 13:00:00 +02:00,9675.24,11977.88
19.07.2026 14:00:00 +02:00,9526.09,11959.43
19.07.2026 15:00:00 +02:00,9086.70,12006.28
19.07.2026 16:00:00 +02:00,8985.45,12097.57
19.07.2026 17:00:00 +02:00,9867.77,12235.73
19.07.2026 18:00:00 +02:00,10708.50,12342.89
19.07.2026 19:00:00 +02:00,11859.42,12443.60
19.07.2026 20:00:00 +02:00,13794.84,12577.86
19.07.2026 21:00:00 +02:00,14202.37,12514.60
19.07.2026 22:00:00 +02:00,14290.49,12426.72
19.07.2026 23:00:00 +02:00,13660.44,12233.52
20.07.2026 00:00:00 +02:00,13723.90,12076.71
20.07.2026 01:00:00 +02:00,13260.24,11845.15
20.07.2026 02:00:00 +02:00,12611.36,11577.47
20.07.2026 03:00:00 +02:00,12358.67,11447.76
20.07.2026 04:00:00 +02:00,12240.08,11364.12
20.07.2026 05:00:00 +02:00,13372.75,11408.07
20.07.2026 06:00:00 +02:00,14353.81,11728.50
20.07.2026 07:00:00 +02:00,13897.96,12118.90
20.07.2026 08:00:00 +02:00,11832.32,12404.08
20.07.2026 09:00:00 +02:00,10246.73,12643.92
20.07.2026 10:00:00 +02:00,10082.00,12685.54
20.07.2026 11:00:00 +02:00,10186.25,12718.30
20.07.2026 12:00:00 +02:00,10110.36,12628.27
20.07.2026 13:00:00 +02:00,10134.75,12568.95
20.07.2026 14:00:00 +02:00,10183.22,12566.86
20.07.2026 15:00:00 +02:00,10353.15,12541.93
20.07.2026 16:00:00 +02:00,10047.26,12568.48
20.07.2026 17:00:00 +02:00,10253.79,12555.01
20.07.2026 18:00:00 +02:00,12028.23,12616.92
20.07.2026 19:00:00 +02:00,15127.03,12678.80
20.07.2026 20:00:00 +02:00,16499.90,12722.78
20.07.2026 21:00:00 +02:00,16275.11,12637.18
20.07.2026 22:00:00 +02:00,15829.03,12565.66
20.07.2026 23:00:00 +02:00,15298.22,12367.64
21.07.2026 00:00:00 +02:00,14814.43,11977.47
21.07.2026 01:00:00 +02:00,14584.13,11642.44
21.07.2026 02:00:00 +02:00,14486.54,11420.04
21.07.2026 03:00:00 +02:00,13803.16,11259.38
21.07.2026 04:00:00 +02:00,14047.40,11205.97
21.07.2026 05:00:00 +02:00,14373.22,11241.19
21.07.2026 06:00:00 +02:00,14921.13,11563.86
21.07.2026 07:00:00 +02:00,15348.27,11838.66
21.07.2026 08:00:00 +02:00,14244.20,12259.92
21.07.2026 09:00:00 +02:00,12066.38,12417.35
21.07.2026 10:00:00 +02:00,10496.65,12573.17
21.07.2026 11:00:00 +02:00,10161.62,12641.66
21.07.2026 12:00:00 +02:00,10078.68,12666.49
21.07.2026 13:00:00 +02:00,10463.02,12765.78
21.07.2026 14:00:00 +02:00,10602.31,12759.82
21.07.2026 15:00:00 +02:00,10841.49,12827.11
21.07.2026 16:00:00 +02:00,10987.85,12953.17
21.07.2026 17:00:00 +02:00,11533.09,12919.27
21.07.2026 18:00:00 +02:00,14332.63,12937.00
21.07.2026 19:00:00 +02:00,16139.56,12925.63
21.07.2026 20:00:00 +02:00,17360.05,12925.46
21.07.2026 21:00:00 +02:00,17373.39,12767.07
21.07.2026 22:00:00 +02:00,16185.28,12566.94
21.07.2026 23:00:00 +02:00,15195.47,12256.80
22.07.2026 00:00:00 +02:00,15018.62,11842.25
22.07.2026 01:00:00 +02:00,14699.08,11533.83
22.07.2026 02:00:00 +02:00,14204.35,11289.75
22.07.2026 03:00:00 +02:00,13444.29,11186.39
22.07.2026 04:00:00 +02:00,12782.94,11056.68
22.07.2026 05:00:00 +02:00,12506.85,11039.66
22.07.2026 06:00:00 +02:00,12516.13,11373.04
22.07.2026 07:00:00 +02:00,12701.34,11794.58
22.07.2026 08:00:00 +02:00,12040.67,12058.78
22.07.2026 09:00:00 +02:00,10248.01,12290.18
22.07.2026 10:00:00 +02:00,10273.33,12482.20
22.07.2026 11:00:00 +02:00,10095.54,12561.47
22.07.2026 12:00:00 +02:00,10354.87,12593.22
22.07.2026 13:00:00 +02:00,10392.38,12554.05
22.07.2026 14:00:00 +02:00,10419.48,12549.88
22.07.2026 15:00:00 +02:00,10601.51,12544.04
22.07.2026 16:00:00 +02:00,10418.37,12609.57
22.07.2026 17:00:00 +02:00,10695.10,12635.66
22.07.2026 18:00:00 +02:00,11769.44,12674.68
22.07.2026 19:00:00 +02:00,13565.27,12690.17
22.07.2026 20:00:00 +02:00,14486.33,12655.65
22.07.2026 21:00:00 +02:00,14809.09,12615.86
22.07.2026 22:00:00 +02:00,14328.89,12542.34
22.07.2026 23:00:00 +02:00,13850.98,12330.52
23.07.2026 00:00:00 +02:00,13998.55,11923.84
23.07.2026 01:00:00 +02:00,13389.42,11569.88
23.07.2026 02:00:00 +02:00,13008.39,11355.22
23.07.2026 03:00:00 +02:00,12604.15,11289.49
23.07.2026 04:00:00 +02:00,12793.55,11220.86
23.07.2026 05:00:00 +02:00,13605.43,11288.24
23.07.2026 06:00:00 +02:00,14805.64,11664.90
23.07.2026 07:00:00 +02:00,15452.32,12142.43
23.07.2026 08:00:00 +02:00,15171.82,12467.22
23.07.2026 09:00:00 +02:00,13430.15,12554.43
23.07.2026 10:00:00 +02:00,11964.93,12652.18
23.07.2026 11:00:00 +02:00,10815.03,12676.02
23.07.2026 12:00:00 +02:00,10527.73,12586.97
23.07.2026 13:00:00 +02:00,10504.58,12611.98
23.07.2026 14:00:00 +02:00,10779.65,12655.06
23.07.2026 15:00:00 +02:00,11031.01,12740.20
23.07.2026 16:00:00 +02:00,10733.86,12831.44
23.07.2026 17:00:00 +02:00,11575.79,12880.39
23.07.2026 18:00:00 +02:00,14833.73,12985.88
23.07.2026 19:00:00 +02:00,17679.56,12935.30
23.07.2026 20:00:00 +02:00,18862.51,12907.72
23.07.2026 21:00:00 +02:00,18886.52,12817.97
23.07.2026 22:00:00 +02:00,18584.23,12730.18
23.07.2026 23:00:00 +02:00,17890.82,12430.69
24.07.2026 00:00:00 +02:00,16238.29,12006.41
24.07.2026 01:00:00 +02:00,15553.79,11687.80
24.07.2026 02:00:00 +02:00,15042.29,11466.68
24.07.2026 03:00:00 +02:00,14981.88,11367.77
24.07.2026 04:00:00 +02:00,15054.58,11261.69
24.07.2026 05:00:00 +02:00,14926.54,11224.01
24.07.2026 06:00:00 +02:00,15424.65,11537.52
24.07.2026 07:00:00 +02:00,15925.15,11876.39
24.07.2026 08:00:00 +02:00,15728.23,12414.51
24.07.2026 09:00:00 +02:00,13602.90,12687.36
24.07.2026 10:00:00 +02:00,11771.62,12882.83
24.07.2026 11:00:00 +02:00,10861.11,12999.30
24.07.2026 12:00:00 +02:00,10327.60,12956.16
24.07.2026 13:00:00 +02:00,10123.85,13018.49
24.07.2026 14:00:00 +02:00,9813.37,13094.74
24.07.2026 15:00:00 +02:00,9637.23,13106.85
24.07.2026 16:00:00 +02:00,10004.23,13065.93
24.07.2026 17:00:00 +02:00,12535.17,12990.37
24.07.2026 18:00:00 +02:00,15161.65,12995.31
24.07.2026 19:00:00 +02:00,16292.12,12960.42
24.07.2026 20:00:00 +02:00,16139.37,12827.72
24.07.2026 21:00:00 +02:00,16191.23,12624.11
24.07.2026 22:00:00 +02:00,16037.38,12590.42
24.07.2026 23:00:00 +02:00,15734.39,12315.29
25.07.2026 00:00:00 +02:00,15255.84,11985.02
25.07.2026 01:00:00 +02:00,14954.78,11623.68
25.07.2026 02:00:00 +02:00,14489.16,11375.48
25.07.2026 03:00:00 +02:00,14329.26,11233.76
25.07.2026 04:00:00 +02:00,13607.98,11058.47
25.07.2026 05:00:00 +02:00,13130.33,10936.22
25.07.2026 06:00:00 +02:00,12298.88,11010.08
25.07.2026 07:00:00 +02:00,10984.51,11193.30
25.07.2026 08:00:00 +02:00,9785.27,11509.61
25.07.2026 09:00:00 +02:00,8646.13,11937.03
25.07.2026 10:00:00 +02:00,8808.15,12244.42
25.07.2026 11:00:00 +02:00,8740.54,12426.46
25.07.2026 12:00:00 +02:00,8658.12,12483.45
25.07.2026 13:00:00 +02:00,8499.37,12539.32
25.07.2026 14:00:00 +02:00,8856.29,12611.95
25.07.2026 15:00:00 +02:00,8813.97,12639.69
25.07.2026 16:00:00 +02:00,9002.26,12615.11
25.07.2026 17:00:00 +02:00,9591.76,12578.66
25.07.2026 18:00:00 +02:00,11177.47,12337.33
25.07.2026 19:00:00 +02:00,13581.38,12295.54
25.07.2026 20:00:00 +02:00,14672.46,12162.87
25.07.2026 21:00:00 +02:00,14817.73,12022.00
25.07.2026 22:00:00 +02:00,14449.94,12002.85
25.07.2026 23:00:00 +02:00,14516.24,11842.19
26.07.2026 00:00:00 +02:00,13499.19,11545.66
26.07.2026 01:00:00 +02:00,13287.63,11383.66
26.07.2026 02:00:00 +02:00,13101.81,11243.82
26.07.2026 03:00:00 +02:00,13063.79,11143.12
26.07.2026 04:00:00 +02:00,12303.37,11061.32
26.07.2026 05:00:00 +02:00,11557.35,10943.87
26.07.2026 06:00:00 +02:00,9726.54,10913.87
26.07.2026 07:00:00 +02:00,8865.90,10992.91
26.07.2026 08:00:00 +02:00,8554.77,11159.58
26.07.2026 09:00:00 +02:00,8593.71,11418.45
26.07.2026 10:00:00 +02:00,8206.48,11621.57
26.07.2026 11:00:00 +02:00,7752.89,11714.40
26.07.2026 12:00:00 +02:00,7725.35,11798.41
26.07.2026 13:00:00 +02:00,7636.78,11860.40
26.07.2026 14:00:00 +02:00,7595.63,11921.51
26.07.2026 15:00:00 +02:00,7433.25,11967.30
26.07.2026 16:00:00 +02:00,7777.18,12039.20
26.07.2026 17:00:00 +02:00,8983.97,12223.20
26.07.2026 18:00:00 +02:00,10687.95,12272.86
26.07.2026 19:00:00 +02:00,12672.62,12363.75
26.07.2026 20:00:00 +02:00,13408.09,12404.08
26.07.2026 21:00:00 +02:00,13998.14,12363.01
26.07.2026 22:00:00 +02:00,13126.61,12370.95
26.07.2026 23:00:00 +02:00,12056.94,12115.90
27.07.2026 00:00:00 +02:00,10363.20,11739.67
27.07.2026 01:00:00 +02:00,10237.66,11486.22
27.07.2026 02:00:00 +02:00,10460.56,11291.02
27.07.2026 03:00:00 +02:00,10890.11,11220.79
27.07.2026 04:00:00 +02:00,11095.10,11210.55
27.07.2026 05:00:00 +02:00,11255.56,11259.99
27.07.2026 06:00:00 +02:00,11957.09,11715.30
27.07.2026 07:00:00 +02:00,12257.96,12294.76
27.07.2026 08:00:00 +02:00,11904.79,12593.05
27.07.2026 09:00:00 +02:00,11573.10,12776.48
27.07.2026 10:00:00 +02:00,11781.86,12877.13
27.07.2026 11:00:00 +02:00,10890.77,12946.18
27.07.2026 12:00:00 +02:00,10809.33,12969.54
27.07.2026 13:00:00 +02:00,10892.84,12966.02
27.07.2026 14:00:00 +02:00,10873.47,13001.06
27.07.2026 15:00:00 +02:00,10841.25,13010.61
27.07.2026 16:00:00 +02:00,11106.55,12994.52
27.07.2026 17:00:00 +02:00,11681.69,12890.14
27.07.2026 18:00:00 +02:00,13036.28,12948.16
27.07.2026 19:00:00 +02:00,14665.32,12994.32
27.07.2026 20:00:00 +02:00,15561.08,12997.82
27.07.2026 21:00:00 +02:00,16048.96,12893.06
27.07.2026 22:00:00 +02:00,15998.48,12829.21
27.07.2026 23:00:00 +02:00,15607.54,12445.53
28.07.2026 00:00:00 +02:00,14817.66,12073.06
28.07.2026 01:00:00 +02:00,14319.97,11730.20
28.07.2026 02:00:00 +02:00,14139.37,11522.88
28.07.2026 03:00:00 +02:00,13820.13,11412.76
28.07.2026 04:00:00 +02:00,13638.63,11395.57
28.07.2026 05:00:00 +02:00,13530.73,11402.66
28.07.2026 06:00:00 +02:00,14544.61,11866.42
28.07.2026 07:00:00 +02:00,15193.18,12299.45
28.07.2026 08:00:00 +02:00,14210.29,12538.57
28.07.2026 09:00:00 +02:00,11638.94,12675.93
28.07.2026 10:00:00 +02:00,10100.08,12837.92
28.07.2026 11:00:00 +02:00,9680.35,12866.97
28.07.2026 12:00:00 +02:00,9742.96,12820.94
28.07.2026 13:00:00 +02:00,9936.79,12805.08
28.07.2026 14:00:00 +02:00,9921.64,12921.98
28.07.2026 15:00:00 +02:00,9830.98,13016.58
28.07.2026 16:00:00 +02:00,9637.96,13063.30
28.07.2026 17:00:00 +02:00,11634.01,13093.52
28.07.2026 18:00:00 +02:00,15115.99,13171.72
28.07.2026 19:00:00 +02:00,16203.52,13166.86
28.07.2026 20:00:00 +02:00,16674.73,13089.58
28.07.2026 21:00:00 +02:00,16395.80,13006.58
28.07.2026 22:00:00 +02:00,15857.11,12843.23
28.07.2026 23:00:00 +02:00,15384.03,12472.37
29.07.2026 00:00:00 +02:00,15260.79,11987.08
29.07.2026 01:00:00 +02:00,15077.11,11700.02
29.07.2026 02:00:00 +02:00,14443.23,11448.74
29.07.2026 03:00:00 +02:00,14128.39,11322.05
29.07.2026 04:00:00 +02:00,14027.14,11264.30
29.07.2026 05:00:00 +02:00,14600.08,11231.71
29.07.2026 06:00:00 +02:00,14817.82,11678.54
29.07.2026 07:00:00 +02:00,15327.33,12273.56
29.07.2026 08:00:00 +02:00,14783.23,12538.44
29.07.2026 09:00:00 +02:00,12149.47,12669.88
29.07.2026 10:00:00 +02:00,10465.61,12793.50
29.07.2026 11:00:00 +02:00,10248.41,12917.11
29.07.2026 12:00:00 +02:00,10340.25,12941.21
29.07.2026 13:00:00 +02:00,10104.40,12900.97
29.07.2026 14:00:00 +02:00,10208.28,12995.01
29.07.2026 15:00:00 +02:00,10659.00,13070.88
29.07.2026 16:00:00 +02:00,11313.27,13152.65
29.07.2026 17:00:00 +02:00,13500.69,13083.85
29.07.2026 18:00:00 +02:00,15831.43,13156.18
29.07.2026 19:00:00 +02:00,16773.90,13136.45
29.07.2026 20:00:00 +02:00,16673.29,13038.11
29.07.2026 21:00:00 +02:00,16406.73,12868.98
29.07.2026 22:00:00 +02:00,15941.56,12717.58
29.07.2026 23:00:00 +02:00,15122.07,12356.62
30.07.2026 00:00:00 +02:00,14529.21,11910.62
30.07.2026 01:00:00 +02:00,14142.52,11523.16
30.07.2026 02:00:00 +02:00,13996.08,11307.88
30.07.2026 03:00:00 +02:00,13647.90,11174.00
30.07.2026 04:00:00 +02:00,12846.76,11077.14
30.07.2026 05:00:00 +02:00,13304.50,11111.70
30.07.2026 06:00:00 +02:00,14290.10,11531.40
30.07.2026 07:00:00 +02:00,15242.08,12153.30
30.07.2026 08:00:00 +02:00,14279.14,12591.52
30.07.2026 09:00:00 +02:00,12399.66,12573.04
30.07.2026 10:00:00 +02:00,10892.12,12826.60
30.07.2026 11:00:00 +02:00,10620.51,13025.42
30.07.2026 12:00:00 +02:00,10405.22,12928.66
30.07.2026 13:00:00 +02:00,10356.50,12956.06
30.07.2026 14:00:00 +02:00,10374.11,13007.15
30.07.2026 15:00:00 +02:00,10531.87,12921.86
30.07.2026 16:00:00 +02:00,11504.02,13026.68
30.07.2026 17:00:00 +02:00,13807.76,13057.21
30.07.2026 18:00:00 +02:00,15537.82,13090.46
30.07.2026 19:00:00 +02:00,16895.69,13028.85
30.07.2026 20:00:00 +02:00,16742.73,12926.36
30.07.2026 21:00:00 +02:00,16249.70,12784.23
30.07.2026 22:00:00 +02:00,15972.44,12652.48
30.07.2026 23:00:00 +02:00,15722.75,12435.07
31.07.2026 00:00:00 +02:00,14901.90,12066.41
31.07.2026 01:00:00 +02:00,14564.47,11731.34
31.07.2026 02:00:00 +02:00,14481.84,11536.53
31.07.2026 03:00:00 +02:00,14407.61,11429.67
31.07.2026 04:00:00 +02:00,14210.64,11345.10
31.07.2026 05:00:00 +02:00,14890.34,11447.07
31.07.2026 06:00:00 +02:00,15513.15,11831.24
31.07.2026 07:00:00 +02:00,16191.00,12354.86
31.07.2026 08:00:00 +02:00,16229.27,12645.30
31.07.2026 09:00:00 +02:00,10627.79,12414.29
31.07.2026 10:00:00 +02:00,12623.52,12748.69
31.07.2026 11:00:00 +02:00,11222.39,12777.84
31.07.2026 12:00:00 +02:00,11080.29,12865.33
31.07.2026 13:00:00 +02:00,10816.54,12860.20
31.07.2026 14:00:00 +02:00,11198.88,12875.46
31.07.2026 15:00:00 +02:00,11926.00,12861.28
31.07.2026 16:00:00 +02:00,13407.32,12880.67
31.07.2026 17:00:00 +02:00,15777.93,12931.96
31.07.2026 18:00:00 +02:00,16965.02,12994.76
31.07.2026 19:00:00 +02:00,16828.44,12982.54
31.07.2026 20:00:00 +02:00,16962.94,12924.24
31.07.2026 21:00:00 +02:00,16925.32,12838.04
31.07.2026 22:00:00 +02:00,16681.77,12786.29
31.07.2026 23:00:00 +02:00,16313.64,12469.81
01.08.2026 00:00:00 +02:00,16021.45,12186.88
01.08.2026 01:00:00 +02:00,15806.43,11829.58
01.08.2026 02:00:00 +02:00,15544.60,11619.90
01.08.2026 03:00:00 +02:00,15377.72,11465.17
01.08.2026 04:00:00 +02:00,15408.45,11422.56
01.08.2026 05:00:00 +02:00,15303.16,11327.10
01.08.2026 06:00:00 +02:00,15374.98,11338.41
01.08.2026 07:00:00 +02:00,15457.83,11543.90
01.08.2026 08:00:00 +02:00,15130.54,11768.12
01.08.2026 09:00:00 +02:00,13935.39,12028.54
01.08.2026 10:00:00 +02:00,12479.16,12182.07
01.08.2026 11:00:00 +02:00,11183.67,12236.40
01.08.2026 12:00:00 +02:00,10403.63,12219.94
01.08.2026 13:00:00 +02:00,10230.22,12259.39
01.08.2026 14:00:00 +02:00,10083.41,12231.56
01.08.2026 15:00:00 +02:00,9533.19,12231.82
01.08.2026 16:00:00 +02:00,9955.36,12272.47
01.08.2026 17:00:00 +02:00,11842.19,12426.25
01.08.2026 18:00:00 +02:00,15140.62,12617.98
01.08.2026 19:00:00 +02:00,16569.06,12716.60
01.08.2026 20:00:00 +02:00,16552.11,12643.00
01.08.2026 21:00:00 +02:00,16351.26,12545.42
01.08.2026 22:00:00 +02:00,16054.52,12466.42
01.08.2026 23:00:00 +02:00,15583.41,12215.86
02.08.2026 00:00:00 +02:00,14907.59,11889.03
02.08.2026 01:00:00 +02:00,14800.61,11606.32
02.08.2026 02:00:00 +02:00,14836.45,11434.11
02.08.2026 03:00:00 +02:00,14747.23,11311.28
02.08.2026 04:00:00 +02:00,14598.85,11233.18
02.08.2026 05:00:00 +02:00,14696.81,11173.06
02.08.2026 06:00:00 +02:00,14180.54,11125.71
02.08.2026 07:00:00 +02:00,13975.55,11210.89
02.08.2026 08:00:00 +02:00,12492.55,11370.73
02.08.2026 09:00:00 +02:00,10567.32,11461.26
02.08.2026 10:00:00 +02:00,9673.97,11822.30
02.08.2026 11:00:00 +02:00,9428.84,11983.98
02.08.2026 12:00:00 +02:00,9381.99,12055.76
02.08.2026 13:00:00 +02:00,9467.48,12086.56
02.08.2026 14:00:00 +02:00,9631.23,12167.35
02.08.2026 15:00:00 +02:00,9852.47,12221.52
02.08.2026 16:00:00 +02:00,10611.49,12402.59
02.08.2026 17:00:00 +02:00,11628.07,12517.34
02.08.2026 18:00:00 +02:00,14528.72,12767.73
02.08.2026 19:00:00 +02:00,16578.30,12985.38
02.08.2026 20:00:00 +02:00,17057.00,13015.76
02.08.2026 21:00:00 +02:00,17004.81,12973.74
02.08.2026 22:00:00 +02:00,16950.60,12937.19
02.08.2026 23:00:00 +02:00,15763.72,12595.40
03.08.2026 00:00:00 +02:00,14835.43,12164.28
03.08.2026 01:00:00 +02:00,14507.02,11845.76
03.08.2026 02:00:00 +02:00,14467.55,11677.53
03.08.2026 03:00:00 +02:00,13954.75,11586.76
03.08.2026 04:00:00 +02:00,14195.75,11605.24
03.08.2026 05:00:00 +02:00,14692.74,11724.12
03.08.2026 06:00:00 +02:00,15942.59,12376.51
03.08.2026 07:00:00 +02:00,16621.73,13044.73
03.08.2026 08:00:00 +02:00,16034.78,13363.60
03.08.2026 09:00:00 +02:00,14252.68,13180.03
03.08.2026 10:00:00 +02:00,12700.54,13182.98
03.08.2026 11:00:00 +02:00,11633.28,13345.07
03.08.2026 12:00:00 +02:00,11031.81,13318.31
03.08.2026 13:00:00 +02:00,11275.35,13298.66
03.08.2026 14:00:00 +02:00,11389.31,13289.88
03.08.2026 15:00:00 +02:00,11838.70,13273.11
03.08.2026 16:00:00 +02:00,12856.00,13394.85
03.08.2026 17:00:00 +02:00,15064.38,13421.88
03.08.2026 18:00:00 +02:00,16567.05,13474.18
03.08.2026 19:00:00 +02:00,18306.94,13460.26
03.08.2026 20:00:00 +02:00,18318.39,13464.33
03.08.2026 21:00:00 +02:00,18131.51,13418.60
03.08.2026 22:00:00 +02:00,17277.02,13277.98
03.08.2026 23:00:00 +02:00,16617.72,12866.96
04.08.2026 00:00:00 +02:00,15411.54,12351.48
04.08.2026 01:00:00 +02:00,14573.33,11994.30
04.08.2026 02:00:00 +02:00,14055.54,11753.42
04.08.2026 03:00:00 +02:00,13688.37,11573.10
04.08.2026 04:00:00 +02:00,13917.92,11579.64
04.08.2026 05:00:00 +02:00,14956.85,11712.55
04.08.2026 06:00:00 +02:00,15840.50,12331.94
04.08.2026 07:00:00 +02:00,16790.76,13014.33
04.08.2026 08:00:00 +02:00,16469.15,13236.97
04.08.2026 09:00:00 +02:00,14944.14,13191.17
04.08.2026 10:00:00 +02:00,12490.63,13140.61
04.08.2026 11:00:00 +02:00,11147.64,13196.04
04.08.2026 12:00:00 +02:00,10793.91,13286.37
04.08.2026 13:00:00 +02:00,10656.02,13338.68
04.08.2026 14:00:00 +02:00,10704.91,13431.50
04.08.2026 15:00:00 +02:00,11510.86,13531.06
04.08.2026 16:00:00 +02:00,12681.46,13686.64
04.08.2026 17:00:00 +02:00,15154.55,13716.29
04.08.2026 18:00:00 +02:00,16687.08,13737.16
04.08.2026 19:00:00 +02:00,17952.74,13720.02
04.08.2026 20:00:00 +02:00,17561.72,13628.34
04.08.2026 21:00:00 +02:00,17175.34,13529.59
04.08.2026 22:00:00 +02:00,16876.75,13330.86
04.08.2026 23:00:00 +02:00,16412.87,12837.26
05.08.2026 00:00:00 +02:00,15808.59,12360.57
05.08.2026 01:00:00 +02:00,15561.96,12053.31
05.08.2026 02:00:00 +02:00,14982.44,11779.45
05.08.2026 03:00:00 +02:00,14438.74,11665.92
05.08.2026 04:00:00 +02:00,14404.28,11673.31
05.08.2026 05:00:00 +02:00,14216.02,11742.70
05.08.2026 06:00:00 +02:00,14494.99,12273.24
05.08.2026 07:00:00 +02:00,15479.09,12979.48
05.08.2026 08:00:00 +02:00,14294.40,13293.98
05.08.2026 09:00:00 +02:00,11947.62,13419.04
05.08.2026 10:00:00 +02:00,10142.63,13530.64
05.08.2026 11:00:00 +02:00,9586.20,13580.21
05.08.2026 12:00:00 +02:00,9148.85,13672.04
05.08.2026 13:00:00 +02:00,9236.35,13730.02
05.08.2026 14:00:00 +02:00,9194.07,13746.23
05.08.2026 15:00:00 +02:00,9269.70,13792.61
05.08.2026 16:00:00 +02:00,9409.48,13892.11
05.08.2026 17:00:00 +02:00,10415.39,13822.44
05.08.2026 18:00:00 +02:00,12706.08,13747.20
05.08.2026 19:00:00 +02:00,14941.65,13693.52
05.08.2026 20:00:00 +02:00,16198.05,13615.30
05.08.2026 21:00:00 +02:00,16706.69,13473.63
05.08.2026 22:00:00 +02:00,17167.10,13224.89
05.08.2026 23:00:00 +02:00,16602.29,12748.70
06.08.2026 00:00:00 +02:00,15297.66,12030.16
06.08.2026 01:00:00 +02:00,14614.94,11833.42
06.08.2026 02:00:00 +02:00,13666.07,11584.94
06.08.2026 03:00:00 +02:00,12809.19,11435.93
06.08.2026 04:00:00 +02:00,12060.05,11352.92
06.08.2026 05:00:00 +02:00,12757.17,11355.00
06.08.2026 06:00:00 +02:00,13660.35,11965.67
06.08.2026 07:00:00 +02:00,14181.49,12774.77
06.08.2026 08:00:00 +02:00,13330.14,13126.32
06.08.2026 09:00:00 +02:00,10752.81,12957.73
06.08.2026 10:00:00 +02:00,9873.96,13109.80
06.08.2026 11:00:00 +02:00,10499.00,13291.23
06.08.2026 12:00:00 +02:00,10614.56,13255.51
06.08.2026 13:00:00 +02:00,10657.71,13154.92
06.08.2026 14:00:00 +02:00,10594.88,13171.52
06.08.2026 15:00:00 +02:00,10841.04,13280.71
06.08.2026 16:00:00 +02:00,11069.62,13430.52
06.08.2026 17:00:00 +02:00,11610.39,13458.31
06.08.2026 18:00:00 +02:00,12730.97,13441.57
06.08.2026 19:00:00 +02:00,14619.87,13455.42
06.08.2026 20:00:00 +02:00,15322.55,13420.32
06.08.2026 21:00:00 +02:00,15764.79,13373.32
06.08.2026 22:00:00 +02:00,15844.16,13297.68
06.08.2026 23:00:00 +02:00,15450.18,12899.39
07.08.2026 00:00:00 +02:00,14713.62,12472.78
07.08.2026 01:00:00 +02:00,14208.81,12088.34
07.08.2026 02:00:00 +02:00,13526.25,11843.47
07.08.2026 03:00:00 +02:00,13234.20,11702.85
07.08.2026 04:00:00 +02:00,12954.70,11644.58
07.08.2026 05:00:00 +02:00,13417.33,11699.36
07.08.2026 06:00:00 +02:00,14744.48,12228.95
07.08.2026 07:00:00 +02:00,15619.51,12988.90
07.08.2026 08:00:00 +02:00,15016.44,13331.33
07.08.2026 09:00:00 +02:00,13367.07,13319.20
07.08.2026 10:00:00 +02:00,11574.99,13455.56
07.08.2026 11:00:00 +02:00,10700.80,13516.50
07.08.2026 12:00:00 +02:00,9949.67,13483.80
07.08.2026 13:00:00 +02:00,9882.01,13426.12
07.08.2026 14:00:00 +02:00,10000.02,13419.65
07.08.2026 15:00:00 +02:00,10174.53,13414.92
07.08.2026 16:00:00 +02:00,10768.71,13433.40
07.08.2026 17:00:00 +02:00,12469.99,13435.41
07.08.2026 18:00:00 +02:00,14829.49,13481.02
07.08.2026 19:00:00 +02:00,16205.50,13532.15
07.08.2026 20:00:00 +02:00,17030.74,13440.06
07.08.2026 21:00:00 +02:00,17140.91,13318.01
07.08.2026 22:00:00 +02:00,16857.28,13230.76
07.08.2026 23:00:00 +02:00,16571.63,12924.10
08.08.2026 00:00:00 +02:00,15324.96,12526.58
08.08.2026 01:00:00 +02:00,14588.21,12152.88
08.08.2026 02:00:00 +02:00,13932.77,11886.16
08.08.2026 03:00:00 +02:00,13439.92,11763.70
08.08.2026 04:00:00 +02:00,13477.40,11675.68
08.08.2026 05:00:00 +02:00,13433.37,11541.00
08.08.2026 06:00:00 +02:00,13485.36,11528.13
08.08.2026 07:00:00 +02:00,13555.74,11752.44
08.08.2026 08:00:00 +02:00,12604.43,12045.44
08.08.2026 09:00:00 +02:00,10749.68,12431.24
08.08.2026 10:00:00 +02:00,10019.75,12693.50
08.08.2026 11:00:00 +02:00,9169.00,12730.43
08.08.2026 12:00:00 +02:00,8731.99,12684.62
08.08.2026 13:00:00 +02:00,8052.93,12593.78
08.08.2026 14:00:00 +02:00,7844.25,12682.63
08.08.2026 15:00:00 +02:00,8448.69,12704.37
08.08.2026 16:00:00 +02:00,9157.80,12724.23
08.08.2026 17:00:00 +02:00,10874.30,12802.69
08.08.2026 18:00:00 +02:00,14060.10,12917.61
08.08.2026 19:00:00 +02:00,15763.42,12972.66
08.08.2026 20:00:00 +02:00,16125.05,12876.35
08.08.2026 21:00:00 +02:00,16469.05,12792.04
08.08.2026 22:00:00 +02:00,16369.82,12712.99
08.08.2026 23:00:00 +02:00,15851.83,12444.97
09.08.2026 00:00:00 +02:00,15259.38,12142.33
09.08.2026 01:00:00 +02:00,14575.45,11797.35
09.08.2026 02:00:00 +02:00,14143.65,11572.07
09.08.2026 03:00:00 +02:00,14230.15,11480.18
09.08.2026 04:00:00 +02:00,14304.57,11378.05
09.08.2026 05:00:00 +02:00,14547.48,11294.46
09.08.2026 06:00:00 +02:00,13893.78,11252.73
09.08.2026 07:00:00 +02:00,13591.99,11402.26
09.08.2026 08:00:00 +02:00,12775.29,11717.28
09.08.2026 09:00:00 +02:00,11015.17,12124.39
09.08.2026 10:00:00 +02:00,10184.21,12426.02
09.08.2026 11:00:00 +02:00,9877.07,12604.25
09.08.2026 12:00:00 +02:00,9744.72,12627.96
09.08.2026 13:00:00 +02:00,9480.26,12697.33
09.08.2026 14:00:00 +02:00,9503.94,12794.86
09.08.2026 15:00:00 +02:00,9641.36,12919.16
09.08.2026 16:00:00 +02:00,10783.33,13014.82
09.08.2026 17:00:00 +02:00,12726.90,13153.22
09.08.2026 18:00:00 +02:00,15392.91,13253.98
09.08.2026 19:00:00 +02:00,16589.27,13279.11
09.08.2026 20:00:00 +02:00,16510.81,13307.55
09.08.2026 21:00:00 +02:00,16359.59,13270.90
09.08.2026 22:00:00 +02:00,15819.01,13117.70
09.08.2026 23:00:00 +02:00,15029.54,12702.80
10.08.2026 00:00:00 +02:00,13216.28,12262.16
10.08.2026 01:00:00 +02:00,12608.32,11946.79
10.08.2026 02:00:00 +02:00,12557.95,11773.06
10.08.2026 03:00:00 +02:00,12983.86,11691.32
10.08.2026 04:00:00 +02:00,13386.11,11714.56
10.08.2026 05:00:00 +02:00,13939.66,11815.72
10.08.2026 06:00:00 +02:00,15401.89,12532.75
10.08.2026 07:00:00 +02:00,16601.74,13372.44
10.08.2026 08:00:00 +02:00,17131.14,13765.43
10.08.2026 09:00:00 +02:00,15380.91,13549.59
10.08.2026 10:00:00 +02:00,13746.54,13521.92
10.08.2026 11:00:00 +02:00,12544.44,13682.29
10.08.2026 12:00:00 +02:00,11930.47,13676.34
10.08.2026 13:00:00 +02:00,11807.07,13669.06
10.08.2026 14:00:00 +02:00,11819.45,13650.99
10.08.2026 15:00:00 +02:00,12177.41,13697.36
10.08.2026 16:00:00 +02:00,12750.16,13790.46
10.08.2026 17:00:00 +02:00,13925.29,13756.60
10.08.2026 18:00:00 +02:00,14580.27,13727.04
10.08.2026 19:00:00 +02:00,15615.49,13769.40
10.08.2026 20:00:00 +02:00,16406.08,13725.95
10.08.2026 21:00:00 +02:00,16239.00,13752.32
10.08.2026 22:00:00 +02:00,15999.46,13601.84
10.08.2026 23:00:00 +02:00,15076.55,13123.72
11.08.2026 00:00:00 +02:00,13979.04,12594.49
11.08.2026 01:00:00 +02:00,13687.32,12272.79
11.08.2026 02:00:00 +02:00,13305.91,12091.60
11.08.2026 03:00:00 +02:00,13387.64,11999.25
11.08.2026 04:00:00 +02:00,13770.52,11999.22
11.08.2026 05:00:00 +02:00,14310.57,12152.48
11.08.2026 06:00:00 +02:00,15548.07,12871.11
11.08.2026 07:00:00 +02:00,16495.62,13725.30
11.08.2026 08:00:00 +02:00,14900.97,13869.34
11.08.2026 09:00:00 +02:00,13704.26,13825.34
11.08.2026 10:00:00 +02:00,12058.48,13814.67
11.08.2026 11:00:00 +02:00,11358.60,13712.64
11.08.2026 12:00:00 +02:00,11269.81,13635.12
11.08.2026 13:00:00 +02:00,11442.89,13615.07
11.08.2026 14:00:00 +02:00,11543.30,13708.88
11.08.2026 15:00:00 +02:00,11565.53,13829.44
11.08.2026 16:00:00 +02:00,12048.84,13983.43
11.08.2026 17:00:00 +02:00,13746.44,13937.68
11.08.2026 18:00:00 +02:00,16037.12,14021.67
11.08.2026 19:00:00 +02:00,17012.39,14073.28
11.08.2026 20:00:00 +02:00,17543.76,14130.98
11.08.2026 21:00:00 +02:00,17734.41,14165.80
11.08.2026 22:00:00 +02:00,17353.63,14036.36
11.08.2026 23:00:00 +02:00,16696.03,13557.23
12.08.2026 00:00:00 +02:00,15703.93,12998.29
12.08.2026 01:00:00 +02:00,14780.07,12664.66
12.08.2026 02:00:00 +02:00,14239.00,12413.79
12.08.2026 03:00:00 +02:00,14084.60,12290.12
12.08.2026 04:00:00 +02:00,14163.74,12286.14
12.08.2026 05:00:00 +02:00,14845.71,12448.22
12.08.2026 06:00:00 +02:00,16317.27,13063.82
12.08.2026 07:00:00 +02:00,16981.89,13895.45
12.08.2026 08:00:00 +02:00,15883.42,14051.33
12.08.2026 09:00:00 +02:00,13612.58,13887.51
12.08.2026 10:00:00 +02:00,11541.67,13869.26
12.08.2026 11:00:00 +02:00,11062.24,13861.26
12.08.2026 12:00:00 +02:00,10929.65,13832.64
12.08.2026 13:00:00 +02:00,10785.22,13692.62
12.08.2026 14:00:00 +02:00,10942.99,13776.75
12.08.2026 15:00:00 +02:00,11144.96,13974.95
12.08.2026 16:00:00 +02:00,11933.03,14149.57
12.08.2026 17:00:00 +02:00,14847.21,14133.91
12.08.2026 18:00:00 +02:00,16855.52,14098.67
12.08.2026 19:00:00 +02:00,17752.62,14149.86
12.08.2026 20:00:00 +02:00,17732.04,14233.39
12.08.2026 21:00:00 +02:00,17155.08,14173.18
12.08.2026 22:00:00 +02:00,16994.51,13976.24
12.08.2026 23:00:00 +02:00,16150.77,13439.24
13.08.2026 00:00:00 +02:00,15601.08,12825.62
13.08.2026 01:00:00 +02:00,14825.93,12406.20
13.08.2026 02:00:00 +02:00,14436.84,12180.42
13.08.2026 03:00:00 +02:00,14261.16,12052.59
13.08.2026 04:00:00 +02:00,14346.11,12063.73
13.08.2026 05:00:00 +02:00,15210.21,12196.59
13.08.2026 06:00:00 +02:00,16499.22,12745.71
13.08.2026 07:00:00 +02:00,16726.29,13537.74
13.08.2026 08:00:00 +02:00,16078.05,13754.37
13.08.2026 09:00:00 +02:00,14173.62,13761.77
13.08.2026 10:00:00 +02:00,12457.62,13716.10
13.08.2026 11:00:00 +02:00,11029.70,13630.03
13.08.2026 12:00:00 +02:00,10745.27,13507.59
13.08.2026 13:00:00 +02:00,10752.18,13535.15
13.08.2026 14:00:00 +02:00,10902.57,13636.65
13.08.2026 15:00:00 +02:00,11399.94,13754.84
13.08.2026 16:00:00 +02:00,12845.01,14017.50
13.08.2026 17:00:00 +02:00,15344.49,14042.52
13.08.2026 18:00:00 +02:00,17639.34,14055.14
13.08.2026 19:00:00 +02:00,18209.43,14023.51
13.08.2026 20:00:00 +02:00,18216.93,13969.79
13.08.2026 21:00:00 +02:00,18303.20,14005.14
13.08.2026 22:00:00 +02:00,17539.13,13853.18
13.08.2026 23:00:00 +02:00,16583.11,13314.67
14.08.2026 00:00:00 +02:00,14853.10,12700.34
14.08.2026 01:00:00 +02:00,14288.84,12273.46
14.08.2026 02:00:00 +02:00,13916.31,12062.97
14.08.2026 03:00:00 +02:00,13546.44,11844.17
14.08.2026 04:00:00 +02:00,13537.02,11753.07
14.08.2026 05:00:00 +02:00,14003.84,11858.23
14.08.2026 06:00:00 +02:00,15428.29,12477.29
14.08.2026 07:00:00 +02:00,15947.47,13330.12
14.08.2026 08:00:00 +02:00,15272.21,13706.36
14.08.2026 09:00:00 +02:00,13969.53,13762.29
14.08.2026 10:00:00 +02:00,12420.91,13883.89
14.08.2026 11:00:00 +02:00,11392.77,13953.81
14.08.2026 12:00:00 +02:00,11367.39,13877.16
14.08.2026 13:00:00 +02:00,11015.25,13774.70
14.08.2026 14:00:00 +02:00,10978.63,13812.98
14.08.2026 15:00:00 +02:00,11341.32,13763.00
14.08.2026 16:00:00 +02:00,12224.47,13688.56
14.08.2026 17:00:00 +02:00,14884.55,13668.90
14.08.2026 18:00:00 +02:00,17218.52,13670.96
14.08.2026 19:00:00 +02:00,17934.12,13653.41
14.08.2026 20:00:00 +02:00,17788.36,13507.58
14.08.2026 21:00:00 +02:00,17305.59,13409.14
14.08.2026 22:00:00 +02:00,16905.73,13183.57
14.08.2026 23:00:00 +02:00,16246.37,12625.92
15.08.2026 00:00:00 +02:00,16116.03,12342.12
15.08.2026 01:00:00 +02:00,15396.04,11994.67
15.08.2026 02:00:00 +02:00,15231.62,11774.66
15.08.2026 03:00:00 +02:00,14975.01,11614.20
15.08.2026 04:00:00 +02:00,14667.78,11526.29
15.08.2026 05:00:00 +02:00,15007.53,11517.70
15.08.2026 06:00:00 +02:00,15208.08,11537.42
15.08.2026 07:00:00 +02:00,15193.66,11815.65
15.08.2026 08:00:00 +02:00,15095.69,12214.94
15.08.2026 09:00:00 +02:00,14184.54,12569.08
15.08.2026 10:00:00 +02:00,12193.92,12820.40
15.08.2026 11:00:00 +02:00,11379.45,12902.89
15.08.2026 12:00:00 +02:00,11358.54,12844.71
15.08.2026 13:00:00 +02:00,11278.94,12809.56
15.08.2026 14:00:00 +02:00,11228.47,12784.76
15.08.2026 15:00:00 +02:00,12045.74,12807.74
15.08.2026 16:00:00 +02:00,13287.49,12884.13
15.08.2026 17:00:00 +02:00,14651.14,13057.84
15.08.2026 18:00:00 +02:00,16019.23,13117.05
15.08.2026 19:00:00 +02:00,16521.93,13116.36
15.08.2026 20:00:00 +02:00,16172.68,12999.50
15.08.2026 21:00:00 +02:00,16245.09,12894.66
15.08.2026 22:00:00 +02:00,16479.45,12734.61
15.08.2026 23:00:00 +02:00,15976.78,12420.78
16.08.2026 00:00:00 +02:00,15401.87,11966.95
16.08.2026 01:00:00 +02:00,15066.94,11702.32
16.08.2026 02:00:00 +02:00,14826.98,11513.72
16.08.2026 03:00:00 +02:00,14670.82,11377.65
16.08.2026 04:00:00 +02:00,14484.59,11291.58
16.08.2026 05:00:00 +02:00,14471.84,11254.60
16.08.2026 06:00:00 +02:00,14539.86,11240.35
16.08.2026 07:00:00 +02:00,14286.59,11310.67
16.08.2026 08:00:00 +02:00,13997.22,11576.90
16.08.2026 09:00:00 +02:00,12660.25,11857.82
16.08.2026 10:00:00 +02:00,11176.45,12129.82
16.08.2026 11:00:00 +02:00,10549.96,12228.92
16.08.2026 12:00:00 +02:00,10325.13,12308.94
16.08.2026 13:00:00 +02:00,10397.78,12340.04
16.08.2026 14:00:00 +02:00,10495.43,12423.96
16.08.2026 15:00:00 +02:00,11074.75,12545.28
16.08.2026 16:00:00 +02:00,13177.52,12743.93
16.08.2026 17:00:00 +02:00,15213.75,12956.04
16.08.2026 18:00:00 +02:00,16631.36,13175.65
16.08.2026 19:00:00 +02:00,17018.57,13295.70
16.08.2026 20:00:00 +02:00,16828.54,13452.97
16.08.2026 21:00:00 +02:00,17066.81,13531.61
16.08.2026 22:00:00 +02:00,17036.93,13377.10
16.08.2026 23:00:00 +02:00,16495.02,12903.97
17.08.2026 00:00:00 +02:00,15850.74,12389.65
17.08.2026 01:00:00 +02:00,15607.85,12088.25
17.08.2026 02:00:00 +02:00,15376.46,11916.44
17.08.2026 03:00:00 +02:00,15444.06,11836.32
17.08.2026 04:00:00 +02:00,15367.20,11879.67
17.08.2026 05:00:00 +02:00,15757.02,12087.90
17.08.2026 06:00:00 +02:00,16463.57,12886.33
17.08.2026 07:00:00 +02:00,17941.18,13915.52
17.08.2026 08:00:00 +02:00,17958.50,14213.31
17.08.2026 09:00:00 +02:00,17383.97,14226.14
17.08.2026 10:00:00 +02:00,17059.28,14171.34
17.08.2026 11:00:00 +02:00,15904.70,13924.67
17.08.2026 12:00:00 +02:00,14963.90,13850.98
17.08.2026 13:00:00 +02:00,14307.54,13764.86
17.08.2026 14:00:00 +02:00,14213.01,13783.02
17.08.2026 15:00:00 +02:00,14734.32,13897.29
17.08.2026 16:00:00 +02:00,15000.32,14051.55
17.08.2026 17:00:00 +02:00,15908.58,14008.86
17.08.2026 18:00:00 +02:00,17095.90,13974.11
17.08.2026 19:00:00 +02:00,17691.64,14029.96
17.08.2026 20:00:00 +02:00,17758.38,14143.96
17.08.2026 21:00:00 +02:00,17719.40,14169.37
17.08.2026 22:00:00 +02:00,17356.02,13962.64
17.08.2026 23:00:00 +02:00,16874.05,13353.75
18.08.2026 00:00:00 +02:00,15234.02,12715.05
18.08.2026 01:00:00 +02:00,14151.08,12351.40
18.08.2026 02:00:00 +02:00,13839.54,12114.46
18.08.2026 03:00:00 +02:00,13775.16,12038.77
18.08.2026 04:00:00 +02:00,13729.60,12102.38
18.08.2026 05:00:00 +02:00,14202.49,12290.04
18.08.2026 06:00:00 +02:00,15138.70,13028.67
18.08.2026 07:00:00 +02:00,16237.59,13983.06
18.08.2026 08:00:00 +02:00,15918.61,14136.21
18.08.2026 09:00:00 +02:00,14842.43,13820.44
18.08.2026 10:00:00 +02:00,13479.77,13875.07
18.08.2026 11:00:00 +02:00,13156.37,13810.90
18.08.2026 12:00:00 +02:00,12806.04,13666.42
18.08.2026 13:00:00 +02:00,12523.64,13592.04
18.08.2026 14:00:00 +02:00,12607.10,13578.55
18.08.2026 15:00:00 +02:00,12894.80,13657.38
18.08.2026 16:00:00 +02:00,13434.15,13919.22
18.08.2026 17:00:00 +02:00,14910.35,13921.91
18.08.2026 18:00:00 +02:00,16477.15,13834.46
18.08.2026 19:00:00 +02:00,16956.10,13958.03
18.08.2026 20:00:00 +02:00,16976.07,13964.25
18.08.2026 21:00:00 +02:00,16770.06,14031.48
18.08.2026 22:00:00 +02:00,16956.53,13838.53
18.08.2026 23:00:00 +02:00,16174.93,13259.71
19.08.2026 00:00:00 +02:00,15335.38,12666.11
19.08.2026 01:00:00 +02:00,14396.73,12254.04
19.08.2026 02:00:00 +02:00,14112.83,12046.60
19.08.2026 03:00:00 +02:00,13833.18,11996.22
19.08.2026 04:00:00 +02:00,13593.03,11995.40
19.08.2026 05:00:00 +02:00,14266.94,12176.02
19.08.2026 06:00:00 +02:00,15668.93,12920.21
19.08.2026 07:00:00 +02:00,17260.52,13900.12
19.08.2026 08:00:00 +02:00,17770.23,14057.22
19.08.2026 09:00:00 +02:00,16158.84,13923.50
19.08.2026 10:00:00 +02:00,14375.32,13765.64
19.08.2026 11:00:00 +02:00,13045.68,13462.51
19.08.2026 12:00:00 +02:00,12543.06,13472.04
19.08.2026 13:00:00 +02:00,12180.18,13460.64
19.08.2026 14:00:00 +02:00,12674.09,13526.04
19.08.2026 15:00:00 +02:00,12966.44,13507.57
19.08.2026 16:00:00 +02:00,14191.38,13716.68
19.08.2026 17:00:00 +02:00,15908.12,13660.19
19.08.2026 18:00:00 +02:00,17166.65,13631.34
19.08.2026 19:00:00 +02:00,18082.47,13737.86
19.08.2026 20:00:00 +02:00,17986.87,13804.12
19.08.2026 21:00:00 +02:00,18164.27,13931.07
19.08.2026 22:00:00 +02:00,18251.55,13817.00
19.08.2026 23:00:00 +02:00,16570.35,13194.92
20.08.2026 00:00:00 +02:00,15465.03,12663.86
20.08.2026 01:00:00 +02:00,14303.61,12339.87
20.08.2026 02:00:00 +02:00,13771.43,12132.09
20.08.2026 03:00:00 +02:00,13269.44,11978.26
20.08.2026 04:00:00 +02:00,13185.88,11938.87
20.08.2026 05:00:00 +02:00,14368.07,12182.56
20.08.2026 06:00:00 +02:00,16530.78,12951.10
20.08.2026 07:00:00 +02:00,17729.98,13921.40
20.08.2026 08:00:00 +02:00,17038.70,14094.97
20.08.2026 09:00:00 +02:00,15229.37,14022.01
20.08.2026 10:00:00 +02:00,13260.65,13923.66
20.08.2026 11:00:00 +02:00,12279.05,13792.01
20.08.2026 12:00:00 +02:00,11963.11,13723.10
20.08.2026 13:00:00 +02:00,11841.68,13640.33
20.08.2026 14:00:00 +02:00,11799.14,13758.35
20.08.2026 15:00:00 +02:00,12185.69,13900.42
20.08.2026 16:00:00 +02:00,12916.09,14116.71
20.08.2026 17:00:00 +02:00,14327.15,14087.82
20.08.2026 18:00:00 +02:00,16444.90,14042.31
20.08.2026 19:00:00 +02:00,18383.20,14152.18
20.08.2026 20:00:00 +02:00,18710.80,14152.43
20.08.2026 21:00:00 +02:00,18678.60,14200.60
20.08.2026 22:00:00 +02:00,17661.93,13955.16
20.08.2026 23:00:00 +02:00,16431.10,13356.49
21.08.2026 00:00:00 +02:00,15837.08,12870.08
21.08.2026 01:00:00 +02:00,15257.19,12529.90
21.08.2026 02:00:00 +02:00,14735.39,12326.74
21.08.2026 03:00:00 +02:00,14445.41,12166.76
21.08.2026 04:00:00 +02:00,14584.28,12162.91
21.08.2026 05:00:00 +02:00,15331.74,12365.84
21.08.2026 06:00:00 +02:00,16815.70,13036.90
21.08.2026 07:00:00 +02:00,18384.55,14033.98
21.08.2026 08:00:00 +02:00,18248.84,14317.53
21.08.2026 09:00:00 +02:00,16329.01,14153.26
21.08.2026 10:00:00 +02:00,14423.59,14084.74
21.08.2026 11:00:00 +02:00,13633.74,13877.18
21.08.2026 12:00:00 +02:00,13581.50,13693.37
21.08.2026 13:00:00 +02:00,13527.73,13629.64
21.08.2026 14:00:00 +02:00,13738.04,13631.89
21.08.2026 15:00:00 +02:00,14120.69,13593.08
21.08.2026 16:00:00 +02:00,14971.96,13694.38
21.08.2026 17:00:00 +02:00,16383.10,13680.42
21.08.2026 18:00:00 +02:00,17888.39,13692.66
21.08.2026 19:00:00 +02:00,18596.23,13657.83
21.08.2026 20:00:00 +02:00,18583.98,13570.22
21.08.2026 21:00:00 +02:00,18185.99,13476.44
21.08.2026 22:00:00 +02:00,17730.31,13217.84
21.08.2026 23:00:00 +02:00,17021.80,12836.26
22.08.2026 00:00:00 +02:00,16432.53,12502.94
22.08.2026 01:00:00 +02:00,16069.38,12201.70
22.08.2026 02:00:00 +02:00,15973.15,11962.33
22.08.2026 03:00:00 +02:00,15632.52,11810.27
22.08.2026 04:00:00 +02:00,15259.67,11786.95
22.08.2026 05:00:00 +02:00,15116.51,11792.84
22.08.2026 06:00:00 +02:00,15011.95,11855.67
22.08.2026 07:00:00 +02:00,14220.09,12109.59
22.08.2026 08:00:00 +02:00,12986.87,12474.93
22.08.2026 09:00:00 +02:00,11598.92,12824.78
22.08.2026 10:00:00 +02:00,11055.85,13014.09
22.08.2026 11:00:00 +02:00,11377.26,13164.76
22.08.2026 12:00:00 +02:00,11206.08,13132.38
22.08.2026 13:00:00 +02:00,11218.63,13101.19
22.08.2026 14:00:00 +02:00,11068.93,13080.74
22.08.2026 15:00:00 +02:00,10971.42,13138.68
22.08.2026 16:00:00 +02:00,10842.04,13173.35
22.08.2026 17:00:00 +02:00,11200.19,13256.20
22.08.2026 18:00:00 +02:00,12150.73,13281.06
22.08.2026 19:00:00 +02:00,13830.51,13241.98
22.08.2026 20:00:00 +02:00,14617.98,13194.97
22.08.2026 21:00:00 +02:00,14308.34,13198.05
22.08.2026 22:00:00 +02:00,13442.13,12949.14
22.08.2026 23:00:00 +02:00,11933.27,12639.17
23.08.2026 00:00:00 +02:00,11149.15,12290.30
23.08.2026 01:00:00 +02:00,10799.90,12033.31
23.08.2026 02:00:00 +02:00,10477.96,11865.21
23.08.2026 03:00:00 +02:00,10428.06,11798.37
23.08.2026 04:00:00 +02:00,10324.84,11789.06
23.08.2026 05:00:00 +02:00,10357.01,11755.00
23.08.2026 06:00:00 +02:00,10096.33,11723.81
23.08.2026 07:00:00 +02:00,10113.19,11951.23
23.08.2026 08:00:00 +02:00,9195.68,12306.23
23.08.2026 09:00:00 +02:00,9325.26,12664.88
23.08.2026 10:00:00 +02:00,9282.96,12780.08
23.08.2026 11:00:00 +02:00,9127.10,12833.01
23.08.2026 12:00:00 +02:00,9237.24,12788.81
23.08.2026 13:00:00 +02:00,9140.10,12751.30
23.08.2026 14:00:00 +02:00,8992.56,12797.95
23.08.2026 15:00:00 +02:00,9010.89,12908.67
23.08.2026 16:00:00 +02:00,9532.48,13037.07
23.08.2026 17:00:00 +02:00,10565.45,13274.83
23.08.2026 18:00:00 +02:00,13510.15,13494.65
23.08.2026 19:00:00 +02:00,15725.10,13744.29
23.08.2026 20:00:00 +02:00,16718.74,13899.60
23.08.2026 21:00:00 +02:00,16766.81,14005.28
23.08.2026 22:00:00 +02:00,16367.69,13706.12
23.08.2026 23:00:00 +02:00,15353.07,13170.36
24.08.2026 00:00:00 +02:00,14401.49,12644.54
24.08.2026 01:00:00 +02:00,13853.90,12320.66
24.08.2026 02:00:00 +02:00,13360.02,12151.70
24.08.2026 03:00:00 +02:00,13396.50,12069.52
24.08.2026 04:00:00 +02:00,13349.57,12080.30
24.08.2026 05:00:00 +02:00,14389.32,12366.49
24.08.2026 06:00:00 +02:00,15176.14,13177.68
24.08.2026 07:00:00 +02:00,16674.85,14198.72
24.08.2026 08:00:00 +02:00,16451.14,14335.06
24.08.2026 09:00:00 +02:00,13187.91,14211.37
24.08.2026 10:00:00 +02:00,10121.89,13944.04
24.08.2026 11:00:00 +02:00,9513.98,13914.82
24.08.2026 12:00:00 +02:00,9472.53,13751.45
24.08.2026 13:00:00 +02:00,9436.62,13674.07
24.08.2026 14:00:00 +02:00,9389.97,13681.89
24.08.2026 15:00:00 +02:00,9630.69,13762.14
24.08.2026 16:00:00 +02:00,10581.46,13960.92
24.08.2026 17:00:00 +02:00,13411.35,13921.62
24.08.2026 18:00:00 +02:00,15830.10,13946.89
24.08.2026 19:00:00 +02:00,17484.53,14048.77
24.08.2026 20:00:00 +02:00,17676.05,14153.87
24.08.2026 21:00:00 +02:00,17315.68,14209.82
24.08.2026 22:00:00 +02:00,15946.14,13880.47
24.08.2026 23:00:00 +02:00,14064.56,13240.98
25.08.2026 00:00:00 +02:00,13475.66,12616.56
25.08.2026 01:00:00 +02:00,12933.89,12267.02
25.08.2026 02:00:00 +02:00,12402.58,12084.95
25.08.2026 03:00:00 +02:00,12307.69,11988.86
25.08.2026 04:00:00 +02:00,12471.74,11989.65
25.08.2026 05:00:00 +02:00,12856.03,12261.00
25.08.2026 06:00:00 +02:00,14907.36,13051.70
25.08.2026 07:00:00 +02:00,16220.63,14009.23
25.08.2026 08:00:00 +02:00,15395.89,14071.80
25.08.2026 09:00:00 +02:00,12693.31,13800.38
25.08.2026 10:00:00 +02:00,11400.07,13723.71
25.08.2026 11:00:00 +02:00,10055.29,13559.51
25.08.2026 12:00:00 +02:00,9727.45,13469.62
25.08.2026 13:00:00 +02:00,9694.02,13476.88
25.08.2026 14:00:00 +02:00,9840.53,13520.98
25.08.2026 15:00:00 +02:00,10529.50,13722.42
25.08.2026 16:00:00 +02:00,11657.49,13841.91
25.08.2026 17:00:00 +02:00,13769.55,13781.44
25.08.2026 18:00:00 +02:00,16020.26,13843.50
25.08.2026 19:00:00 +02:00,17359.49,13946.33
25.08.2026 20:00:00 +02:00,17387.92,14031.09
25.08.2026 21:00:00 +02:00,16907.54,14075.34
25.08.2026 22:00:00 +02:00,15441.68,13697.92
25.08.2026 23:00:00 +02:00,14270.83,13091.24
26.08.2026 00:00:00 +02:00,14021.77,12546.39
26.08.2026 01:00:00 +02:00,13423.77,12129.03
26.08.2026 02:00:00 +02:00,12970.60,11906.25
26.08.2026 03:00:00 +02:00,12768.93,11763.34
26.08.2026 04:00:00 +02:00,13082.78,11771.19
26.08.2026 05:00:00 +02:00,13776.87,11979.40
26.08.2026 06:00:00 +02:00,16227.55,12689.40
26.08.2026 07:00:00 +02:00,17577.64,13679.20
26.08.2026 08:00:00 +02:00,16776.33,13826.48
26.08.2026 09:00:00 +02:00,15057.34,13706.57
26.08.2026 10:00:00 +02:00,12511.77,13519.16
26.08.2026 11:00:00 +02:00,11660.20,13426.40
26.08.2026 12:00:00 +02:00,10978.92,13389.64
26.08.2026 13:00:00 +02:00,10529.59,13309.02
26.08.2026 14:00:00 +02:00,10406.12,13350.16
26.08.2026 15:00:00 +02:00,11177.51,13444.35
26.08.2026 16:00:00 +02:00,11632.06,13656.78
26.08.2026 17:00:00 +02:00,13933.80,13683.88
26.08.2026 18:00:00 +02:00,15781.91,13699.70
26.08.2026 19:00:00 +02:00,16829.25,13817.19
26.08.2026 20:00:00 +02:00,16962.16,13963.00
26.08.2026 21:00:00 +02:00,16532.42,14009.36
26.08.2026 22:00:00 +02:00,14868.12,13667.78
26.08.2026 23:00:00 +02:00,13581.58,13048.96
27.08.2026 00:00:00 +02:00,13184.56,12536.90
27.08.2026 01:00:00 +02:00,12782.65,12163.67
27.08.2026 02:00:00 +02:00,12446.60,11960.38
27.08.2026 03:00:00 +02:00,12413.29,11855.73
27.08.2026 04:00:00 +02:00,12494.79,11827.80
27.08.2026 05:00:00 +02:00,13001.93,12060.34
27.08.2026 06:00:00 +02:00,14802.59,12788.04
27.08.2026 07:00:00 +02:00,15511.31,13659.48
27.08.2026 08:00:00 +02:00,14437.42,13843.18
27.08.2026 09:00:00 +02:00,11947.84,13759.70
27.08.2026 10:00:00 +02:00,10136.71,13628.07
27.08.2026 11:00:00 +02:00,9508.51,13527.15
27.08.2026 12:00:00 +02:00,9499.82,13471.59
27.08.2026 13:00:00 +02:00,9601.96,13372.68
27.08.2026 14:00:00 +02:00,9759.99,13527.07
27.08.2026 15:00:00 +02:00,9764.30,13632.60
27.08.2026 16:00:00 +02:00,11137.06,13753.49
27.08.2026 17:00:00 +02:00,13206.04,13716.72
27.08.2026 18:00:00 +02:00,14190.34,13680.54
27.08.2026 19:00:00 +02:00,14541.92,13742.84
27.08.2026 20:00:00 +02:00,14909.30,13764.86
27.08.2026 21:00:00 +02:00,14051.72,13897.32
27.08.2026 22:00:00 +02:00,12818.75,13566.03
27.08.2026 23:00:00 +02:00,11240.50,13016.34
28.08.2026 00:00:00 +02:00,10520.67,12530.93
28.08.2026 01:00:00 +02:00,10643.80,12157.19
28.08.2026 02:00:00 +02:00,10920.49,11940.34
28.08.2026 03:00:00 +02:00,10823.53,11855.96
28.08.2026 04:00:00 +02:00,11002.78,11830.97
28.08.2026 05:00:00 +02:00,11851.92,12015.54
28.08.2026 06:00:00 +02:00,13025.65,12633.31
28.08.2026 07:00:00 +02:00,14786.30,13575.27
28.08.2026 08:00:00 +02:00,15316.47,13879.32
28.08.2026 09:00:00 +02:00,15047.61,13961.11
28.08.2026 10:00:00 +02:00,14657.55,14069.76
28.08.2026 11:00:00 +02:00,13752.83,13998.80
28.08.2026 12:00:00 +02:00,13283.02,13954.75
28.08.2026 13:00:00 +02:00,12139.20,13994.31
28.08.2026 14:00:00 +02:00,11852.47,14024.55
28.08.2026 15:00:00 +02:00,12298.78,14032.15
28.08.2026 16:00:00 +02:00,12798.62,14104.56
28.08.2026 17:00:00 +02:00,14358.93,14070.63
28.08.2026 18:00:00 +02:00,15220.31,13983.04
28.08.2026 19:00:00 +02:00,15267.74,13820.84
28.08.2026 20:00:00 +02:00,15049.46,13731.69
28.08.2026 21:00:00 +02:00,14530.99,13499.30
28.08.2026 22:00:00 +02:00,13907.56,13165.22
28.08.2026 23:00:00 +02:00,12213.12,12656.39
29.08.2026 00:00:00 +02:00,11062.04,12380.54
29.08.2026 01:00:00 +02:00,9582.99,11967.06
29.08.2026 02:00:00 +02:00,8580.19,11812.66
29.08.2026 03:00:00 +02:00,8611.97,11736.50
29.08.2026 04:00:00 +02:00,8603.24,11573.30
29.08.2026 05:00:00 +02:00,8553.18,11527.17
29.08.2026 06:00:00 +02:00,8962.36,11490.63
29.08.2026 07:00:00 +02:00,9000.86,11782.02
29.08.2026 08:00:00 +02:00,9242.26,12261.12
29.08.2026 09:00:00 +02:00,9506.58,12716.32
29.08.2026 10:00:00 +02:00,9492.92,12938.66
29.08.2026 11:00:00 +02:00,9558.62,13119.00
29.08.2026 12:00:00 +02:00,9584.90,13112.73
29.08.2026 13:00:00 +02:00,9097.23,12995.26
29.08.2026 14:00:00 +02:00,8953.05,12889.14
29.08.2026 15:00:00 +02:00,8751.48,12797.12
29.08.2026 16:00:00 +02:00,8830.83,12839.50
29.08.2026 17:00:00 +02:00,10274.64,12906.02
29.08.2026 18:00:00 +02:00,12750.36,12987.00
29.08.2026 19:00:00 +02:00,14150.01,12912.59
29.08.2026 20:00:00 +02:00,14229.74,12858.78
29.08.2026 21:00:00 +02:00,14121.07,12761.61
29.08.2026 22:00:00 +02:00,13311.27,12481.45
29.08.2026 23:00:00 +02:00,11375.81,12138.79
30.08.2026 00:00:00 +02:00,9538.91,11835.78
30.08.2026 01:00:00 +02:00,8481.25,11581.00
30.08.2026 02:00:00 +02:00,7946.94,11431.45
30.08.2026 03:00:00 +02:00,7733.42,11335.56
30.08.2026 04:00:00 +02:00,7642.69,11251.90
30.08.2026 05:00:00 +02:00,7507.05,11212.05
30.08.2026 06:00:00 +02:00,7757.51,11207.43
30.08.2026 07:00:00 +02:00,7965.74,11425.37
30.08.2026 08:00:00 +02:00,8179.75,11842.75
30.08.2026 09:00:00 +02:00,8464.08,12202.43
30.08.2026 10:00:00 +02:00,8689.15,12459.30
30.08.2026 11:00:00 +02:00,8735.92,12511.70
30.08.2026 12:00:00 +02:00,8665.92,12552.28
30.08.2026 13:00:00 +02:00,8714.38,12581.90
30.08.2026 14:00:00 +02:00,8663.45,12689.74
30.08.2026 15:00:00 +02:00,8954.25,12774.44
30.08.2026 16:00:00 +02:00,9156.25,12827.98
30.08.2026 17:00:00 +02:00,10423.71,12973.34
30.08.2026 18:00:00 +02:00,13035.15,13118.17
30.08.2026 19:00:00 +02:00,14617.67,13286.86
30.08.2026 20:00:00 +02:00,15377.37,13414.46
30.08.2026 21:00:00 +02:00,15251.00,13344.69
30.08.2026 22:00:00 +02:00,14439.68,13005.30
30.08.2026 23:00:00 +02:00,14240.30,12513.45
31.08.2026 00:00:00 +02:00,14143.08,12075.96
31.08.2026 01:00:00 +02:00,13488.09,11781.09
31.08.2026 02:00:00 +02:00,12724.70,11600.19
31.08.2026 03:00:00 +02:00,12306.42,11504.21
31.08.2026 04:00:00 +02:00,11995.65,11484.67
31.08.2026 05:00:00 +02:00,12179.12,11748.12
31.08.2026 06:00:00 +02:00,13621.30,12500.19
31.08.2026 07:00:00 +02:00,15638.32,13517.13
31.08.2026 08:00:00 +02:00,14764.13,13722.92
31.08.2026 09:00:00 +02:00,12833.10,13716.43
31.08.2026 10:00:00 +02:00,11211.52,13590.57
31.08.2026 11:00:00 +02:00,10867.70,13423.01
31.08.2026 12:00:00 +02:00,10525.78,13298.08
31.08.2026 13:00:00 +02:00,10497.53,13162.21
31.08.2026 14:00:00 +02:00,10841.08,13256.96
31.08.2026 15:00:00 +02:00,11316.82,13378.42
31.08.2026 16:00:00 +02:00,12448.97,13547.12
31.08.2026 17:00:00 +02:00,12888.97,13496.26
31.08.2026 18:00:00 +02:00,14565.58,13494.61
31.08.2026 19:00:00 +02:00,16133.86,13597.12
31.08.2026 20:00:00 +02:00,16782.75,13744.02
31.08.2026 21:00:00 +02:00,16733.22,13789.15
31.08.2026 22:00:00 +02:00,16508.66,13415.87
31.08.2026 23:00:00 +02:00,14600.22,12801.49
01.09.2026 00:00:00 +02:00,13112.03,12243.19
01.09.2026 01:00:00 +02:00,12635.27,11925.62
01.09.2026 02:00:00 +02:00,12480.21,11745.71
01.09.2026 03:00:00 +02:00,12507.65,11623.88
01.09.2026 04:00:00 +02:00,12862.49,11670.96
01.09.2026 05:00:00 +02:00,13737.22,11870.25
01.09.2026 06:00:00 +02:00,15877.11,12625.06
01.09.2026 07:00:00 +02:00,16597.81,13522.82
01.09.2026 08:00:00 +02:00,16187.05,13769.01
01.09.2026 09:00:00 +02:00,14142.25,13719.79
01.09.2026 10:00:00 +02:00,11264.24,13609.76
01.09.2026 11:00:00 +02:00,10089.88,13491.00
01.09.2026 12:00:00 +02:00,10218.14,13333.15
01.09.2026 13:00:00 +02:00,10025.60,13241.37
01.09.2026 14:00:00 +02:00,10253.93,13298.62
01.09.2026 15:00:00 +02:00,10373.43,13490.16
01.09.2026 16:00:00 +02:00,10737.94,13669.07
01.09.2026 17:00:00 +02:00,13296.66,13646.14
01.09.2026 18:00:00 +02:00,16193.69,13698.98
01.09.2026 19:00:00 +02:00,16537.19,13765.89
01.09.2026 20:00:00 +02:00,16714.49,13932.80
01.09.2026 21:00:00 +02:00,16112.55,13903.98
01.09.2026 22:00:00 +02:00,15096.23,13522.57
01.09.2026 23:00:00 +02:00,14025.24,12903.54
02.09.2026 00:00:00 +02:00,12933.50,12325.90
02.09.2026 01:00:00 +02:00,12660.54,11981.57
02.09.2026 02:00:00 +02:00,12569.62,11791.72
02.09.2026 03:00:00 +02:00,12488.45,11668.48
02.09.2026 04:00:00 +02:00,12376.35,11563.37
02.09.2026 05:00:00 +02:00,12444.95,11794.45
02.09.2026 06:00:00 +02:00,13929.08,12519.76
02.09.2026 07:00:00 +02:00,15411.47,13477.70
02.09.2026 08:00:00 +02:00,15489.08,13650.10
02.09.2026 09:00:00 +02:00,14148.09,13484.55
02.09.2026 10:00:00 +02:00,12498.62,13338.29
02.09.2026 11:00:00 +02:00,10863.20,13133.90
02.09.2026 12:00:00 +02:00,10066.12,13210.70
02.09.2026 13:00:00 +02:00,9853.56,13171.04
02.09.2026 14:00:00 +02:00,9938.42,13179.76
02.09.2026 15:00:00 +02:00,10284.49,13162.48
02.09.2026 16:00:00 +02:00,12174.76,13339.51
02.09.2026 17:00:00 +02:00,13376.89,13305.56
02.09.2026 18:00:00 +02:00,14641.78,13322.20
02.09.2026 19:00:00 +02:00,15156.20,13414.12
02.09.2026 20:00:00 +02:00,15282.47,13594.73
02.09.2026 21:00:00 +02:00,15075.06,13599.06
02.09.2026 22:00:00 +02:00,14362.85,13242.18
02.09.2026 23:00:00 +02:00,13879.22,12640.57
03.09.2026 00:00:00 +02:00,13353.60,12316.26
03.09.2026 01:00:00 +02:00,13196.81,11977.00
03.09.2026 02:00:00 +02:00,12413.95,11705.57
03.09.2026 03:00:00 +02:00,11932.97,11550.27
03.09.2026 04:00:00 +02:00,11838.40,11590.61
03.09.2026 05:00:00 +02:00,12431.62,11872.40
03.09.2026 06:00:00 +02:00,13847.23,12661.39
03.09.2026 07:00:00 +02:00,14793.54,13515.67
03.09.2026 08:00:00 +02:00,14749.66,13713.00
03.09.2026 09:00:00 +02:00,12714.49,13485.32
03.09.2026 10:00:00 +02:00,10912.87,13419.00
03.09.2026 11:00:00 +02:00,10451.40,13330.42
03.09.2026 12:00:00 +02:00,10092.95,13270.74
03.09.2026 13:00:00 +02:00,10211.04,13216.62
03.09.2026 14:00:00 +02:00,10386.75,13323.48
03.09.2026 15:00:00 +02:00,10478.72,13460.22
03.09.2026 16:00:00 +02:00,10784.71,13720.17
03.09.2026 17:00:00 +02:00,12029.75,13745.39
03.09.2026 18:00:00 +02:00,14000.75,13718.21
03.09.2026 19:00:00 +02:00,15493.15,13840.60
03.09.2026 20:00:00 +02:00,15822.16,14060.25
03.09.2026 21:00:00 +02:00,15417.63,13982.94
03.09.2026 22:00:00 +02:00,14153.06,13606.71
03.09.2026 23:00:00 +02:00,12804.61,12866.76
04.09.2026 00:00:00 +02:00,11724.15,12518.57
04.09.2026 01:00:00 +02:00,11549.95,12191.00
04.09.2026 02:00:00 +02:00,11769.84,12022.68
04.09.2026 03:00:00 +02:00,11546.38,11927.08
04.09.2026 04:00:00 +02:00,11326.15,11982.69
04.09.2026 05:00:00 +02:00,11533.85,12223.22
04.09.2026 06:00:00 +02:00,12958.40,12991.66
04.09.2026 07:00:00 +02:00,14197.04,13941.76
04.09.2026 08:00:00 +02:00,14154.39,14197.49
04.09.2026 09:00:00 +02:00,13127.19,14160.34
04.09.2026 10:00:00 +02:00,11367.44,13923.14
04.09.2026 11:00:00 +02:00,10933.43,13937.33
04.09.2026 12:00:00 +02:00,10814.80,13722.34
04.09.2026 13:00:00 +02:00,10361.22,13498.84
04.09.2026 14:00:00 +02:00,10276.23,13517.38
04.09.2026 15:00:00 +02:00,10625.97,13603.87
04.09.2026 16:00:00 +02:00,10283.44,13688.96
04.09.2026 17:00:00 +02:00,10597.16,13699.44
04.09.2026 18:00:00 +02:00,11398.82,13665.57
04.09.2026 19:00:00 +02:00,11772.94,13671.89
04.09.2026 20:00:00 +02:00,12067.55,13595.01
04.09.2026 21:00:00 +02:00,11774.18,13388.54
04.09.2026 22:00:00 +02:00,11543.48,13098.76
04.09.2026 23:00:00 +02:00,10638.49,12694.15
05.09.2026 00:00:00 +02:00,10076.28,12322.54
05.09.2026 01:00:00 +02:00,9673.40,12043.84
05.09.2026 02:00:00 +02:00,9727.54,11907.64
05.09.2026 03:00:00 +02:00,9777.62,11722.24
05.09.2026 04:00:00 +02:00,9851.40,11688.32
05.09.2026 05:00:00 +02:00,9748.45,11763.67
05.09.2026 06:00:00 +02:00,10179.79,11883.17
05.09.2026 07:00:00 +02:00,10340.24,12160.72
05.09.2026 08:00:00 +02:00,10196.79,12634.48
05.09.2026 09:00:00 +02:00,10368.92,12927.48
05.09.2026 10:00:00 +02:00,10229.33,13013.46
05.09.2026 11:00:00 +02:00,10037.20,12974.47
05.09.2026 12:00:00 +02:00,9980.69,12771.32
05.09.2026 13:00:00 +02:00,9968.14,12659.31
05.09.2026 14:00:00 +02:00,9871.52,12608.41
05.09.2026 15:00:00 +02:00,9733.60,12600.20
05.09.2026 16:00:00 +02:00,9759.46,12654.68
05.09.2026 17:00:00 +02:00,10222.62,12826.73
05.09.2026 18:00:00 +02:00,11557.64,13021.87
05.09.2026 19:00:00 +02:00,12347.75,13056.52
05.09.2026 20:00:00 +02:00,12679.96,13118.39
05.09.2026 21:00:00 +02:00,12594.79,12986.38
05.09.2026 22:00:00 +02:00,12192.94,12682.90
05.09.2026 23:00:00 +02:00,12084.47,12399.42
06.09.2026 00:00:00 +02:00,11456.54,12092.33
06.09.2026 01:00:00 +02:00,11484.34,11819.73
06.09.2026 02:00:00 +02:00,11329.41,11633.72
06.09.2026 03:00:00 +02:00,11323.65,11555.40
06.09.2026 04:00:00 +02:00,11481.18,11557.43
06.09.2026 05:00:00 +02:00,11668.57,11592.11
06.09.2026 06:00:00 +02:00,11460.55,11608.86
06.09.2026 07:00:00 +02:00,10894.63,11723.25
06.09.2026 08:00:00 +02:00,10105.29,11974.66
06.09.2026 09:00:00 +02:00,8871.18,12254.94
06.09.2026 10:00:00 +02:00,8346.32,12379.88
06.09.2026 11:00:00 +02:00,8025.43,12349.31
06.09.2026 12:00:00 +02:00,7941.60,12319.26
06.09.2026 13:00:00 +02:00,8083.96,12296.33
06.09.2026 14:00:00 +02:00,8276.69,12389.62
06.09.2026 15:00:00 +02:00,8236.45,12553.89
06.09.2026 16:00:00 +02:00,8894.22,12740.50
06.09.2026 17:00:00 +02:00,11120.32,12939.15
06.09.2026 18:00:00 +02:00,14801.69,13198.81
06.09.2026 19:00:00 +02:00,16115.67,13367.43
06.09.2026 20:00:00 +02:00,16419.23,13608.34
06.09.2026 21:00:00 +02:00,16442.49,13531.80
06.09.2026 22:00:00 +02:00,16004.08,13185.16
06.09.2026 23:00:00 +02:00,15338.18,12687.68
07.09.2026 00:00:00 +02:00,14756.94,12123.53
07.09.2026 01:00:00 +02:00,14483.86,11770.46
07.09.2026 02:00:00 +02:00,14349.17,11552.76
07.09.2026 03:00:00 +02:00,14096.16,11470.94
07.09.2026 04:00:00 +02:00,14162.13,11456.58
07.09.2026 05:00:00 +02:00,14807.65,11620.90
07.09.2026 06:00:00 +02:00,15644.21,12392.22
07.09.2026 07:00:00 +02:00,16676.42,13372.55
07.09.2026 08:00:00 +02:00,17039.91,13665.00
07.09.2026 09:00:00 +02:00,16572.01,13735.07
07.09.2026 10:00:00 +02:00,14858.79,13607.23
07.09.2026 11:00:00 +02:00,13455.81,13587.61
07.09.2026 12:00:00 +02:00,12251.12,13567.21
07.09.2026 13:00:00 +02:00,11930.13,13563.82
07.09.2026 14:00:00 +02:00,11660.98,13547.07
07.09.2026 15:00:00 +02:00,11854.45,13650.23
07.09.2026 16:00:00 +02:00,12781.13,13860.73
07.09.2026 17:00:00 +02:00,14580.05,13871.72
07.09.2026 18:00:00 +02:00,15904.65,13827.82
07.09.2026 19:00:00 +02:00,16296.32,13829.53
07.09.2026 20:00:00 +02:00,16306.67,13489.19
07.09.2026 21:00:00 +02:00,15716.59,13670.94
07.09.2026 22:00:00 +02:00,15045.61,13212.76
07.09.2026 23:00:00 +02:00,14452.55,12545.52
08.09.2026 00:00:00 +02:00,13449.01,12011.29
08.09.2026 01:00:00 +02:00,12859.45,11660.45
08.09.2026 02:00:00 +02:00,12106.15,11481.55
08.09.2026 03:00:00 +02:00,12265.92,11426.48
08.09.2026 04:00:00 +02:00,12153.64,11400.66
08.09.2026 05:00:00 +02:00,12229.38,11624.96
08.09.2026 06:00:00 +02:00,13535.06,12444.11
08.09.2026 07:00:00 +02:00,15188.04,13540.96
08.09.2026 08:00:00 +02:00,16028.34,13875.61
08.09.2026 09:00:00 +02:00,14485.45,13772.00
08.09.2026 10:00:00 +02:00,12549.98,13459.58
08.09.2026 11:00:00 +02:00,11675.00,13333.82
08.09.2026 12:00:00 +02:00,10568.45,13224.01
08.09.2026 13:00:00 +02:00,9797.40,13347.24
08.09.2026 14:00:00 +02:00,9732.08,13462.93
08.09.2026 15:00:00 +02:00,9990.16,13654.84
08.09.2026 16:00:00 +02:00,11113.44,13817.35
08.09.2026 17:00:00 +02:00,13920.84,13774.26
08.09.2026 18:00:00 +02:00,15844.89,10391.74
08.09.2026 19:00:00 +02:00,16579.13,13950.18
08.09.2026 20:00:00 +02:00,16878.18,14086.16
08.09.2026 21:00:00 +02:00,16536.86,13892.18
08.09.2026 22:00:00 +02:00,16039.61,13476.76
08.09.2026 23:00:00 +02:00,14761.04,12877.51
09.09.2026 00:00:00 +02:00,13248.03,12385.24
09.09.2026 01:00:00 +02:00,12634.49,12038.54
09.09.2026 02:00:00 +02:00,12399.94,11849.48
09.09.2026 03:00:00 +02:00,12102.84,11771.14
09.09.2026 04:00:00 +02:00,12510.77,11790.46
09.09.2026 05:00:00 +02:00,13261.42,12037.37
09.09.2026 06:00:00 +02:00,15874.84,12895.26
09.09.2026 07:00:00 +02:00,17165.81,13745.64
09.09.2026 08:00:00 +02:00,17403.74,13973.76
09.09.2026 09:00:00 +02:00,15287.28,13757.88
09.09.2026 10:00:00 +02:00,13367.25,13639.49
09.09.2026 11:00:00 +02:00,12716.75,13582.86
09.09.2026 12:00:00 +02:00,13062.03,13483.28
09.09.2026 13:00:00 +02:00,12774.53,13323.00
09.09.2026 14:00:00 +02:00,12717.05,13395.25
09.09.2026 15:00:00 +02:00,12978.71,13695.67
09.09.2026 16:00:00 +02:00,13279.74,13865.11
09.09.2026 17:00:00 +02:00,14751.51,13882.49
09.09.2026 18:00:00 +02:00,17034.84,13992.78
09.09.2026 19:00:00 +02:00,17997.96,14156.20
09.09.2026 20:00:00 +02:00,18065.42,10800.01
09.09.2026 21:00:00 +02:00,17555.77,14256.85
09.09.2026 22:00:00 +02:00,16346.81,13889.66
09.09.2026 23:00:00 +02:00,15539.75,13300.29
10.09.2026 00:00:00 +02:00,14777.91,12821.39
10.09.2026 01:00:00 +02:00,14378.30,12492.26
10.09.2026 02:00:00 +02:00,13931.87,12291.70
10.09.2026 03:00:00 +02:00,14140.63,12248.95
10.09.2026 04:00:00 +02:00,14774.72,12242.09
10.09.2026 05:00:00 +02:00,15913.19,12485.78
10.09.2026 06:00:00 +02:00,16899.62,13484.62
10.09.2026 07:00:00 +02:00,17898.19,14455.94
10.09.2026 08:00:00 +02:00,18386.61,14585.75
10.09.2026 09:00:00 +02:00,17249.26,14370.71
10.09.2026 10:00:00 +02:00,14697.97,14020.16
10.09.2026 11:00:00 +02:00,12851.87,13780.60
10.09.2026 12:00:00 +02:00,12082.15,13693.58
10.09.2026 13:00:00 +02:00,12097.30,13546.03
10.09.2026 14:00:00 +02:00,11598.14,13546.54
10.09.2026 15:00:00 +02:00,11554.38,13626.06
10.09.2026 16:00:00 +02:00,13912.03,13855.87
10.09.2026 17:00:00 +02:00,16813.83,13951.84
10.09.2026 18:00:00 +02:00,18370.15,14022.00
10.09.2026 19:00:00 +02:00,18516.10,14200.98
10.09.2026 20:00:00 +02:00,18522.86,14479.95
10.09.2026 21:00:00 +02:00,18522.23,14402.36
10.09.2026 22:00:00 +02:00,17561.76,14065.71
10.09.2026 23:00:00 +02:00,16971.67,13525.82
